path,category,bytes,sha256,identity,source,currentUses,restoredBy,reason,duplicateGroup,duplicatesActiveImage
assets/faces/kanto_vol1_sheet.png,未使用・フォールバック,4192442,82971a4af524ec444a4827391afc10e4634f5ce2997e92fa0abf4dc6d5646c4f,,,,,旧顔画像シート。代替表示・座標データの整理が先,,False
assets/pokemon/0001_default_full.webp,未使用・復元対象,6476,2f68c028b772de4f42ec7e5d3fd0e4eed28be8a8782659ca555312f82b655cbb,,,,picasso-trim-v326,現在表示から参照なし。受領ZIPから再生成される,,False
assets/pokemon/biblo-v347/0000.webp,使用中,8586,fb963b8bfce91dd27e171820fa8870f6d0f5b4adc3f294226ae16a5b491c13a5,0084_default,084(1).png,0084_default ドードー:顔,biblo-v347,図鑑・ボックス・寝顔、または確認待ちギャラリーから参照,,False
assets/pokemon/biblo-v347/0001.webp,使用中,16584,ac9560a0e7bebb74136669f50684880270b986bdbfc09efa9d50c7841aae61cd,0084_default,84(6).png,0084_default ドードー:全身,biblo-v347,図鑑・ボックス・寝顔、または確認待ちギャラリーから参照,,False
assets/pokemon/biblo-v347/0002.webp,使用中,13222,aa6f376d70fe49191650a1ecd8f35b657afc9029a6e1d889b8179e80656b5e2e,0085_default,085(1).png,0085_default ドードリオ:顔,biblo-v347,図鑑・ボックス・寝顔、または確認待ちギャラリーから参照,,False
assets/pokemon/biblo-v347/0003.webp,使用中,24084,6c091cc664f006d94a142a3527359a0d0900b46fc7c81abbb1ed52e67df7f555,0085_default,85.png,0085_default ドードリオ:全身,biblo-v347,図鑑・ボックス・寝顔、または確認待ちギャラリーから参照,,False
assets/pokemon/biblo-v347/0004.webp,使用中,20300,b03635c3fdc5c5d7d03005b18a7225c3d8dd16447d02e96a6ae2ad054fca24e4,0038_default,38.png,0038_default キュウコン:全身,biblo-v347,図鑑・ボックス・寝顔、または確認待ちギャラリーから参照,,False
assets/pokemon/biblo-v347/0005.webp,使用中,12300,65c7d21e86f2812a3dc011031dd978efb2a77253dace3e9b75b115b4410e9690,0440_default,440(1).png,0440_default ピンプク:全身,biblo-v347,図鑑・ボックス・寝顔、または確認待ちギャラリーから参照,,False
assets/pokemon/biblo-v347/0006.webp,使用中,11386,142d40379ab8dfd9138edbaf7643912f8919ff3795c41508d4ae9404c4133d84,0590_default,590(5).png,0590_default タマゲタケ:顔,biblo-v347,図鑑・ボックス・寝顔、または確認待ちギャラリーから参照,,False
assets/pokemon/biblo-v347/0007.webp,使用中,12068,5a26cfe87413fbe875b8e254d3efd7c364b9a06d1208736f7ceb1b0c1433ee77,0590_default,590(3).png,0590_default タマゲタケ:全身,biblo-v347,図鑑・ボックス・寝顔、または確認待ちギャラリーから参照,,False
assets/pokemon/biblo-v347/0008.webp,使用中,13752,f33e409ea0b9662f49d759e34ab8f7b53b8271d66cd4868d73f49cbbf73191d5,0591_default,591.png,0591_default モロバレル:顔,biblo-v347,図鑑・ボックス・寝顔、または確認待ちギャラリーから参照,,False
assets/pokemon/biblo-v347/0009.webp,使用中,20234,e31e2bb47b78988407667d91a85a6515d81cf505f6c140d3c0b678d25c50d9ae,0591_default,591(1).png,0591_default モロバレル:全身,biblo-v347,図鑑・ボックス・寝顔、または確認待ちギャラリーから参照,,False
assets/pokemon/biblo-v347/0010.webp,使用中,36654,0eb1f4de56995c6ac0939f6a8d7e8ce79354f4aec652c632f5ccc5eb7dda7073,0025_halloween_23,pikachu_halloween.png,0025_halloween_23 ピカチュウ(ハロウィン・2025の帽子):顔,biblo-v347,図鑑・ボックス・寝顔、または確認待ちギャラリーから参照,,False
assets/pokemon/biblo-v347/0011.webp,使用中,39048,0b7e104d2c35f1660fecdd53fa6c92932f739b510e0a9a1fed601818e9147b6b,0025_halloween_24,pikachu_halloween_2024.png,0025_halloween_24 ピカチュウ(ハロウィン・2024の帽子):顔,biblo-v347,図鑑・ボックス・寝顔、または確認待ちギャラリーから参照,,False
assets/pokemon/biblo-v347/0012.webp,使用中,32196,82dfea1d82a02dd221b92080b2c6aca1965b3b2bdbe20423bda11d6157645ccf,0025_holiday,pikachu_festivo.png,0025_holiday ピカチュウ(ホリデー):顔,biblo-v347,図鑑・ボックス・寝顔、または確認待ちギャラリーから参照,,False
assets/pokemon/biblo-v347/0013.webp,使用中,36726,2c1aa237a6be23aae2bb744eaaccb012b88aa2d238ba614353bdc97711efcc06,0025_captain,pikachu_capitan.png,0025_captain ピカチュウ(キャプテン):顔,biblo-v347,図鑑・ボックス・寝顔、または確認待ちギャラリーから参照,,False
assets/pokemon/biblo-v347/0014.webp,使用中,41540,42bf10c8e9b81596c8faed6c6a4d792ad215310270525f1cf5b5e4485b27b724,0133_halloween,eevee_halloween.png,0133_halloween イーブイ(ハロウィン):顔,biblo-v347,図鑑・ボックス・寝顔、または確認待ちギャラリーから参照,,False
assets/pokemon/biblo-v347/0015.webp,使用中,29776,980774bcdb57916ab329c2d25c99b0ef88cf5e5eb1ec515ed630743814c0736f,0133_holiday,eevee_festivo.png,0133_holiday イーブイ(ホリデー):顔,biblo-v347,図鑑・ボックス・寝顔、または確認待ちギャラリーから参照,,False
assets/pokemon/biblo-v347/0016.webp,使用中,42846,334eb2fde020dfe1ba90e83643ee6d438871b0d757e1e625ac5aace0d17d96ad,0363_holiday,spheal_festivo.png,0363_holiday タマザラシ(ホリデー):顔,biblo-v347,図鑑・ボックス・寝顔、または確認待ちギャラリーから参照,,False
assets/pokemon/picasso-v340/0001_default/face.webp,使用中,25814,f9d50e563b59f3be53a8429b11c62beafc1afb40c4097c4d2c22f4996cd1d3bc,0001_default,001.png,0001_default フシギダネ:顔,picasso-standard-v340,図鑑・ボックス・寝顔、または確認待ちギャラリーから参照,,False
assets/pokemon/picasso-v340/0001_default/full.webp,使用中,29734,bb225a83d42e0c418a2a1aea830840db59304850265646eca873769158b9060a,0001_default,1(4).png,0001_default フシギダネ:全身,picasso-standard-v340,図鑑・ボックス・寝顔、または確認待ちギャラリーから参照,,False
assets/pokemon/picasso-v340/0002_default/face.webp,使用中,33696,9b445f1e3ba3c0f59b7aeded6e72bd5f0a9e5d2f3632e4e037159fa8d656f718,0002_default,002.png,0002_default フシギソウ:顔,picasso-standard-v340,図鑑・ボックス・寝顔、または確認待ちギャラリーから参照,,False
assets/pokemon/picasso-v340/0002_default/full.webp,使用中,33324,9d21e0baa31a4c1c4869502c844bc066ad9cbef549cd6dc72e08bbe601f3c568,0002_default,2.png,0002_default フシギソウ:全身,picasso-standard-v340,図鑑・ボックス・寝顔、または確認待ちギャラリーから参照,,False
assets/pokemon/picasso-v340/0003_default/face.webp,使用中,45560,ea8d2d48eb462b0720e041537392664e9250694a5c9150619a8e9a0f1d860b01,0003_default,003.png,0003_default フシギバナ:顔,picasso-standard-v340,図鑑・ボックス・寝顔、または確認待ちギャラリーから参照,,False
assets/pokemon/picasso-v340/0003_default/full.webp,使用中,44148,e9642da81ef3c83600c1d4bb9ece1e920e7fe79b7be09bd56fc8d90272bcba1a,0003_default,3.png,0003_default フシギバナ:全身,picasso-standard-v340,図鑑・ボックス・寝顔、または確認待ちギャラリーから参照,,False
assets/pokemon/picasso-v340/0004_default/face.webp,使用中,27720,41dddb0fcf39661a9fdbca7e76cf9e8bbe73443f288435aa42e01eab3a2b64dd,0004_default,004.png,0004_default ヒトカゲ:顔,picasso-standard-v340,図鑑・ボックス・寝顔、または確認待ちギャラリーから参照,,False
assets/pokemon/picasso-v340/0004_default/full.webp,使用中,29572,10fbca4611fb0e7b9fb794963eb5d3d1a2ba284001923853e8b81318b126e6f3,0004_default,4.png,0004_default ヒトカゲ:全身,picasso-standard-v340,図鑑・ボックス・寝顔、または確認待ちギャラリーから参照,,False
assets/pokemon/picasso-v340/0005_default/face.webp,使用中,25542,80b3f337bc5084b65170add73f365bd79c00da20965bc19a2641b18e023ef1f9,0005_default,005.png,0005_default リザード:顔,picasso-standard-v340,図鑑・ボックス・寝顔、または確認待ちギャラリーから参照,,False
assets/pokemon/picasso-v340/0005_default/full.webp,使用中,28032,490396501fc7a6ab9e8e2430eb7fa4e7622cf82b58805b8bdb167b8b730cf561,0005_default,5.png,0005_default リザード:全身,picasso-standard-v340,図鑑・ボックス・寝顔、または確認待ちギャラリーから参照,,False
assets/pokemon/picasso-v340/0006_default/face.webp,使用中,30718,8bed6c064162df069e77923ee3b3c228f5980cabb5d1b405ba9ecd85240ce618,0006_default,006.png,0006_default リザードン:顔,picasso-standard-v340,図鑑・ボックス・寝顔、または確認待ちギャラリーから参照,,False
assets/pokemon/picasso-v340/0006_default/full.webp,使用中,37472,b24d3729fb92c213598ebd52d30780934116c69c0496e742ff640bb4a5cb27ae,0006_default,6.png,0006_default リザードン:全身,picasso-standard-v340,図鑑・ボックス・寝顔、または確認待ちギャラリーから参照,,False
assets/pokemon/picasso-v340/0007_default/face.webp,使用中,26536,ac5974b27fe668d83ff05aa32d16133c8173c7450afee439786ea5cd1eaf0980,0007_default,007.png,0007_default ゼニガメ:顔,picasso-standard-v340,図鑑・ボックス・寝顔、または確認待ちギャラリーから参照,,False
assets/pokemon/picasso-v340/0007_default/full.webp,使用中,31568,bd100c9cda3e973c439b58c7090f3c2aa0c52ddf8aacfab6f18d1fb70e51a7fe,0007_default,7.png,0007_default ゼニガメ:全身,picasso-standard-v340,図鑑・ボックス・寝顔、または確認待ちギャラリーから参照,,False
assets/pokemon/picasso-v340/0008_default/face.webp,使用中,28676,57d991befed674caa915cbeaf9f14ad09b1fe99507f1248227e659db6a2f532e,0008_default,008.png,0008_default カメール:顔,picasso-standard-v340,図鑑・ボックス・寝顔、または確認待ちギャラリーから参照,,False
assets/pokemon/picasso-v340/0008_default/full.webp,使用中,30384,7f2426a00f7974874530e5db09be0ae69a49297ce4bcef32eb108fef987a0777,0008_default,8.png,0008_default カメール:全身,picasso-standard-v340,図鑑・ボックス・寝顔、または確認待ちギャラリーから参照,,False
assets/pokemon/picasso-v340/0009_default/face.webp,使用中,31008,e9fc84affe0a285c7e0ee821edecfbc0743422370a01b851a7cd1d4d132a6d53,0009_default,009.png,0009_default カメックス:顔,picasso-standard-v340,図鑑・ボックス・寝顔、または確認待ちギャラリーから参照,,False
assets/pokemon/picasso-v340/0009_default/full.webp,使用中,37722,9fdfcac2fc525e32e6e9dc0ff03d4ad6c2434ed6e38f745bb6fb534098b0705d,0009_default,9.png,0009_default カメックス:全身,picasso-standard-v340,図鑑・ボックス・寝顔、または確認待ちギャラリーから参照,,False
assets/pokemon/picasso-v340/0010_default/face.webp,使用中,29222,ed557b0ce2c019bc8240b5cd8986099bd2aad7578978e171ac834e17a787b3dd,0010_default,010.png,0010_default キャタピー:顔,picasso-standard-v340,図鑑・ボックス・寝顔、または確認待ちギャラリーから参照,,False
assets/pokemon/picasso-v340/0010_default/full.webp,使用中,26212,6f0ad3bded1a803c31d06db868f0f23c060807c16fcb1c253bfe5da378ca4ebc,0010_default,10.png,0010_default キャタピー:全身,picasso-standard-v340,図鑑・ボックス・寝顔、または確認待ちギャラリーから参照,,False
assets/pokemon/picasso-v340/0011_default/face.webp,使用中,23932,a39dbd418865b5a1cabf978e165b35cb43bfab689f3cacfa148453a5462e618c,0011_default,011.png,0011_default トランセル:顔,picasso-standard-v340,図鑑・ボックス・寝顔、または確認待ちギャラリーから参照,,False
assets/pokemon/picasso-v340/0011_default/full.webp,使用中,23996,958a0fd002ba7d6b581df6d266f18fdcd4000a5c3de543d872cb60c610e12d40,0011_default,11.png,0011_default トランセル:全身,picasso-standard-v340,図鑑・ボックス・寝顔、または確認待ちギャラリーから参照,,False
assets/pokemon/picasso-v340/0012_default/face.webp,使用中,35706,d11fdd6d8e1dcf7848fe6c50eb84af1c3459c650eeccaec4b450d6a67ee5ba0c,0012_default,012.png,0012_default バタフリー:顔,picasso-standard-v340,図鑑・ボックス・寝顔、または確認待ちギャラリーから参照,,False
assets/pokemon/picasso-v340/0012_default/full.webp,使用中,38632,f0d448d2b7aafa76a8458b59d941d18529f6ddd21b2f275e2a528efb0a1b3b4d,0012_default,12.png,0012_default バタフリー:全身,picasso-standard-v340,図鑑・ボックス・寝顔、または確認待ちギャラリーから参照,,False
assets/pokemon/picasso-v340/0019_default/face.webp,使用中,29928,dd1a99d313bdfe6fa37043e5e0cebc17e4ed5d82f13a61c444e44c9dfc703b52,0019_default,019.png,0019_default コラッタ:顔,picasso-standard-v340,図鑑・ボックス・寝顔、または確認待ちギャラリーから参照,,False
assets/pokemon/picasso-v340/0019_default/full.webp,使用中,27948,7ec9a57276ed3deaec81a9b3906bab5feb01a37fa61462e0404d5ba98f4ba7c9,0019_default,19.png,0019_default コラッタ:全身,picasso-standard-v340,図鑑・ボックス・寝顔、または確認待ちギャラリーから参照,,False
assets/pokemon/picasso-v340/0020_default/face.webp,使用中,39888,80a9bcb6c8be3727a17ccd6239b4189104a1ca60ee18b5099f8aa037599f37a0,0020_default,020.png,0020_default ラッタ:顔,picasso-standard-v340,図鑑・ボックス・寝顔、または確認待ちギャラリーから参照,,False
assets/pokemon/picasso-v340/0020_default/full.webp,使用中,38866,f9928885dffeed84d80bc2e456cabccfa14184692c84837a07902d242bea702a,0020_default,20.png,0020_default ラッタ:全身,picasso-standard-v340,図鑑・ボックス・寝顔、または確認待ちギャラリーから参照,,False
assets/pokemon/picasso-v340/0023_default/face.webp,使用中,25208,ea1730c73efa47e3d5c6f859da5bdeb306f8605fa71dc7ba214d24c1e21b999e,0023_default,023.png,0023_default アーボ:顔,picasso-standard-v340,図鑑・ボックス・寝顔、または確認待ちギャラリーから参照,,False
assets/pokemon/picasso-v340/0023_default/full.webp,使用中,26228,3b26f73a3f8b6ac280576a0c4e50180d51dae7d7f9bc5f0be9718dd23ee52c9e,0023_default,23.png,0023_default アーボ:全身,picasso-standard-v340,図鑑・ボックス・寝顔、または確認待ちギャラリーから参照,,False
assets/pokemon/picasso-v340/0024_default/face.webp,使用中,29668,55af3db33d8949d89863ccccbf85e4bb261665b9c6dea6e098a288dca3c2ef8f,0024_default,024.png,0024_default アーボック:顔,picasso-standard-v340,図鑑・ボックス・寝顔、または確認待ちギャラリーから参照,,False
assets/pokemon/picasso-v340/0024_default/full.webp,使用中,26592,c56e0911ecf6bc7d5901a5c1d893668bdda9fc37e3dd2254e08c035856da1c40,0024_default,24.png,0024_default アーボック:全身,picasso-standard-v340,図鑑・ボックス・寝顔、または確認待ちギャラリーから参照,,False
assets/pokemon/picasso-v340/0025_captain/full.webp,使用中,30606,3867e60de1e23f6e60baa20c0fbbb06c1a22e2f6d96dfaac10f6a65927568733,0025_captain,25-captain.png,0025_captain ピカチュウ(キャプテン):全身,picasso-standard-v340,図鑑・ボックス・寝顔、または確認待ちギャラリーから参照,,False
assets/pokemon/picasso-v340/0025_default/face.webp,使用中,25680,7e662ad6c07e6389193680d77e06fb4bcd3b4b906a0069a7f2b19516bc5abd4f,0025_default,025.png,0025_default ピカチュウ:顔,picasso-standard-v340,図鑑・ボックス・寝顔、または確認待ちギャラリーから参照,,False
assets/pokemon/picasso-v340/0025_default/full.webp,使用中,30320,fc6bbe8c05f7805f85f71cd47d2886aa82a9b7c0bf2c64a4644a4124bac00f15,0025_default,25.png,0025_default ピカチュウ:全身,picasso-standard-v340,図鑑・ボックス・寝顔、または確認待ちギャラリーから参照,,False
assets/pokemon/picasso-v340/0025_halloween_23/full.webp,使用中,34914,659791317b8db9a17be4cddc6435a5e62267329807390804881af015fc673ded,0025_halloween_23,25-halloween.png,0025_halloween_23 ピカチュウ(ハロウィン・2025の帽子):全身,picasso-standard-v340,図鑑・ボックス・寝顔、または確認待ちギャラリーから参照,,False
assets/pokemon/picasso-v340/0025_halloween_24/full.webp,使用中,36584,c308df9dcba20fc3c62b7c7ec16fac9d86fde9aaff149177459669cf42e6418e,0025_halloween_24,25-halloween2024.png,0025_halloween_24 ピカチュウ(ハロウィン・2024の帽子):全身,picasso-standard-v340,図鑑・ボックス・寝顔、または確認待ちギャラリーから参照,,False
assets/pokemon/picasso-v340/0025_holiday/full.webp,使用中,30492,cfcd292c947ed3a7d5c5f8d610a772071fe550cdee207bba9477d7ea8287de6a,0025_holiday,25-holiday.png,0025_holiday ピカチュウ(ホリデー):全身,picasso-standard-v340,図鑑・ボックス・寝顔、または確認待ちギャラリーから参照,,False
assets/pokemon/picasso-v340/0026_default/face.webp,使用中,27742,e685820d13ecd06b151d94b052956cac7fe3fdab5b477547e88f0c99c85979eb,0026_default,026.png,0026_default ライチュウ:顔,picasso-standard-v340,図鑑・ボックス・寝顔、または確認待ちギャラリーから参照,,False
assets/pokemon/picasso-v340/0026_default/full.webp,使用中,25696,38cd79145cd44295d0299808a0b6e7eeb19e4eaa9c1be1cf2154c6fbdc858a15,0026_default,26(6).png,0026_default ライチュウ:全身,picasso-standard-v340,図鑑・ボックス・寝顔、または確認待ちギャラリーから参照,,False
assets/pokemon/picasso-v340/0027_default/face.webp,使用中,37016,b07063434d00f341a9e630f83b1d52f882be707d9276895823a8e2a983b9a1a3,0027_default,027(1).png,0027_default サンド:顔,picasso-standard-v340,図鑑・ボックス・寝顔、または確認待ちギャラリーから参照,,False
assets/pokemon/picasso-v340/0027_default/full.webp,使用中,36974,03edeab32f3e5a629e80b90f01941fbc74104d8ffca4ae0a38cbe4ea0f476a65,0027_default,27(20261003-121244).png,0027_default サンド:全身,picasso-standard-v340,図鑑・ボックス・寝顔、または確認待ちギャラリーから参照,,False
assets/pokemon/picasso-v340/0028_default/face.webp,使用中,32590,91ea19d9d2369edcc0fb3c1e47a9e0eec1b864b369c54549d92f7e8e9fcb7787,0028_default,028(1).png,0028_default サンドパン:顔,picasso-standard-v340,図鑑・ボックス・寝顔、または確認待ちギャラリーから参照,,False
assets/pokemon/picasso-v340/0028_default/full.webp,使用中,38186,00681b7cf555db7740cf6548be88d7e947277a77d526c178ccbcc6c877125541,0028_default,28(5).png,0028_default サンドパン:全身,picasso-standard-v340,図鑑・ボックス・寝顔、または確認待ちギャラリーから参照,,False
assets/pokemon/picasso-v340/0035_default/face.webp,使用中,23012,fd4d45ac5c3054b5846aa761c04455b05da0d1d81e3ca1198d687143864db386,0035_default,035.png,0035_default ピッピ:顔,picasso-standard-v340,図鑑・ボックス・寝顔、または確認待ちギャラリーから参照,,False
assets/pokemon/picasso-v340/0035_default/full.webp,使用中,28474,acd7e919e17e48891a8a464aaad30e2ff47653aef83aa264041f6b7e5def6702,0035_default,35.png,0035_default ピッピ:全身,picasso-standard-v340,図鑑・ボックス・寝顔、または確認待ちギャラリーから参照,,False
assets/pokemon/picasso-v340/0036_default/face.webp,使用中,21112,4c9b7768ee85d4510ceb4630d3db7d8d2ba329ef85ff7c3d3509a3a93d148fc8,0036_default,036.png,0036_default ピクシー:顔,picasso-standard-v340,図鑑・ボックス・寝顔、または確認待ちギャラリーから参照,,False
assets/pokemon/picasso-v340/0036_default/full.webp,使用中,24418,00edbc599c57e8076f3de6c2149f8f60845de00d2a8f58304a28196cb290ee9f,0036_default,36.png,0036_default ピクシー:全身,picasso-standard-v340,図鑑・ボックス・寝顔、または確認待ちギャラリーから参照,,False
assets/pokemon/picasso-v340/0037_alola/face.webp,使用中,25720,39aaf76e7eb1aaae6e8e4a7cabc3c47b7fcb36feb14de0568c05889747a7b7f1,0037_alola,037-alolanvulpix.png,0037_alola ロコン(アローラ):顔,picasso-standard-v340,図鑑・ボックス・寝顔、または確認待ちギャラリーから参照,,False
assets/pokemon/picasso-v340/0037_alola/full.webp,使用中,24556,a58d44eeeb8a8a3a405953d152af5e4773cf4e16158cb78aefa29bc843ba3a31,0037_alola,37-alolanvulpix.png,0037_alola ロコン(アローラ):全身,picasso-standard-v340,図鑑・ボックス・寝顔、または確認待ちギャラリーから参照,,False
assets/pokemon/picasso-v340/0037_default/face.webp,使用中,25128,b4d878ae0e31e38a40f741a2418321bec4befb56254496be9ca3fd02ddd17be4,0037_default,037.png,0037_default ロコン:顔,picasso-standard-v340,図鑑・ボックス・寝顔、または確認待ちギャラリーから参照,,False
assets/pokemon/picasso-v340/0037_default/full.webp,使用中,30992,67fc0a37bc5d406d67d7d0219cd146c37d5de5dd866a529728f8da447414ff4c,0037_default,37.png,0037_default ロコン:全身,picasso-standard-v340,図鑑・ボックス・寝顔、または確認待ちギャラリーから参照,,False
assets/pokemon/picasso-v340/0038_alola/face.webp,使用中,25122,75c29b7242231a7f6cea680ecfd05157d0f5872c310844c20cffe3915091fbfe,0038_alola,038-alolanninetales.png,0038_alola キュウコン(アローラ):顔,picasso-standard-v340,図鑑・ボックス・寝顔、または確認待ちギャラリーから参照,,False
assets/pokemon/picasso-v340/0038_alola/full.webp,使用中,23762,2f4fb80e0c28061da76fed0e2f85c63b09b1960e209334d4019044e154b4a7ad,0038_alola,38-alolanninetales.png,0038_alola キュウコン(アローラ):全身,picasso-standard-v340,図鑑・ボックス・寝顔、または確認待ちギャラリーから参照,,False
assets/pokemon/picasso-v340/0038_default/face.webp,使用中,18642,b417ba75b229aec251233756043ede3def1254b7f1c963f0f2893fc0c28125b2,0038_default,038.png,0038_default キュウコン:顔,picasso-standard-v340,図鑑・ボックス・寝顔、または確認待ちギャラリーから参照,,False
assets/pokemon/picasso-v340/0039_default/face.webp,使用中,25338,2cdea2da5a94fe94077211eaf9965caec410d45aff0951bd304d05673a1fa18e,0039_default,039.png,0039_default プリン:顔,picasso-standard-v340,図鑑・ボックス・寝顔、または確認待ちギャラリーから参照,,False
assets/pokemon/picasso-v340/0039_default/full.webp,使用中,29622,a8cc9c26e513b6b977b9d25582b3ee8844d74230f7076151f23820884e224091,0039_default,39.png,0039_default プリン:全身,picasso-standard-v340,図鑑・ボックス・寝顔、または確認待ちギャラリーから参照,,False
assets/pokemon/picasso-v340/0040_default/face.webp,使用中,23426,bf4dc8d0dc25ec20dcd80f844c272b2172fca382fb413969dce59a55913e0dd8,0040_default,040.png,0040_default プクリン:顔,picasso-standard-v340,図鑑・ボックス・寝顔、または確認待ちギャラリーから参照,,False
assets/pokemon/picasso-v340/0040_default/full.webp,使用中,27160,0e60a8799fd9af5aa0ccf7d6563385a27733f867a01401d5982f8440f93538ee,0040_default,40.png,0040_default プクリン:全身,picasso-standard-v340,図鑑・ボックス・寝顔、または確認待ちギャラリーから参照,,False
assets/pokemon/picasso-v340/0050_default/face.webp,使用中,22036,7a390e17e0e39def60876a4056474fe4a5b2869bd06005c3d0964d36e4b8bc66,0050_default,050.png,0050_default ディグダ:顔,picasso-standard-v340,図鑑・ボックス・寝顔、または確認待ちギャラリーから参照,,False
assets/pokemon/picasso-v340/0050_default/full.webp,使用中,26482,3ddd2eacc9a215e56440cb8d7fcd106dbcca4b1f9fb37b4c2ee1f3526dc6a96c,0050_default,50.png,0050_default ディグダ:全身,picasso-standard-v340,図鑑・ボックス・寝顔、または確認待ちギャラリーから参照,,False
assets/pokemon/picasso-v340/0051_default/face.webp,使用中,27348,5ef22f980c7a9e31ba151bcc85e944d7983d44b4284c0838d51ea7325d2d3864,0051_default,051.png,0051_default ダグトリオ:顔,picasso-standard-v340,図鑑・ボックス・寝顔、または確認待ちギャラリーから参照,,False
assets/pokemon/picasso-v340/0051_default/full.webp,使用中,31114,d4dc657e2877323e13c2ab6fa082eef2296787d7ad65a583961d3ae7a4757b42,0051_default,51.png,0051_default ダグトリオ:全身,picasso-standard-v340,図鑑・ボックス・寝顔、または確認待ちギャラリーから参照,,False
assets/pokemon/picasso-v340/0052_default/face.webp,使用中,37492,61a770135fc6d5de1a061b3c43ff27f9ee95ac3aeaf277a82a28a2846e023582,0052_default,052.png,0052_default ニャース:顔,picasso-standard-v340,図鑑・ボックス・寝顔、または確認待ちギャラリーから参照,,False
assets/pokemon/picasso-v340/0052_default/full.webp,使用中,37158,2f31bcae847352d510899b66b68a79193b5799fd9b74a07a58dbd95d3c386a8f,0052_default,52.png,0052_default ニャース:全身,picasso-standard-v340,図鑑・ボックス・寝顔、または確認待ちギャラリーから参照,,False
assets/pokemon/picasso-v340/0053_default/face.webp,使用中,27350,38257d7b082248ff2fe7d1b9dcf0ae1e8e7f6450ff8210222adfa1b0661cebda,0053_default,053.png,0053_default ペルシアン:顔,picasso-standard-v340,図鑑・ボックス・寝顔、または確認待ちギャラリーから参照,,False
assets/pokemon/picasso-v340/0053_default/full.webp,使用中,38124,23e6c045eed69696b67dee57e1a7e241b1b1dcaaebacdc9ea256cdc6a6d980d8,0053_default,53(1).png,0053_default ペルシアン:全身,picasso-standard-v340,図鑑・ボックス・寝顔、または確認待ちギャラリーから参照,,False
assets/pokemon/picasso-v340/0054_default/face.webp,使用中,19242,bc7b560f6365f9bdb2ae87640cf58407f99b3be5ca3a908e2c8ed5e70793261b,0054_default,054.png,0054_default コダック:顔,picasso-standard-v340,図鑑・ボックス・寝顔、または確認待ちギャラリーから参照,,False
assets/pokemon/picasso-v340/0054_default/full.webp,使用中,22322,bf2b92fe1173ff9a9585cf534de30ecd5dd1fcb03929788afdcda8d70ade5e8d,0054_default,54.png,0054_default コダック:全身,picasso-standard-v340,図鑑・ボックス・寝顔、または確認待ちギャラリーから参照,,False
assets/pokemon/picasso-v340/0055_default/face.webp,使用中,24486,ee92dedcc6e90397637595b0593b8718a1c824c7eacc3ac194a3c087925157f2,0055_default,055.png,0055_default ゴルダック:顔,picasso-standard-v340,図鑑・ボックス・寝顔、または確認待ちギャラリーから参照,,False
assets/pokemon/picasso-v340/0055_default/full.webp,使用中,29124,ed3243bc90785cedc4a27cbbdd1885801774de00b51874682378a516568d832b,0055_default,55.png,0055_default ゴルダック:全身,picasso-standard-v340,図鑑・ボックス・寝顔、または確認待ちギャラリーから参照,,False
assets/pokemon/picasso-v340/0056_default/face.webp,使用中,28342,2e9215c341ceb675fd581092a17fdebf9f78301f7e69fd233c70747b1b3fc534,0056_default,056.png,0056_default マンキー:顔,picasso-standard-v340,図鑑・ボックス・寝顔、または確認待ちギャラリーから参照,,False
assets/pokemon/picasso-v340/0056_default/full.webp,使用中,30018,424c0a689f88e9eeb93775a7a8d6c9b941ee0a597f1e36ca244782a33184cbc6,0056_default,56.png,0056_default マンキー:全身,picasso-standard-v340,図鑑・ボックス・寝顔、または確認待ちギャラリーから参照,,False
assets/pokemon/picasso-v340/0057_default/face.webp,使用中,28416,8a87b041b80ed8f2df654300f0811ca1d8234a00bc74da72c17371de46741b69,0057_default,057.png,0057_default オコリザル:顔,picasso-standard-v340,図鑑・ボックス・寝顔、または確認待ちギャラリーから参照,,False
assets/pokemon/picasso-v340/0057_default/full.webp,使用中,32676,3c87b03492fe4e5f7fabdc85d944a2e7779ba26da28b0c72c8b99e2e51822068,0057_default,57.png,0057_default オコリザル:全身,picasso-standard-v340,図鑑・ボックス・寝顔、または確認待ちギャラリーから参照,,False
assets/pokemon/picasso-v340/0058_default/face.webp,使用中,27232,9bf53328aa89de5e2e1e9e29d4c0fecc203c5e183fa569c9fa3180a6a5193568,0058_default,058.png,0058_default ガーディ:顔,picasso-standard-v340,図鑑・ボックス・寝顔、または確認待ちギャラリーから参照,,False
assets/pokemon/picasso-v340/0058_default/full.webp,使用中,38550,bc0bddb9b51f2db1cd0270b2351bd1b8cb72fca25372aec7018cccc4ae24b8d7,0058_default,58.png,0058_default ガーディ:全身,picasso-standard-v340,図鑑・ボックス・寝顔、または確認待ちギャラリーから参照,,False
assets/pokemon/picasso-v340/0059_default/face.webp,使用中,29980,a56cf9d07434a40736e8f043c2af3a0e0eef448318893eb3676d32c6c5417545,0059_default,059.png,0059_default ウインディ:顔,picasso-standard-v340,図鑑・ボックス・寝顔、または確認待ちギャラリーから参照,,False
assets/pokemon/picasso-v340/0059_default/full.webp,使用中,39732,f44562087e07da7565fdf7a92d1c2ca93c3ecac4c8647bddfbbc9826d4e7be12,0059_default,59.png,0059_default ウインディ:全身,picasso-standard-v340,図鑑・ボックス・寝顔、または確認待ちギャラリーから参照,,False
assets/pokemon/picasso-v340/0069_default/face.webp,使用中,21700,c945bfb007ded4ae0440cf5b05299ab93d0b252bbaae852faa277791284c126f,0069_default,069.png,0069_default マダツボミ:顔,picasso-standard-v340,図鑑・ボックス・寝顔、または確認待ちギャラリーから参照,,False
assets/pokemon/picasso-v340/0069_default/full.webp,使用中,28932,43700cbf27550650308e64932f26379cb0f43b2341aa5f757aa85dc4f1e453d3,0069_default,69.png,0069_default マダツボミ:全身,picasso-standard-v340,図鑑・ボックス・寝顔、または確認待ちギャラリーから参照,,False
assets/pokemon/picasso-v340/0070_default/face.webp,使用中,21396,09f051c8145edaba154139df02f54988ef21ba4f14c5c88de0d609475802378e,0070_default,070.png,0070_default ウツドン:顔,picasso-standard-v340,図鑑・ボックス・寝顔、または確認待ちギャラリーから参照,,False
assets/pokemon/picasso-v340/0070_default/full.webp,使用中,20068,2f12c6647f2d5ce866857ff9a701902f3ebf2dbf3d1945a58f294d41fcde9831,0070_default,70.png,0070_default ウツドン:全身,picasso-standard-v340,図鑑・ボックス・寝顔、または確認待ちギャラリーから参照,,False
assets/pokemon/picasso-v340/0071_default/face.webp,使用中,24668,cbec34e076948fdc9035723240ab9f0138caa588e0ff16790206659058382c52,0071_default,071.png,0071_default ウツボット:顔,picasso-standard-v340,図鑑・ボックス・寝顔、または確認待ちギャラリーから参照,,False
assets/pokemon/picasso-v340/0071_default/full.webp,使用中,20714,ef09438945ebdf37071c78230a0b316f0fc69de8c20ef09a3bdb3cfe89452a61,0071_default,71.png,0071_default ウツボット:全身,picasso-standard-v340,図鑑・ボックス・寝顔、または確認待ちギャラリーから参照,,False
assets/pokemon/picasso-v340/0074_default/face.webp,使用中,18552,9ae067843e567e34a7641241447c18c969e92f1272f45b7b78d38990ab8f94fb,0074_default,074.png,0074_default イシツブテ:顔,picasso-standard-v340,図鑑・ボックス・寝顔、または確認待ちギャラリーから参照,,False
assets/pokemon/picasso-v340/0074_default/full.webp,使用中,18936,dd778326a89529fb7ded53dec1f6d1d3649640b940ffb13d0fe044a8a452c0cc,0074_default,74.png,0074_default イシツブテ:全身,picasso-standard-v340,図鑑・ボックス・寝顔、または確認待ちギャラリーから参照,,False
assets/pokemon/picasso-v340/0075_default/face.webp,使用中,23952,28e5b289300d40a1110aa3853d62b2a2c2539d4de89c58a54e38d302ec9048f5,0075_default,075.png,0075_default ゴローン:顔,picasso-standard-v340,図鑑・ボックス・寝顔、または確認待ちギャラリーから参照,,False
assets/pokemon/picasso-v340/0075_default/full.webp,使用中,19622,4d35285556857a107cde4d0ae437350148a936966aea8ebaa2bf1db8220abbb9,0075_default,75.png,0075_default ゴローン:全身,picasso-standard-v340,図鑑・ボックス・寝顔、または確認待ちギャラリーから参照,,False
assets/pokemon/picasso-v340/0076_default/face.webp,使用中,27938,6440dd5279b52f98d5e637bb1b596c885b8d408c7aee49f3886656f61977a730,0076_default,076.png,0076_default ゴローニャ:顔,picasso-standard-v340,図鑑・ボックス・寝顔、または確認待ちギャラリーから参照,,False
assets/pokemon/picasso-v340/0076_default/full.webp,使用中,32456,b09b252a8987754e9798041f54a9aec76cb48d26dc00ee2bde77599d80eed203,0076_default,76.png,0076_default ゴローニャ:全身,picasso-standard-v340,図鑑・ボックス・寝顔、または確認待ちギャラリーから参照,,False
assets/pokemon/picasso-v340/0079_default/face.webp,使用中,17550,8f0d98a7bd41a2afcb0f3f47167884a9d9aabb7b22723bb3cad6e1b262b4c741,0079_default,079.png,0079_default ヤドン:顔,picasso-standard-v340,図鑑・ボックス・寝顔、または確認待ちギャラリーから参照,,False
assets/pokemon/picasso-v340/0079_default/full.webp,使用中,19730,19452041d273957bc1b6d10ddd8ebf73125f610b264715177c986b88f34c2256,0079_default,79.png,0079_default ヤドン:全身,picasso-standard-v340,図鑑・ボックス・寝顔、または確認待ちギャラリーから参照,,False
assets/pokemon/picasso-v340/0080_default/face.webp,使用中,23638,236aec54e33ea2ec299298c6aa1bd27da93e04c20e0c7fd295ce5aea6a549383,0080_default,080(1).png,0080_default ヤドラン:顔,picasso-standard-v340,図鑑・ボックス・寝顔、または確認待ちギャラリーから参照,,False
assets/pokemon/picasso-v340/0080_default/full.webp,使用中,28046,f2b69d43709dc50938a82e721f99dbe42cdbdd142b9f00e1b993c49800d40216,0080_default,80.png,0080_default ヤドラン:全身,picasso-standard-v340,図鑑・ボックス・寝顔、または確認待ちギャラリーから参照,,False
assets/pokemon/picasso-v340/0081_default/face.webp,使用中,22556,e09a6cc98f0049bf348b047dc5355b3d1e942a678e29df77f6ec391f50f9d525,0081_default,081.png,0081_default コイル:顔,picasso-standard-v340,図鑑・ボックス・寝顔、または確認待ちギャラリーから参照,,False
assets/pokemon/picasso-v340/0081_default/full.webp,使用中,20452,cee92ce777c8434bf3bdd0cbd88f130561e127db5f6196951b06009413a9e252,0081_default,81.png,0081_default コイル:全身,picasso-standard-v340,図鑑・ボックス・寝顔、または確認待ちギャラリーから参照,,False
assets/pokemon/picasso-v340/0082_default/face.webp,使用中,37450,7a28fb04f5cc5d7bf2376537764e0e61d06e63b8246595a7b756d1c845f13bf3,0082_default,082.png,0082_default レアコイル:顔,picasso-standard-v340,図鑑・ボックス・寝顔、または確認待ちギャラリーから参照,,False
assets/pokemon/picasso-v340/0082_default/full.webp,使用中,33444,a89a814f7d1a8d2f6dfbffc127e678ce6726ff2c86133dfab0722e8b76e8b673,0082_default,82.png,0082_default レアコイル:全身,picasso-standard-v340,図鑑・ボックス・寝顔、または確認待ちギャラリーから参照,,False
assets/pokemon/picasso-v340/0083_default/face.webp,使用中,29516,0baf88fc45d89c6506150365c380000a0104a0da4e0463c02c193efa7cb3e2c9,0083_default,083.png,0083_default カモネギ:顔,picasso-standard-v340,図鑑・ボックス・寝顔、または確認待ちギャラリーから参照,,False
assets/pokemon/picasso-v340/0083_default/full.webp,使用中,29906,a945c2f395a2633b92241a5e730a530ae2fce88b286f03bdb65816c9c8aaaa8f,0083_default,83.png,0083_default カモネギ:全身,picasso-standard-v340,図鑑・ボックス・寝顔、または確認待ちギャラリーから参照,,False
assets/pokemon/picasso-v340/0092_default/face.webp,使用中,24202,d7d580583b9cf7a5bd1970e5589e66319612d0de694f5a7fecc0c641c987d939,0092_default,092(2).png,0092_default ゴース:顔,picasso-standard-v340,図鑑・ボックス・寝顔、または確認待ちギャラリーから参照,,False
assets/pokemon/picasso-v340/0092_default/full.webp,使用中,22748,525bb5f9b8cab2403081cee741e3ada62cde5c62d4c084d8ccdc10ec14de3058,0092_default,92(5).png,0092_default ゴース:全身,picasso-standard-v340,図鑑・ボックス・寝顔、または確認待ちギャラリーから参照,,False
assets/pokemon/picasso-v340/0093_default/face.webp,使用中,23416,0ae074a08a764aa0765fa8871c5fed012583d408b75cc10e753ba9c4b42e830b,0093_default,093(2).png,0093_default ゴースト:顔,picasso-standard-v340,図鑑・ボックス・寝顔、または確認待ちギャラリーから参照,,False
assets/pokemon/picasso-v340/0093_default/full.webp,使用中,23904,e85fbfb2e0ec262b1b39555a190e55e1b7cac027d653dce589c8b1387fb0f8f8,0093_default,93(5).png,0093_default ゴースト:全身,picasso-standard-v340,図鑑・ボックス・寝顔、または確認待ちギャラリーから参照,,False
assets/pokemon/picasso-v340/0094_default/face.webp,使用中,20522,4756ac83fac3b9a9b540f80ab18cfde8d328cfc635b97ea2e88bbeba201eca11,0094_default,094(2).png,0094_default ゲンガー:顔,picasso-standard-v340,図鑑・ボックス・寝顔、または確認待ちギャラリーから参照,,False
assets/pokemon/picasso-v340/0094_default/full.webp,使用中,26966,004b9a119a1cce18cde11b76f60a00fd8ef0f8e19ca913dfe76db32a786411ae,0094_default,94(6).png,0094_default ゲンガー:全身,picasso-standard-v340,図鑑・ボックス・寝顔、または確認待ちギャラリーから参照,,False
assets/pokemon/picasso-v340/0095_default/face.webp,使用中,19684,4f7745f91437e6a402f0dc8ec41480f1584fc34b37aabbaea71dc8255f110046,0095_default,095(1).png,0095_default イワーク:顔,picasso-standard-v340,図鑑・ボックス・寝顔、または確認待ちギャラリーから参照,,False
assets/pokemon/picasso-v340/0095_default/full.webp,使用中,28056,ba4c1c1bf00739cc0c4ec057ff47178d84b12fcba4bf17f4cc641446aa1d7bf4,0095_default,95(5).png,0095_default イワーク:全身,picasso-standard-v340,図鑑・ボックス・寝顔、または確認待ちギャラリーから参照,,False
assets/pokemon/picasso-v340/0104_default/face.webp,使用中,25856,ddbf6e27ccc6d24426264c34bf1cb5c5b1bf1e8e3a36b243a6ba701e26520ae9,0104_default,104(3).png,0104_default カラカラ:顔,picasso-standard-v340,図鑑・ボックス・寝顔、または確認待ちギャラリーから参照,,False
assets/pokemon/picasso-v340/0104_default/full.webp,使用中,28486,7b46bd69acba095e43ed8bfb6b2a9568c41f75d843bcc79a8efb6329c51b8d6b,0104_default,104(1).png,0104_default カラカラ:全身,picasso-standard-v340,図鑑・ボックス・寝顔、または確認待ちギャラリーから参照,,False
assets/pokemon/picasso-v340/0105_default/face.webp,使用中,25458,3114b362e38c380b4ded1891ba7e8a6cc2ea6809ef6a31a383b9daae0e05f866,0105_default,105(1).png,0105_default ガラガラ:顔,picasso-standard-v340,図鑑・ボックス・寝顔、または確認待ちギャラリーから参照,,False
assets/pokemon/picasso-v340/0105_default/full.webp,使用中,26262,42c55af6e41c498cd909aa544a733b04bbf74d835e071d5eb047927f18e7ebda,0105_default,105(2).png,0105_default ガラガラ:全身,picasso-standard-v340,図鑑・ボックス・寝顔、または確認待ちギャラリーから参照,,False
assets/pokemon/picasso-v340/0113_default/face.webp,使用中,24312,880a3f12d7fbb809cd8281b6de9251ea6a5a20d7e478920695d332d5ae8b888b,0113_default,113(2).png,0113_default ラッキー:顔,picasso-standard-v340,図鑑・ボックス・寝顔、または確認待ちギャラリーから参照,,False
assets/pokemon/picasso-v340/0113_default/full.webp,使用中,18606,0879b659159f13840678cef2f970b4bf72ce82b0fe62e04bbefbaf67aa957f32,0113_default,113.png,0113_default ラッキー:全身,picasso-standard-v340,図鑑・ボックス・寝顔、または確認待ちギャラリーから参照,,False
assets/pokemon/picasso-v340/0115_default/face.webp,使用中,26726,65ba8194cf86b6ebcf7974f19df6fedf0a7ad6096f674de883609b3015f36e65,0115_default,115(2).png,0115_default ガルーラ:顔,picasso-standard-v340,図鑑・ボックス・寝顔、または確認待ちギャラリーから参照,,False
assets/pokemon/picasso-v340/0115_default/full.webp,使用中,33288,1ee6bf670954f4fde7c29bab72e62cb7b46ba2fe6cb7fcda6d59bdaffb05e6bf,0115_default,115.png,0115_default ガルーラ:全身,picasso-standard-v340,図鑑・ボックス・寝顔、または確認待ちギャラリーから参照,,False
assets/pokemon/picasso-v340/0122_default/face.webp,使用中,38464,3d5a4e80f764ad385d2fc889c912a3acfc8008007456464c55f0cc652289d882,0122_default,122(2).png,0122_default バリヤード:顔,picasso-standard-v340,図鑑・ボックス・寝顔、または確認待ちギャラリーから参照,,False
assets/pokemon/picasso-v340/0122_default/full.webp,使用中,44696,45777534cdf8e4286408d25d9f72950c524289223e6fbab4024f042446adf23a,0122_default,122.png,0122_default バリヤード:全身,picasso-standard-v340,図鑑・ボックス・寝顔、または確認待ちギャラリーから参照,,False
assets/pokemon/picasso-v340/0127_default/face.webp,使用中,32260,32af2c965443662b467aa8d803bfc2cb1eab1578cea05db7fd11b14220df3102,0127_default,127(2).png,0127_default カイロス:顔,picasso-standard-v340,図鑑・ボックス・寝顔、または確認待ちギャラリーから参照,,False
assets/pokemon/picasso-v340/0127_default/full.webp,使用中,39616,95404a2299fe4c03a58e81b23981a8d72d1ab604d8d15cf87a9fb1baaedc1b4e,0127_default,127.png,0127_default カイロス:全身,picasso-standard-v340,図鑑・ボックス・寝顔、または確認待ちギャラリーから参照,,False
assets/pokemon/picasso-v340/0132_default/face.webp,使用中,14826,f5482535dee7111ba53c27a3da73eca8b07202f11f1254be2660970216a0e91e,0132_default,132(2).png,0132_default メタモン:顔,picasso-standard-v340,図鑑・ボックス・寝顔、または確認待ちギャラリーから参照,,False
assets/pokemon/picasso-v340/0132_default/full.webp,使用中,17036,11e30426fc2a3213aa7dd0a0be2d210589098caa39ddb50b42595005e8962de9,0132_default,132.png,0132_default メタモン:全身,picasso-standard-v340,図鑑・ボックス・寝顔、または確認待ちギャラリーから参照,,False
assets/pokemon/picasso-v340/0133_default/face.webp,使用中,26872,ef87de48f4cb50360a5fdacf8a768a897356c47d952a70216355b05c2eb3f4e1,0133_default,133(2).png,0133_default イーブイ:顔,picasso-standard-v340,図鑑・ボックス・寝顔、または確認待ちギャラリーから参照,,False
assets/pokemon/picasso-v340/0133_default/full.webp,使用中,31912,496457baff2181226a4b1e94702d887c4f48d604e2485a46a45a8241acf9ca02,0133_default,133.png,0133_default イーブイ:全身,picasso-standard-v340,図鑑・ボックス・寝顔、または確認待ちギャラリーから参照,,False
assets/pokemon/picasso-v340/0133_halloween/full.webp,使用中,36652,368f9ac98d08357c92e69321ef9fdbb04e9b69c70fc92f9b2754b148e91a7490,0133_halloween,133-halloween.png,0133_halloween イーブイ(ハロウィン):全身,picasso-standard-v340,図鑑・ボックス・寝顔、または確認待ちギャラリーから参照,,False
assets/pokemon/picasso-v340/0133_holiday/full.webp,使用中,29276,ffc4528838a1587a967e40445876795757bbc87a87bc733f72b59e48177350b8,0133_holiday,133-holiday.png,0133_holiday イーブイ(ホリデー):全身,picasso-standard-v340,図鑑・ボックス・寝顔、または確認待ちギャラリーから参照,,False
assets/pokemon/picasso-v340/0134_default/face.webp,使用中,31510,b0e59408fd32f95777ecaf0ab0ed67d099324f04b8d418e60ca317ddc600b773,0134_default,134.png,0134_default シャワーズ:顔,picasso-standard-v340,図鑑・ボックス・寝顔、または確認待ちギャラリーから参照,,False
assets/pokemon/picasso-v340/0134_default/full.webp,使用中,22658,995973e1a671a70d7e47c76e6e26e20ebde0c21482137a2a6b0962153bdc6084,0134_default,134(1).png,0134_default シャワーズ:全身,picasso-standard-v340,図鑑・ボックス・寝顔、または確認待ちギャラリーから参照,,False
assets/pokemon/picasso-v340/0135_default/face.webp,使用中,37506,25c38bec0d27959835d7457ab5b2b0563e3eb60e02afe88d54bb36b66e6e04eb,0135_default,135.png,0135_default サンダース:顔,picasso-standard-v340,図鑑・ボックス・寝顔、または確認待ちギャラリーから参照,,False
assets/pokemon/picasso-v340/0135_default/full.webp,使用中,42848,742a095d0ff97b3e17d40185cdb9bc0b4815b8fd7a5b4bcbed381a5baa561e1a,0135_default,135(20261003-132331).png,0135_default サンダース:全身,picasso-standard-v340,図鑑・ボックス・寝顔、または確認待ちギャラリーから参照,,False
assets/pokemon/picasso-v340/0136_default/face.webp,使用中,30484,eb9d979dc38b5833aa27d96d4d491f6cdbe41808138b3fde0cd358f8a5134821,0136_default,136.png,0136_default ブースター:顔,picasso-standard-v340,図鑑・ボックス・寝顔、または確認待ちギャラリーから参照,,False
assets/pokemon/picasso-v340/0136_default/full.webp,使用中,26484,d39632c40386c063f3de8b7826c5c2d96a9861f58822fe767d42d753512b5dd7,0136_default,136(1).png,0136_default ブースター:全身,picasso-standard-v340,図鑑・ボックス・寝顔、または確認待ちギャラリーから参照,,False
assets/pokemon/picasso-v340/0147_default/face.webp,使用中,23202,c593996ab99088476144d0a0bc1c4ae94a9cc4547425b9d0843fd1cd31803f07,0147_default,147(2).png,0147_default ミニリュウ:顔,picasso-standard-v340,図鑑・ボックス・寝顔、または確認待ちギャラリーから参照,,False
assets/pokemon/picasso-v340/0147_default/full.webp,使用中,24264,4eaa3ee58588682c85fa17bda9af6cf0aeb610d045b337b3ddee318cbc915210,0147_default,147.png,0147_default ミニリュウ:全身,picasso-standard-v340,図鑑・ボックス・寝顔、または確認待ちギャラリーから参照,,False
assets/pokemon/picasso-v340/0148_default/face.webp,使用中,22354,aae0bb97ea76f20a94f12930641637df7647117ef9f4caa915dbcb83aea7856f,0148_default,148.png,0148_default ハクリュー:顔,picasso-standard-v340,図鑑・ボックス・寝顔、または確認待ちギャラリーから参照,,False
assets/pokemon/picasso-v340/0148_default/full.webp,使用中,24070,72eba9ff923eda46125b448cc3e65177c6a8e6412af179b38e85d2f17d11b96b,0148_default,148(1).png,0148_default ハクリュー:全身,picasso-standard-v340,図鑑・ボックス・寝顔、または確認待ちギャラリーから参照,,False
assets/pokemon/picasso-v340/0149_default/face.webp,使用中,35412,048e03aa0ba45196d25b2a5e9a7bda0b61d93dfceb06f19f1040911599fbd588,0149_default,149.png,0149_default カイリュー:顔,picasso-standard-v340,図鑑・ボックス・寝顔、または確認待ちギャラリーから参照,,False
assets/pokemon/picasso-v340/0149_default/full.webp,使用中,37904,fbe8ef77b96f7889228036ffbf3ae11e539dc436bcc1a07317c5531105783d9b,0149_default,149(1).png,0149_default カイリュー:全身,picasso-standard-v340,図鑑・ボックス・寝顔、または確認待ちギャラリーから参照,,False
assets/pokemon/picasso-v340/0150_default/face.webp,使用中,22328,23dd33bd2fa54011319c2fa0005b23bae9405871a1f4a09fcd3145f25cf3bf55,0150_default,150(3).png,0150_default ミュウツー:顔,picasso-standard-v340,図鑑・ボックス・寝顔、または確認待ちギャラリーから参照,,False
assets/pokemon/picasso-v340/0150_default/full.webp,使用中,27142,418a07c61ed626db2eddbe8a2b5f678de482fd503b09b0aa7f921c94e4daaee8,0150_default,150(1).png,0150_default ミュウツー:全身,picasso-standard-v340,図鑑・ボックス・寝顔、または確認待ちギャラリーから参照,,False
assets/pokemon/picasso-v340/0151_default/face.webp,使用中,29878,8d506c186ce644c304f2e62abeddb74e08332024708b010a140f76608ec2178b,0151_default,151(1).png,0151_default ミュウ:顔,picasso-standard-v340,図鑑・ボックス・寝顔、または確認待ちギャラリーから参照,,False
assets/pokemon/picasso-v340/0151_default/full.webp,使用中,19266,0f2943237fff9b164a61d87f143b05c6925a48be6d2e8a935858f38bd0f9933b,0151_default,151.png,0151_default ミュウ:全身,picasso-standard-v340,図鑑・ボックス・寝顔、または確認待ちギャラリーから参照,,False
assets/pokemon/picasso-v340/0152_default/face.webp,使用中,16550,ad73a3c1bcb7937463afedded0d9bcab409026becdb72405311f935f77bd0f0b,0152_default,152(2).png,0152_default チコリータ:顔,picasso-standard-v340,図鑑・ボックス・寝顔、または確認待ちギャラリーから参照,,False
assets/pokemon/picasso-v340/0152_default/full.webp,使用中,19054,1bf3713f85c6df105bee603e134bd023fd464e9758c899307c2ffa6dd0bd0323,0152_default,152.png,0152_default チコリータ:全身,picasso-standard-v340,図鑑・ボックス・寝顔、または確認待ちギャラリーから参照,,False
assets/pokemon/picasso-v340/0153_default/face.webp,使用中,27722,ca5d5fa3e8c4be9728a3fbd8b882629375ce09372cced32289850e4c55e79a52,0153_default,153.png,0153_default ベイリーフ:顔,picasso-standard-v340,図鑑・ボックス・寝顔、または確認待ちギャラリーから参照,,False
assets/pokemon/picasso-v340/0153_default/full.webp,使用中,23708,3a158857122e7b51a529e0f1829f8eddbc44e46a13780b1fefc74f27545db892,0153_default,153(1).png,0153_default ベイリーフ:全身,picasso-standard-v340,図鑑・ボックス・寝顔、または確認待ちギャラリーから参照,,False
assets/pokemon/picasso-v340/0154_default/face.webp,使用中,27520,6d26c09bcd362395fc090c80d7e19958369df9ab16a84e7bdc7306af70173c33,0154_default,154.png,0154_default メガニウム:顔,picasso-standard-v340,図鑑・ボックス・寝顔、または確認待ちギャラリーから参照,,False
assets/pokemon/picasso-v340/0154_default/full.webp,使用中,26936,900a46a0539a471b64cb4961944c0fe67d65120f4cc7024ae5938a161c815818,0154_default,154(1).png,0154_default メガニウム:全身,picasso-standard-v340,図鑑・ボックス・寝顔、または確認待ちギャラリーから参照,,False
assets/pokemon/picasso-v340/0155_default/face.webp,使用中,24992,a85eaff4910b49ab6eef9273eca665c45db5025102239bbec326c24366f1fd64,0155_default,155(2).png,0155_default ヒノアラシ:顔,picasso-standard-v340,図鑑・ボックス・寝顔、または確認待ちギャラリーから参照,,False
assets/pokemon/picasso-v340/0155_default/full.webp,使用中,28616,ab5f1467eac77392d18bd2e730be636e84976d6ba2ed5ef6459ade90375772b2,0155_default,155.png,0155_default ヒノアラシ:全身,picasso-standard-v340,図鑑・ボックス・寝顔、または確認待ちギャラリーから参照,,False
assets/pokemon/picasso-v340/0156_default/face.webp,使用中,23572,fb6384e83ea5934f751195fc8cc94e42fd6d395ed68fe428dac9bc85792f1d45,0156_default,156.png,0156_default マグマラシ:顔,picasso-standard-v340,図鑑・ボックス・寝顔、または確認待ちギャラリーから参照,,False
assets/pokemon/picasso-v340/0156_default/full.webp,使用中,22928,d936cf4d620ce6485a1ec5d1924a91026dd59d50caba886ff53715c8f4e64f88,0156_default,156(1).png,0156_default マグマラシ:全身,picasso-standard-v340,図鑑・ボックス・寝顔、または確認待ちギャラリーから参照,,False
assets/pokemon/picasso-v340/0157_default/face.webp,使用中,20114,bf5d32e78fea946109b2ebf96dae2f1db10525462ff02cf14c2ac52a46b4a37e,0157_default,157.png,0157_default バクフーン:顔,picasso-standard-v340,図鑑・ボックス・寝顔、または確認待ちギャラリーから参照,,False
assets/pokemon/picasso-v340/0157_default/full.webp,使用中,20224,3cf98435bded936233f3da33ce4a7641d76dc609392ec7795a2d1a794bcde082,0157_default,157(1).png,0157_default バクフーン:全身,picasso-standard-v340,図鑑・ボックス・寝顔、または確認待ちギャラリーから参照,,False
assets/pokemon/picasso-v340/0158_default/face.webp,使用中,27732,a1566b3f721759b9723ac26a45846739ff37c8a7be6694957b93cb15fb7bb050,0158_default,158(3).png,0158_default ワニノコ:顔,picasso-standard-v340,図鑑・ボックス・寝顔、または確認待ちギャラリーから参照,,False
assets/pokemon/picasso-v340/0158_default/full.webp,使用中,31054,a718dae5cc35e890700d4b2eb71adee585f9b3bbcf4b01d697d350f5b566c338,0158_default,158.png,0158_default ワニノコ:全身,picasso-standard-v340,図鑑・ボックス・寝顔、または確認待ちギャラリーから参照,,False
assets/pokemon/picasso-v340/0159_default/face.webp,使用中,29746,a34bfd59cd2824c31de6da45e92308b25066e690c24b05b2e75e15e368aba794,0159_default,159.png,0159_default アリゲイツ:顔,picasso-standard-v340,図鑑・ボックス・寝顔、または確認待ちギャラリーから参照,,False
assets/pokemon/picasso-v340/0159_default/full.webp,使用中,27896,07ec56bd2215c5fba9591a658a94e523d5814e6b8190a0d98f85705e30fa73cd,0159_default,159(1).png,0159_default アリゲイツ:全身,picasso-standard-v340,図鑑・ボックス・寝顔、または確認待ちギャラリーから参照,,False
assets/pokemon/picasso-v340/0160_default/face.webp,使用中,31848,d090734cc18b64f4fb01dc90755cba65104cb08200ce3702bd92a6eeb42244df,0160_default,160.png,0160_default オーダイル:顔,picasso-standard-v340,図鑑・ボックス・寝顔、または確認待ちギャラリーから参照,,False
assets/pokemon/picasso-v340/0160_default/full.webp,使用中,37072,b6d22b4a068c325a915b97d0f7d6edee5cb6bd1f7c183236e47aba163f0a4545,0160_default,160(1).png,0160_default オーダイル:全身,picasso-standard-v340,図鑑・ボックス・寝顔、または確認待ちギャラリーから参照,,False
assets/pokemon/picasso-v340/0172_default/face.webp,使用中,26228,3d82e28525952952f93fbc9396302649c0080bf58cd8c937e31db5e5093f5af9,0172_default,172.png,0172_default ピチュー:顔,picasso-standard-v340,図鑑・ボックス・寝顔、または確認待ちギャラリーから参照,,False
assets/pokemon/picasso-v340/0172_default/full.webp,使用中,29040,969f36a50418a9d6337a296abfc1913fd41d09175c11e22d68516777c0cbdac2,0172_default,172(1).png,0172_default ピチュー:全身,picasso-standard-v340,図鑑・ボックス・寝顔、または確認待ちギャラリーから参照,,False
assets/pokemon/picasso-v340/0173_default/face.webp,使用中,20226,d1b70bdfb9bd4d0adec43220b0007628af2f7f4350b7e864e05144ec85d9e9da,0173_default,173.png,0173_default ピィ:顔,picasso-standard-v340,図鑑・ボックス・寝顔、または確認待ちギャラリーから参照,,False
assets/pokemon/picasso-v340/0173_default/full.webp,使用中,23770,4dd936452c7f68062796027dc7d841bae0721d3a6bcab4bb3e1beee2948b8ede,0173_default,173(1).png,0173_default ピィ:全身,picasso-standard-v340,図鑑・ボックス・寝顔、または確認待ちギャラリーから参照,,False
assets/pokemon/picasso-v340/0174_default/face.webp,使用中,22224,1cadb20dd09e3b53c0808bdf49f007875757310f1fa7f0ba03323455fd59e9c5,0174_default,174.png,0174_default ププリン:顔,picasso-standard-v340,図鑑・ボックス・寝顔、または確認待ちギャラリーから参照,,False
assets/pokemon/picasso-v340/0174_default/full.webp,使用中,23264,3e8ec5eb059a6f7a426efdd4fd37fba540cc16c701e5a5189bd50c63d02af257,0174_default,174(2).png,0174_default ププリン:全身,picasso-standard-v340,図鑑・ボックス・寝顔、または確認待ちギャラリーから参照,,False
assets/pokemon/picasso-v340/0175_default/face.webp,使用中,27850,1d3ff51c669e7d0d4d0b8977b4edc73eae946cdaccd71b0853e6312acdefbcf6,0175_default,175(2).png,0175_default トゲピー:顔,picasso-standard-v340,図鑑・ボックス・寝顔、または確認待ちギャラリーから参照,,False
assets/pokemon/picasso-v340/0175_default/full.webp,使用中,31308,124b8fcffc7998f5792fe6eb9c52bd06a50fb4ae35e87c4705c45d540ea49548,0175_default,175.png,0175_default トゲピー:全身,picasso-standard-v340,図鑑・ボックス・寝顔、または確認待ちギャラリーから参照,,False
assets/pokemon/picasso-v340/0176_default/face.webp,使用中,22518,591cce97cf86b9e583a11ac5d3aaf8d9f321b62b01e2f206d3aaf4078dfe0c23,0176_default,176.png,0176_default トゲチック:顔,picasso-standard-v340,図鑑・ボックス・寝顔、または確認待ちギャラリーから参照,,False
assets/pokemon/picasso-v340/0176_default/full.webp,使用中,23128,2d2d5c5426b10a6f0956491eae7460e6282e3bf6eda81ac09eaf4896f9a06d94,0176_default,176(1).png,0176_default トゲチック:全身,picasso-standard-v340,図鑑・ボックス・寝顔、または確認待ちギャラリーから参照,,False
assets/pokemon/picasso-v340/0177_default/face.webp,使用中,32170,82531c883aafd8eb3f8dc23f14918a8acf08d5dc75808d75f96c2bf615ffb474,0177_default,177(2).png,0177_default ネイティ:顔,picasso-standard-v340,図鑑・ボックス・寝顔、または確認待ちギャラリーから参照,,False
assets/pokemon/picasso-v340/0177_default/full.webp,使用中,30186,a66e086539d69049eec0d755d45dba693ecacd3537c969c4997ee8d4a7cecfb9,0177_default,177.png,0177_default ネイティ:全身,picasso-standard-v340,図鑑・ボックス・寝顔、または確認待ちギャラリーから参照,,False
assets/pokemon/picasso-v340/0178_default/face.webp,使用中,31526,e81657a04a89c9a87f8dcfed78df38a58a8f249661bb6e92404f582cf855558e,0178_default,178.png,0178_default ネイティオ:顔,picasso-standard-v340,図鑑・ボックス・寝顔、または確認待ちギャラリーから参照,,False
assets/pokemon/picasso-v340/0178_default/full.webp,使用中,25016,e3a01954f5a3f10b556c4763032a8d31207d79f47e8358abcf190ff6e23fc745,0178_default,178(1).png,0178_default ネイティオ:全身,picasso-standard-v340,図鑑・ボックス・寝顔、または確認待ちギャラリーから参照,,False
assets/pokemon/picasso-v340/0179_default/face.webp,使用中,22438,5f6d6271911e55caa828e86f79d7d56159a075e0b252fee7eb1c0660bf4ca240,0179_default,179(2).png,0179_default メリープ:顔,picasso-standard-v340,図鑑・ボックス・寝顔、または確認待ちギャラリーから参照,,False
assets/pokemon/picasso-v340/0179_default/full.webp,使用中,28268,10f020ecc50a9cacaf080b44dbf478afacf059beb2c6421d8c8e3556b675f77a,0179_default,179.png,0179_default メリープ:全身,picasso-standard-v340,図鑑・ボックス・寝顔、または確認待ちギャラリーから参照,,False
assets/pokemon/picasso-v340/0180_default/face.webp,使用中,26294,d66616f1dabe6762bbe18331b807e37c9a8a099ed98b09bb252e80595d80e6c9,0180_default,180.png,0180_default モココ:顔,picasso-standard-v340,図鑑・ボックス・寝顔、または確認待ちギャラリーから参照,,False
assets/pokemon/picasso-v340/0180_default/full.webp,使用中,29010,0d3f0441b01a3dd644c067bdea46ede52c3ee864b13a110ed2aeb296ed9a9efd,0180_default,180(1).png,0180_default モココ:全身,picasso-standard-v340,図鑑・ボックス・寝顔、または確認待ちギャラリーから参照,,False
assets/pokemon/picasso-v340/0181_default/face.webp,使用中,26754,f37635dfebb4fb8f4a0c36f488b4b7b3922937343774c352c0fa6610307e449e,0181_default,181.png,0181_default デンリュウ:顔,picasso-standard-v340,図鑑・ボックス・寝顔、または確認待ちギャラリーから参照,,False
assets/pokemon/picasso-v340/0181_default/full.webp,使用中,25214,be1cf898d3c59cdba15e139f42d33e48c96362413bf730db1ef90b780915522e,0181_default,181(1).png,0181_default デンリュウ:全身,picasso-standard-v340,図鑑・ボックス・寝顔、または確認待ちギャラリーから参照,,False
assets/pokemon/picasso-v340/0185_default/face.webp,使用中,23880,063c66db7f626850a7a39033a6e90e819fb49a5c9a35654b606349e43e15c2cf,0185_default,185(2).png,0185_default ウソッキー:顔,picasso-standard-v340,図鑑・ボックス・寝顔、または確認待ちギャラリーから参照,,False
assets/pokemon/picasso-v340/0185_default/full.webp,使用中,27692,529a31673a934f9c636f50ab976892631288eaba656f89cb435b6ba3b3c39c47,0185_default,185.png,0185_default ウソッキー:全身,picasso-standard-v340,図鑑・ボックス・寝顔、または確認待ちギャラリーから参照,,False
assets/pokemon/picasso-v340/0194_default/face.webp,使用中,25058,713393558c4083c7fe4ca0a45a87626115eb7c30c90f0a41d0c6379588a568d8,0194_default,194(2).png,0194_default ウパー:顔,picasso-standard-v340,図鑑・ボックス・寝顔、または確認待ちギャラリーから参照,,False
assets/pokemon/picasso-v340/0194_default/full.webp,使用中,25760,f7adac393c63da0b4afee261d0c2c28a694bfb2da734bf7632f123a987104f07,0194_default,194.png,0194_default ウパー:全身,picasso-standard-v340,図鑑・ボックス・寝顔、または確認待ちギャラリーから参照,,False
assets/pokemon/picasso-v340/0194_paldea/face.webp,使用中,22716,cdf31972c238e0a1b631e838b34bc35390f6bf8e34969aa086162187dec768bf,0194_paldea,194-paldeanwooper(2).png,0194_paldea ウパー(パルデア):顔,picasso-standard-v340,図鑑・ボックス・寝顔、または確認待ちギャラリーから参照,,False
assets/pokemon/picasso-v340/0194_paldea/full.webp,使用中,22546,9623b96ed436cb27cb3e49a664fa7bcd682ae9d19e2ea2d46110c61af98b16b2,0194_paldea,194-paldeanwooper.png,0194_paldea ウパー(パルデア):全身,picasso-standard-v340,図鑑・ボックス・寝顔、または確認待ちギャラリーから参照,,False
assets/pokemon/picasso-v340/0195_default/face.webp,使用中,18168,f6f1ada05932af551bd44e06fd0d3b42797486817292fe969816e955d5460caf,0195_default,195.png,0195_default ヌオー:顔,picasso-standard-v340,図鑑・ボックス・寝顔、または確認待ちギャラリーから参照,,False
assets/pokemon/picasso-v340/0195_default/full.webp,使用中,22796,5c425914d5301a77570b16980fbc1b3841c986bdefe73ae1b3637a5b0d70d05c,0195_default,195(1).png,0195_default ヌオー:全身,picasso-standard-v340,図鑑・ボックス・寝顔、または確認待ちギャラリーから参照,,False
assets/pokemon/picasso-v340/0196_default/face.webp,使用中,24788,f6b09127cf5e90dad156f84bfc053c60753ff75127d1b28367b052febb42eb57,0196_default,196.png,0196_default エーフィ:顔,picasso-standard-v340,図鑑・ボックス・寝顔、または確認待ちギャラリーから参照,,False
assets/pokemon/picasso-v340/0196_default/full.webp,使用中,29602,b7a60020168aa2638cb0029e3daa11f39cf3eb9cda4444ebf3e087d121284077,0196_default,196(1).png,0196_default エーフィ:全身,picasso-standard-v340,図鑑・ボックス・寝顔、または確認待ちギャラリーから参照,,False
assets/pokemon/picasso-v340/0197_default/face.webp,使用中,22428,bc5153b70e2412617afeaad4bc46e2a1e5e24bd3ef44ff67a6d192fb6f7f1134,0197_default,197.png,0197_default ブラッキー:顔,picasso-standard-v340,図鑑・ボックス・寝顔、または確認待ちギャラリーから参照,,False
assets/pokemon/picasso-v340/0197_default/full.webp,使用中,29088,459c22bf1d929f81a107b71a886cdfffa9b213f9310faf8788dbb746964ae03f,0197_default,197(1).png,0197_default ブラッキー:全身,picasso-standard-v340,図鑑・ボックス・寝顔、または確認待ちギャラリーから参照,,False
assets/pokemon/picasso-v340/0198_default/face.webp,使用中,30130,84653fe070a3becc101d6c9fa1b5424008e585d1f0617a495d906dd27be41ede,0198_default,198(2).png,0198_default ヤミカラス:顔,picasso-standard-v340,図鑑・ボックス・寝顔、または確認待ちギャラリーから参照,,False
assets/pokemon/picasso-v340/0198_default/full.webp,使用中,26066,58643f73ca4d9e1617868ec18a2533275a327977e31ac04c8c71ef2ead80c7c5,0198_default,198.png,0198_default ヤミカラス:全身,picasso-standard-v340,図鑑・ボックス・寝顔、または確認待ちギャラリーから参照,,False
assets/pokemon/picasso-v340/0199_default/face.webp,使用中,27402,d36307424f38ad43a69bae4f0f5cdf2a71184e55d80ea2c037ff1479138aec48,0199_default,199(1).png,0199_default ヤドキング:顔,picasso-standard-v340,図鑑・ボックス・寝顔、または確認待ちギャラリーから参照,,False
assets/pokemon/picasso-v340/0199_default/full.webp,使用中,26674,05b3fbb5b3d8431e4d096a538a1e46809c4ffc35fc4c3dfd5d7f3088063c4633,0199_default,199(2).png,0199_default ヤドキング:全身,picasso-standard-v340,図鑑・ボックス・寝顔、または確認待ちギャラリーから参照,,False
assets/pokemon/picasso-v340/0202_default/face.webp,使用中,19186,b48890e11d7ebb1dbc8d11943135ce746af4dfbd93baf5accf0ffc8aef856ec0,0202_default,202(2).png,0202_default ソーナンス:顔,picasso-standard-v340,図鑑・ボックス・寝顔、または確認待ちギャラリーから参照,,False
assets/pokemon/picasso-v340/0202_default/full.webp,使用中,22112,dcd9a7421fae87e9c97844c899c743e1e8d1555fe77cfc57056f14c8bd31f120,0202_default,202.png,0202_default ソーナンス:全身,picasso-standard-v340,図鑑・ボックス・寝顔、または確認待ちギャラリーから参照,,False
assets/pokemon/picasso-v340/0208_default/face.webp,使用中,25206,0a60f8e621279e32da351c4e24983a7c0f8d93e2e33bc4b840d0ca4d82323008,0208_default,208(1).png,0208_default ハガネール:顔,picasso-standard-v340,図鑑・ボックス・寝顔、または確認待ちギャラリーから参照,,False
assets/pokemon/picasso-v340/0208_default/full.webp,使用中,20664,e9e92e4b00f1cb3c50c9e9de2ae9d1c3bac186606c4d1be438cb02f0ecf718fb,0208_default,208(2).png,0208_default ハガネール:全身,picasso-standard-v340,図鑑・ボックス・寝顔、または確認待ちギャラリーから参照,,False
assets/pokemon/picasso-v340/0213_default/face.webp,使用中,24754,8dc217960c63b9931c12a36e13a7674530dc57ea731b533771d4309511de4dff,0213_default,213(2).png,0213_default ツボツボ:顔,picasso-standard-v340,図鑑・ボックス・寝顔、または確認待ちギャラリーから参照,,False
assets/pokemon/picasso-v340/0213_default/full.webp,使用中,28256,b7766030a7fcd678e93bdcc4a11e0b88f2527dce8953f4a400f1d61e19cd80d0,0213_default,213.png,0213_default ツボツボ:全身,picasso-standard-v340,図鑑・ボックス・寝顔、または確認待ちギャラリーから参照,,False
assets/pokemon/picasso-v340/0214_default/face.webp,使用中,23830,b64aba82aeeb3ab333e9be4c06935fab40eedf292db1a48613074ba316bf1ece,0214_default,214(2).png,0214_default ヘラクロス:顔,picasso-standard-v340,図鑑・ボックス・寝顔、または確認待ちギャラリーから参照,,False
assets/pokemon/picasso-v340/0214_default/full.webp,使用中,26116,c679a030f7de9b2048b8f275eac181605f2687651440140cb67e5375ce807aa8,0214_default,214(1).png,0214_default ヘラクロス:全身,picasso-standard-v340,図鑑・ボックス・寝顔、または確認待ちギャラリーから参照,,False
assets/pokemon/picasso-v340/0215_default/face.webp,使用中,32132,d2e0ddd6c260ebbd08e033160534b3c60ab4889a106b9fda7d26fd46f98a7fcf,0215_default,215(2).png,0215_default ニューラ:顔,picasso-standard-v340,図鑑・ボックス・寝顔、または確認待ちギャラリーから参照,,False
assets/pokemon/picasso-v340/0215_default/full.webp,使用中,24690,a598ea36d94db20559b6788b8633aac4136b58602f60fa70c16da587be6fde5b,0215_default,215.png,0215_default ニューラ:全身,picasso-standard-v340,図鑑・ボックス・寝顔、または確認待ちギャラリーから参照,,False
assets/pokemon/picasso-v340/0225_default/face.webp,使用中,29888,b6bcfb9bce8e89eb5e8af908226c4d2764eafdd237bc333a384377e390976990,0225_default,225(5).png,0225_default デリバード:顔,picasso-standard-v340,図鑑・ボックス・寝顔、または確認待ちギャラリーから参照,,False
assets/pokemon/picasso-v340/0225_default/full.webp,使用中,28824,045116eae0d5badc0ca030449a0a66617eed80f013821b6e3831ac02a9b874a8,0225_default,225.png,0225_default デリバード:全身,picasso-standard-v340,図鑑・ボックス・寝顔、または確認待ちギャラリーから参照,,False
assets/pokemon/picasso-v340/0228_default/face.webp,使用中,25582,3a1984da6c9f8146a53b0248daacfc4726652c51e08e1ff094e2a6f3f2a95d14,0228_default,228(2).png,0228_default デルビル:顔,picasso-standard-v340,図鑑・ボックス・寝顔、または確認待ちギャラリーから参照,,False
assets/pokemon/picasso-v340/0228_default/full.webp,使用中,33918,6504cb3cff3094c2eb0dca09a1100999f1b8c2564f254291ba1e5cd44562e2a8,0228_default,228.png,0228_default デルビル:全身,picasso-standard-v340,図鑑・ボックス・寝顔、または確認待ちギャラリーから参照,,False
assets/pokemon/picasso-v340/0229_default/face.webp,使用中,28880,4da23f3227e383b26ab911ea84e1901c74456527e74fbcf4c94d8a8c44c504ac,0229_default,229.png,0229_default ヘルガー:顔,picasso-standard-v340,図鑑・ボックス・寝顔、または確認待ちギャラリーから参照,,False
assets/pokemon/picasso-v340/0229_default/full.webp,使用中,25486,375754505276a757da1c65737d40f1a9a171764ed06748c73e926798d44f5931,0229_default,229(1).png,0229_default ヘルガー:全身,picasso-standard-v340,図鑑・ボックス・寝顔、または確認待ちギャラリーから参照,,False
assets/pokemon/picasso-v340/0242_default/face.webp,使用中,26362,692ca77c296850c82bd6a40e6ec7749ea39e2b4d1f6403bdcba95290b67cccf6,0242_default,242.png,0242_default ハピナス:顔,picasso-standard-v340,図鑑・ボックス・寝顔、または確認待ちギャラリーから参照,,False
assets/pokemon/picasso-v340/0242_default/full.webp,使用中,31320,dd2a518cb41b1216ed69ece12707d8f9b3e47b1435942e4aecde2f36bfec5715,0242_default,242(1).png,0242_default ハピナス:全身,picasso-standard-v340,図鑑・ボックス・寝顔、または確認待ちギャラリーから参照,,False
assets/pokemon/picasso-v340/0243_default/face.webp,使用中,29174,aa4c4194485cc69a9bb63c0162b1dbb73d255c2a57c98b4ada74d642883ea9c3,0243_default,243(2).png,0243_default ライコウ:顔,picasso-standard-v340,図鑑・ボックス・寝顔、または確認待ちギャラリーから参照,,False
assets/pokemon/picasso-v340/0243_default/full.webp,使用中,36700,45bcffc2d3e885990d87cd89cf7b39a9e2b2c54271f58897f32657a29cc66954,0243_default,243.png,0243_default ライコウ:全身,picasso-standard-v340,図鑑・ボックス・寝顔、または確認待ちギャラリーから参照,,False
assets/pokemon/picasso-v340/0244_default/face.webp,使用中,35660,4b5b1b7a0e79ad0e673564c4e20632b5d4d4839e0f417e84f6273a1520efa913,0244_default,244(20261003-135741).png,0244_default エンテイ:顔,picasso-standard-v340,図鑑・ボックス・寝顔、または確認待ちギャラリーから参照,,False
assets/pokemon/picasso-v340/0244_default/full.webp,使用中,44872,46f1f300c9c72c58d5a75ced3679cfcb0fda77198905010ce3ade8db3de41b05,0244_default,244.png,0244_default エンテイ:全身,picasso-standard-v340,図鑑・ボックス・寝顔、または確認待ちギャラリーから参照,,False
assets/pokemon/picasso-v340/0245_default/face.webp,使用中,29956,59dd9abe2dc4d0409cd7b42159f6b7512c16b8ae6e7dc9395d64fd7c8821d814,0245_default,245(2).png,0245_default スイクン:顔,picasso-standard-v340,図鑑・ボックス・寝顔、または確認待ちギャラリーから参照,,False
assets/pokemon/picasso-v340/0245_default/full.webp,使用中,39996,2e0ea6908970bb32c3379bc0bcfb21e42c06ce8af76c93dbb3f84c76fd843aeb,0245_default,245.png,0245_default スイクン:全身,picasso-standard-v340,図鑑・ボックス・寝顔、または確認待ちギャラリーから参照,,False
assets/pokemon/picasso-v340/0246_default/face.webp,使用中,20854,a6cf49b7cceb1cacf2b3368d94a8e170aaab52bcabc847283322aef2b31fbf42,0246_default,246(2).png,0246_default ヨーギラス:顔,picasso-standard-v340,図鑑・ボックス・寝顔、または確認待ちギャラリーから参照,,False
assets/pokemon/picasso-v340/0246_default/full.webp,使用中,22794,fd8a532a7ec087baaa70bac9cf1a03da68366fddfd2508abcaa94bbed65c058f,0246_default,246.png,0246_default ヨーギラス:全身,picasso-standard-v340,図鑑・ボックス・寝顔、または確認待ちギャラリーから参照,,False
assets/pokemon/picasso-v340/0247_default/face.webp,使用中,25904,7fc9a4b1f99efef07307bd288e996e6070a8d5562bd139374aad62e103257658,0247_default,247.png,0247_default サナギラス:顔,picasso-standard-v340,図鑑・ボックス・寝顔、または確認待ちギャラリーから参照,,False
assets/pokemon/picasso-v340/0247_default/full.webp,使用中,30132,70d350e1455b450bf1516be8d6bf40fbd7358ddb88db94af65946e76c2a52e89,0247_default,247(1).png,0247_default サナギラス:全身,picasso-standard-v340,図鑑・ボックス・寝顔、または確認待ちギャラリーから参照,,False
assets/pokemon/picasso-v340/0248_default/face.webp,使用中,34318,d7efe608112729bc508efc7a1136349520c9407bea7d347af1b857f65f37751a,0248_default,248.png,0248_default バンギラス:顔,picasso-standard-v340,図鑑・ボックス・寝顔、または確認待ちギャラリーから参照,,False
assets/pokemon/picasso-v340/0248_default/full.webp,使用中,38716,1df37d307fc9d929c73dce4eabb32c927356bb1c08f19c3b374d99c2bad84ec3,0248_default,248(1).png,0248_default バンギラス:全身,picasso-standard-v340,図鑑・ボックス・寝顔、または確認待ちギャラリーから参照,,False
assets/pokemon/picasso-v340/0252_default/face.webp,使用中,28534,21f57a14ebbed2517d2e1e76730db39d65025fb1f270845ea416cf78dcf33f02,0252_default,252(20261003-140436).png,0252_default キモリ:顔,picasso-standard-v340,図鑑・ボックス・寝顔、または確認待ちギャラリーから参照,,False
assets/pokemon/picasso-v340/0252_default/full.webp,使用中,31980,968f13864b19009d511b8a7a1f8bfa1ebc36643a9acd427a4a6b05cd78531d91,0252_default,252.png,0252_default キモリ:全身,picasso-standard-v340,図鑑・ボックス・寝顔、または確認待ちギャラリーから参照,,False
assets/pokemon/picasso-v340/0253_default/face.webp,使用中,27382,e933af4d5f892fe799e396a2627a8b4b8a397f56474cfa623a18eb089ab505d1,0253_default,253.png,0253_default ジュプトル:顔,picasso-standard-v340,図鑑・ボックス・寝顔、または確認待ちギャラリーから参照,,False
assets/pokemon/picasso-v340/0253_default/full.webp,使用中,34088,7c7ddce4fc2ad1c4c46806c6fac18e6bbdc261cbe2d69a5cf35176b5ef3274f7,0253_default,253(1).png,0253_default ジュプトル:全身,picasso-standard-v340,図鑑・ボックス・寝顔、または確認待ちギャラリーから参照,,False
assets/pokemon/picasso-v340/0254_default/face.webp,使用中,32614,40f57c65b799b9a7237566519350eba6e0c4e464737aed56c241e5d69b29bc69,0254_default,254.png,0254_default ジュカイン:顔,picasso-standard-v340,図鑑・ボックス・寝顔、または確認待ちギャラリーから参照,,False
assets/pokemon/picasso-v340/0254_default/full.webp,使用中,40440,a949caad757fabc254cb4e4b8723f429fdacac2c4237d85a424f07a8c77c71bf,0254_default,254(1).png,0254_default ジュカイン:全身,picasso-standard-v340,図鑑・ボックス・寝顔、または確認待ちギャラリーから参照,,False
assets/pokemon/picasso-v340/0255_default/face.webp,使用中,29746,d4e520485ec152a133c0b90c9bf83a2cadd8a50f298d96405708c8d5a60e02da,0255_default,255(2).png,0255_default アチャモ:顔,picasso-standard-v340,図鑑・ボックス・寝顔、または確認待ちギャラリーから参照,,False
assets/pokemon/picasso-v340/0255_default/full.webp,使用中,23370,2b009b12e7bbb903ac1f49ea6bb7fb9dc9e68da680d6be416e44a23dbc7cd33e,0255_default,255.png,0255_default アチャモ:全身,picasso-standard-v340,図鑑・ボックス・寝顔、または確認待ちギャラリーから参照,,False
assets/pokemon/picasso-v340/0256_default/face.webp,使用中,27962,fb7e033812fe473a592af4522e58b0cd9d582d7df9b7a005511e8a6c70644b70,0256_default,256.png,0256_default ワカシャモ:顔,picasso-standard-v340,図鑑・ボックス・寝顔、または確認待ちギャラリーから参照,,False
assets/pokemon/picasso-v340/0256_default/full.webp,使用中,28950,0bfb06b69e7a70d8a8ed689536edd12d39265cb0d8c0f564e4132186c61e30b9,0256_default,256(1).png,0256_default ワカシャモ:全身,picasso-standard-v340,図鑑・ボックス・寝顔、または確認待ちギャラリーから参照,,False
assets/pokemon/picasso-v340/0257_default/face.webp,使用中,38800,c4e6f67f0ac255e7fc308b3d2d00537b586ab8d46581ab5bc99d8cb0632c5140,0257_default,257.png,0257_default バシャーモ:顔,picasso-standard-v340,図鑑・ボックス・寝顔、または確認待ちギャラリーから参照,,False
assets/pokemon/picasso-v340/0257_default/full.webp,使用中,30404,4eec9f1028646b78f099bf106a920e6193883793f4b79af40a6e01498466955f,0257_default,257(1).png,0257_default バシャーモ:全身,picasso-standard-v340,図鑑・ボックス・寝顔、または確認待ちギャラリーから参照,,False
assets/pokemon/picasso-v340/0258_default/face.webp,使用中,31046,7f88a838823fc9cfb6d55c03a7704ca9ac3cfd764105ec243e6f0b04c9f56ea3,0258_default,258(2).png,0258_default ミズゴロウ:顔,picasso-standard-v340,図鑑・ボックス・寝顔、または確認待ちギャラリーから参照,,False
assets/pokemon/picasso-v340/0258_default/full.webp,使用中,23854,1e83f40580402b8cdb1d0f5b2be5dd6da75a11d8a5f6b6508272e08e28a55886,0258_default,258.png,0258_default ミズゴロウ:全身,picasso-standard-v340,図鑑・ボックス・寝顔、または確認待ちギャラリーから参照,,False
assets/pokemon/picasso-v340/0259_default/face.webp,使用中,32766,b1173dcdf619c1458869a124131b6ea0f74477d15ed87300dcc430c394d88a79,0259_default,259.png,0259_default ヌマクロー:顔,picasso-standard-v340,図鑑・ボックス・寝顔、または確認待ちギャラリーから参照,,False
assets/pokemon/picasso-v340/0259_default/full.webp,使用中,29796,7acfa3faacf9508cb2b0d4dba78de8c5056035d36d297cc58ba457a943457ced,0259_default,259(1).png,0259_default ヌマクロー:全身,picasso-standard-v340,図鑑・ボックス・寝顔、または確認待ちギャラリーから参照,,False
assets/pokemon/picasso-v340/0260_default/face.webp,使用中,36902,fb35d387291dc37dd0a020df79719368b228de11cea7da41e753580fee518035,0260_default,260.png,0260_default ラグラージ:顔,picasso-standard-v340,図鑑・ボックス・寝顔、または確認待ちギャラリーから参照,,False
assets/pokemon/picasso-v340/0260_default/full.webp,使用中,31442,19d4c75a955d55223a46d7d6eecd469d88dbf992d8be27c1941bbdaf0211e135,0260_default,260(1).png,0260_default ラグラージ:全身,picasso-standard-v340,図鑑・ボックス・寝顔、または確認待ちギャラリーから参照,,False
assets/pokemon/picasso-v340/0280_default/face.webp,使用中,23402,1c3fef64aaf6a75bd364f8c5c290cc8d097aadedc40451cfed5d78c1d4fa10a0,0280_default,280(2).png,0280_default ラルトス:顔,picasso-standard-v340,図鑑・ボックス・寝顔、または確認待ちギャラリーから参照,,False
assets/pokemon/picasso-v340/0280_default/full.webp,使用中,22466,3be2b0c6f9726f72b973c3e49f104ae0d7fbf998f4e624d92a9b46c5d295c06a,0280_default,280.png,0280_default ラルトス:全身,picasso-standard-v340,図鑑・ボックス・寝顔、または確認待ちギャラリーから参照,,False
assets/pokemon/picasso-v340/0281_default/face.webp,使用中,36260,104071ffc387345b1f8187789cafef8b5c98bd4646295ed13a6aec65fdfb5ae5,0281_default,281.png,0281_default キルリア:顔,picasso-standard-v340,図鑑・ボックス・寝顔、または確認待ちギャラリーから参照,,False
assets/pokemon/picasso-v340/0281_default/full.webp,使用中,29274,90488ea0f2171498e364893d98d2f2699abb89571494b009e983a50ca2a2e7dc,0281_default,281(1).png,0281_default キルリア:全身,picasso-standard-v340,図鑑・ボックス・寝顔、または確認待ちギャラリーから参照,,False
assets/pokemon/picasso-v340/0282_default/face.webp,使用中,28760,b02e9786d738a7d0e042b9843c74dec201554697e561ee156a5877f36188e7ac,0282_default,282.png,0282_default サーナイト:顔,picasso-standard-v340,図鑑・ボックス・寝顔、または確認待ちギャラリーから参照,,False
assets/pokemon/picasso-v340/0282_default/full.webp,使用中,24132,e39ee0de4777dc4ec7cc4c2c4600a5b509585ed33c3c4a8edd61d9c6b76314ea,0282_default,282(1).png,0282_default サーナイト:全身,picasso-standard-v340,図鑑・ボックス・寝顔、または確認待ちギャラリーから参照,,False
assets/pokemon/picasso-v340/0287_default/face.webp,使用中,21904,1af8f9e3ea6621198fad6103c661ea2d4075e10b088418dac80d0d2fc29df44b,0287_default,287(2).png,0287_default ナマケロ:顔,picasso-standard-v340,図鑑・ボックス・寝顔、または確認待ちギャラリーから参照,,False
assets/pokemon/picasso-v340/0287_default/full.webp,使用中,16348,02743018d7ffcd34fd17e56384644bf74c6a47aaea49e43e54110d43ea07341c,0287_default,287.png,0287_default ナマケロ:全身,picasso-standard-v340,図鑑・ボックス・寝顔、または確認待ちギャラリーから参照,,False
assets/pokemon/picasso-v340/0288_default/face.webp,使用中,26192,98261b28ab624f8c2fb5882a98ac51bed76c52461ef04a0d27c1eb439700fd1f,0288_default,288.png,0288_default ヤルキモノ:顔,picasso-standard-v340,図鑑・ボックス・寝顔、または確認待ちギャラリーから参照,,False
assets/pokemon/picasso-v340/0288_default/full.webp,使用中,26994,b8956c1828fbab2e7a4e51d3b9cffdf5b8c729774337ac175f104bd3f89d1956,0288_default,288(1).png,0288_default ヤルキモノ:全身,picasso-standard-v340,図鑑・ボックス・寝顔、または確認待ちギャラリーから参照,,False
assets/pokemon/picasso-v340/0289_default/face.webp,使用中,30574,0d51df033a26a1cb2efec440e1131455424240f345f5c5453079ceae7948e856,0289_default,289.png,0289_default ケッキング:顔,picasso-standard-v340,図鑑・ボックス・寝顔、または確認待ちギャラリーから参照,,False
assets/pokemon/picasso-v340/0289_default/full.webp,使用中,24912,f68960550795ac7ed500a731602d452766ff353e9190cb568dc0a60ffe8bd697,0289_default,289(1).png,0289_default ケッキング:全身,picasso-standard-v340,図鑑・ボックス・寝顔、または確認待ちギャラリーから参照,,False
assets/pokemon/picasso-v340/0302_default/face.webp,使用中,30324,a70752c85bc82a35d70bfcfcd44bd6264c695e9161c4e6d75e7053afc812b58b,0302_default,302(2).png,0302_default ヤミラミ:顔,picasso-standard-v340,図鑑・ボックス・寝顔、または確認待ちギャラリーから参照,,False
assets/pokemon/picasso-v340/0302_default/full.webp,使用中,29288,d18f797489eeb1c4ba11ad2483ae040af91c4e6c0afeeb851167124424a1f23f,0302_default,302.png,0302_default ヤミラミ:全身,picasso-standard-v340,図鑑・ボックス・寝顔、または確認待ちギャラリーから参照,,False
assets/pokemon/picasso-v340/0303_default/face.webp,使用中,33798,2af0bcf6ed75be9e60953fbbf4a1fbd219c1ef4e60fd21a14486eb8bbfeb6a83,0303_default,303(2).png,0303_default クチート:顔,picasso-standard-v340,図鑑・ボックス・寝顔、または確認待ちギャラリーから参照,,False
assets/pokemon/picasso-v340/0303_default/full.webp,使用中,28588,6358b29f097c66d2eca3346dd0264c02ea430f57d5187ddd13dd60e7f0006e1c,0303_default,303.png,0303_default クチート:全身,picasso-standard-v340,図鑑・ボックス・寝顔、または確認待ちギャラリーから参照,,False
assets/pokemon/picasso-v340/0304_default/face.webp,使用中,31920,9de76b8f31d50dc0b2454c8eeb90cac7e8d09a98b08ea41c75fc787275da1cd1,0304_default,304(2).png,0304_default ココドラ:顔,picasso-standard-v340,図鑑・ボックス・寝顔、または確認待ちギャラリーから参照,,False
assets/pokemon/picasso-v340/0304_default/full.webp,使用中,30812,c8cf6a9274a255a5b928fbc25a54cef57c5d6b95a5a128be17f710008a744469,0304_default,304.png,0304_default ココドラ:全身,picasso-standard-v340,図鑑・ボックス・寝顔、または確認待ちギャラリーから参照,,False
assets/pokemon/picasso-v340/0305_default/face.webp,使用中,31068,52e7f7e32913ad5e580911ce01fc61e6d9b30902dc49556f7597956cb07ed6d6,0305_default,305.png,0305_default コドラ:顔,picasso-standard-v340,図鑑・ボックス・寝顔、または確認待ちギャラリーから参照,,False
assets/pokemon/picasso-v340/0305_default/full.webp,使用中,26602,150a352140a35922b8236dd0043d1dbe7f4a25ca6a74ea9076ca37e29d7d8cf0,0305_default,305(1).png,0305_default コドラ:全身,picasso-standard-v340,図鑑・ボックス・寝顔、または確認待ちギャラリーから参照,,False
assets/pokemon/picasso-v340/0306_default/face.webp,使用中,24506,4f825371ded258e3dafc575b46557792953ad0d5f36b4d5f832e9a9b91cbe852,0306_default,306.png,0306_default ボスゴドラ:顔,picasso-standard-v340,図鑑・ボックス・寝顔、または確認待ちギャラリーから参照,,False
assets/pokemon/picasso-v340/0306_default/full.webp,使用中,29710,fff38f812518c3f2d0c7685711e3b73102ab87f1f5729fdea56f53c73e0d13e9,0306_default,306(1).png,0306_default ボスゴドラ:全身,picasso-standard-v340,図鑑・ボックス・寝顔、または確認待ちギャラリーから参照,,False
assets/pokemon/picasso-v340/0311_default/face.webp,使用中,28206,cd22e35cce6aafe3015e29aee1e7f21f4a29a1f05a75c28951cae6e4d60717b3,0311_default,311(2).png,0311_default プラスル:顔,picasso-standard-v340,図鑑・ボックス・寝顔、または確認待ちギャラリーから参照,,False
assets/pokemon/picasso-v340/0311_default/full.webp,使用中,25614,08d72e38a574ad3b66dc75163f088428e238eee0e89499ba380a9821ca8e35f9,0311_default,311.png,0311_default プラスル:全身,picasso-standard-v340,図鑑・ボックス・寝顔、または確認待ちギャラリーから参照,,False
assets/pokemon/picasso-v340/0312_default/face.webp,使用中,29152,167fb04b802d7d50d42b8d7720a1045102ef82b56a8668fe1b6415b73d1f9c29,0312_default,312(2).png,0312_default マイナン:顔,picasso-standard-v340,図鑑・ボックス・寝顔、または確認待ちギャラリーから参照,,False
assets/pokemon/picasso-v340/0312_default/full.webp,使用中,25706,40b3f682dcc824b2e40a1d7297b9fd006705e3afb98d03ff99034ae45191662c,0312_default,312.png,0312_default マイナン:全身,picasso-standard-v340,図鑑・ボックス・寝顔、または確認待ちギャラリーから参照,,False
assets/pokemon/picasso-v340/0316_default/face.webp,使用中,17334,b87b01f9bfc2a14039f6d0d286ae692906008389e28ff0fd7b3af888bcad4c4c,0316_default,316(2).png,0316_default ゴクリン:顔,picasso-standard-v340,図鑑・ボックス・寝顔、または確認待ちギャラリーから参照,,False
assets/pokemon/picasso-v340/0316_default/full.webp,使用中,18560,effce7a442ac98093a6d8f2c8c525d4894fe51e9122f3b4b2f2b629b7272c213,0316_default,316.png,0316_default ゴクリン:全身,picasso-standard-v340,図鑑・ボックス・寝顔、または確認待ちギャラリーから参照,,False
assets/pokemon/picasso-v340/0317_default/face.webp,使用中,20802,98076a22089f5df2dec5904142cb4206d36f56b99ec854f47b06e8626b33c588,0317_default,317.png,0317_default マルノーム:顔,picasso-standard-v340,図鑑・ボックス・寝顔、または確認待ちギャラリーから参照,,False
assets/pokemon/picasso-v340/0317_default/full.webp,使用中,25710,fb7d2cf88e5f85d7e6ffaaec7e96c1ff8d4917335c87e9fc5e003e88d8893386,0317_default,317(1).png,0317_default マルノーム:全身,picasso-standard-v340,図鑑・ボックス・寝顔、または確認待ちギャラリーから参照,,False
assets/pokemon/picasso-v340/0328_default/face.webp,使用中,21414,f0102b182e98b318d570076f1500e319727acb2f8ca2aef6ac9b6b48d9a746b7,0328_default,328(2).png,0328_default ナックラー:顔,picasso-standard-v340,図鑑・ボックス・寝顔、または確認待ちギャラリーから参照,,False
assets/pokemon/picasso-v340/0328_default/full.webp,使用中,22854,9daa0b69ba7224fbf9f802ebb7b00851a1bf79fba3d8f65977ebd23df55fb8a2,0328_default,328.png,0328_default ナックラー:全身,picasso-standard-v340,図鑑・ボックス・寝顔、または確認待ちギャラリーから参照,,False
assets/pokemon/picasso-v340/0329_default/face.webp,使用中,45176,bd2a636c1b6a8261982ac429bfa94cde64c4055a408ba475352bfc5ee9044b67,0329_default,329.png,0329_default ビブラーバ:顔,picasso-standard-v340,図鑑・ボックス・寝顔、または確認待ちギャラリーから参照,,False
assets/pokemon/picasso-v340/0329_default/full.webp,使用中,46104,594abd7b08a1dda11d73d28f90a6c2ed2c32cd5372a0c220f6aa3641138a65dd,0329_default,329(1).png,0329_default ビブラーバ:全身,picasso-standard-v340,図鑑・ボックス・寝顔、または確認待ちギャラリーから参照,,False
assets/pokemon/picasso-v340/0330_default/face.webp,使用中,35756,ff3966dda51269dbfe2cdaf5511d43ebf6d3747efec7150ad11f0d9120f10742,0330_default,330.png,0330_default フライゴン:顔,picasso-standard-v340,図鑑・ボックス・寝顔、または確認待ちギャラリーから参照,,False
assets/pokemon/picasso-v340/0330_default/full.webp,使用中,29674,fe49dce1d42e0a20180d0a69bde10bfab9ab83bd5e7775c05834010ac3cfc2c3,0330_default,330(1).png,0330_default フライゴン:全身,picasso-standard-v340,図鑑・ボックス・寝顔、または確認待ちギャラリーから参照,,False
assets/pokemon/picasso-v340/0333_default/face.webp,使用中,24212,dc9571fa3fd36f6093437fe9626718ad0ba9c991324a829474e579e6d55252bf,0333_default,333(2).png,0333_default チルット:顔,picasso-standard-v340,図鑑・ボックス・寝顔、または確認待ちギャラリーから参照,,False
assets/pokemon/picasso-v340/0333_default/full.webp,使用中,21438,557ba6aa531725a50025cc4657a5f0ecfa7b2e5b3599c0e11c96f8e64723f84c,0333_default,333.png,0333_default チルット:全身,picasso-standard-v340,図鑑・ボックス・寝顔、または確認待ちギャラリーから参照,,False
assets/pokemon/picasso-v340/0334_default/face.webp,使用中,18494,4f14347f3d0655142c7c043f2d950284f15a9637246fc3fd9ffc6b595b63660b,0334_default,334.png,0334_default チルタリス:顔,picasso-standard-v340,図鑑・ボックス・寝顔、または確認待ちギャラリーから参照,,False
assets/pokemon/picasso-v340/0334_default/full.webp,使用中,24356,dbcd1101daeadf84e4a910109e3e685f659d15e830d826db7095e03ef95b0b35,0334_default,334(1).png,0334_default チルタリス:全身,picasso-standard-v340,図鑑・ボックス・寝顔、または確認待ちギャラリーから参照,,False
assets/pokemon/picasso-v340/0353_default/face.webp,使用中,21274,0bcc15ab0467705b948a1dac114a7387573c1cbb174ddff08b451c3cd75724b6,0353_default,353(2).png,0353_default カゲボウズ:顔,picasso-standard-v340,図鑑・ボックス・寝顔、または確認待ちギャラリーから参照,,False
assets/pokemon/picasso-v340/0353_default/full.webp,使用中,15700,295860c060d49caaf7317786d82bc4eff2628a14c88d935c4e35efebad4fa4b7,0353_default,353.png,0353_default カゲボウズ:全身,picasso-standard-v340,図鑑・ボックス・寝顔、または確認待ちギャラリーから参照,,False
assets/pokemon/picasso-v340/0354_default/face.webp,使用中,25532,ed38b2dad527cee48729a90d55bc7bbe16db021a20226709528fad31ebcead8a,0354_default,354.png,0354_default ジュペッタ:顔,picasso-standard-v340,図鑑・ボックス・寝顔、または確認待ちギャラリーから参照,,False
assets/pokemon/picasso-v340/0354_default/full.webp,使用中,24686,85405742f165b84570efea15a94020098d07dc56a46b1db10d49cb83a97a4840,0354_default,354(1).png,0354_default ジュペッタ:全身,picasso-standard-v340,図鑑・ボックス・寝顔、または確認待ちギャラリーから参照,,False
assets/pokemon/picasso-v340/0359_default/face.webp,使用中,20208,1674fe1f00e07a684a9b1b611b6e612e5a858e850c69b5adc1bc91720c32354f,0359_default,359(2).png,0359_default アブソル:顔,picasso-standard-v340,図鑑・ボックス・寝顔、または確認待ちギャラリーから参照,,False
assets/pokemon/picasso-v340/0359_default/full.webp,使用中,26140,67388b2e8da9322da76e487a891a456ba6b374f3f84503a12b83c441a82e8906,0359_default,359.png,0359_default アブソル:全身,picasso-standard-v340,図鑑・ボックス・寝顔、または確認待ちギャラリーから参照,,False
assets/pokemon/picasso-v340/0360_default/face.webp,使用中,26110,3268e665aaa984605a4f09350c919abafd18f003a6f7154dfc81a0f9d21b0c59,0360_default,360.png,0360_default ソーナノ:顔,picasso-standard-v340,図鑑・ボックス・寝顔、または確認待ちギャラリーから参照,,False
assets/pokemon/picasso-v340/0360_default/full.webp,使用中,32254,54924b4a473c54208daf3a768e1e17999e7aeeca7194585522d917d47ed27fe9,0360_default,360(2).png,0360_default ソーナノ:全身,picasso-standard-v340,図鑑・ボックス・寝顔、または確認待ちギャラリーから参照,,False
assets/pokemon/picasso-v340/0363_default/face.webp,使用中,20388,82c052b91c24104b5da1f20c7269a6b7fcb4b578a0aad0251a0515179331baf0,0363_default,363(2).png,0363_default タマザラシ:顔,picasso-standard-v340,図鑑・ボックス・寝顔、または確認待ちギャラリーから参照,,False
assets/pokemon/picasso-v340/0363_default/full.webp,使用中,23686,ffe1bb67bcbcc27c8b6c6f2d6378d5cb2d169e59273647d3d737246945ed9df6,0363_default,363.png,0363_default タマザラシ:全身,picasso-standard-v340,図鑑・ボックス・寝顔、または確認待ちギャラリーから参照,,False
assets/pokemon/picasso-v340/0363_holiday/full.webp,使用中,43560,4dcab724119353ad295c76d9499e4b2fc58f3aa94445168426ca3a4cd7d41bd7,0363_holiday,363-holiday.png,0363_holiday タマザラシ(ホリデー):全身,picasso-standard-v340,図鑑・ボックス・寝顔、または確認待ちギャラリーから参照,,False
assets/pokemon/picasso-v340/0364_default/face.webp,使用中,20748,b620015c07d39f6d4d3d0750cf56ef2c3b332087b29d4b7315ecd7b20d58000d,0364_default,364.png,0364_default トドグラー:顔,picasso-standard-v340,図鑑・ボックス・寝顔、または確認待ちギャラリーから参照,,False
assets/pokemon/picasso-v340/0364_default/full.webp,使用中,19540,5c6834e7a72e3c98accdc04682dce1879571de1e666264865a6ee197461a83cd,0364_default,364(1).png,0364_default トドグラー:全身,picasso-standard-v340,図鑑・ボックス・寝顔、または確認待ちギャラリーから参照,,False
assets/pokemon/picasso-v340/0365_default/face.webp,使用中,24612,ca07f9360220703055cee175fb4012dddc682d7469d89d5e6095f54fb05015aa,0365_default,365.png,0365_default トドゼルガ:顔,picasso-standard-v340,図鑑・ボックス・寝顔、または確認待ちギャラリーから参照,,False
assets/pokemon/picasso-v340/0365_default/full.webp,使用中,24962,9a51b064ec38a169f0f8aaf486cacf43566b0dae7f78cb4ea368a92a556365e3,0365_default,365(1).png,0365_default トドゼルガ:全身,picasso-standard-v340,図鑑・ボックス・寝顔、または確認待ちギャラリーから参照,,False
assets/pokemon/picasso-v340/0371_default/face.webp,使用中,26288,fd58bdadb5d7ab1f634fd0cc420563dd538bbe73e07f927b8368485c9cdd5054,0371_default,371(2).png,0371_default タツベイ:顔,picasso-standard-v340,図鑑・ボックス・寝顔、または確認待ちギャラリーから参照,,False
assets/pokemon/picasso-v340/0371_default/full.webp,使用中,22084,78b2f8908ea3efb5340c1d7ba4e8e04e8ee0ae4628e03d6e711006b5344c4fa3,0371_default,371.png,0371_default タツベイ:全身,picasso-standard-v340,図鑑・ボックス・寝顔、または確認待ちギャラリーから参照,,False
assets/pokemon/picasso-v340/0372_default/face.webp,使用中,25440,aa8f12df94a097b3f5e42c66d553827901b4a5e895898ef45dbd1732ef52d31a,0372_default,372.png,0372_default コモルー:顔,picasso-standard-v340,図鑑・ボックス・寝顔、または確認待ちギャラリーから参照,,False
assets/pokemon/picasso-v340/0372_default/full.webp,使用中,24088,1d46d125d275069cba683a99d5e66eb9f1d2ef92eac662f34f20a6a03f9f86ec,0372_default,372(1).png,0372_default コモルー:全身,picasso-standard-v340,図鑑・ボックス・寝顔、または確認待ちギャラリーから参照,,False
assets/pokemon/picasso-v340/0373_default/face.webp,使用中,36560,72e820722ad867b45d2f05cade0959c9dd41bfcf2ecb6a647f3f2fe7a0801227,0373_default,373.png,0373_default ボーマンダ:顔,picasso-standard-v340,図鑑・ボックス・寝顔、または確認待ちギャラリーから参照,,False
assets/pokemon/picasso-v340/0373_default/full.webp,使用中,24350,1220aa2f0d4afbe769386031b6021a3926fcb9ed2afef6b770def5bc38de684b,0373_default,373(1).png,0373_default ボーマンダ:全身,picasso-standard-v340,図鑑・ボックス・寝顔、または確認待ちギャラリーから参照,,False
assets/pokemon/picasso-v340/0380_default/face.webp,使用中,31472,6039cba196e945f0acaee483665d9c803167e3d810b4276b222f80bf461876a5,0380_default,380(2).png,0380_default ラティアス:顔,picasso-standard-v340,図鑑・ボックス・寝顔、または確認待ちギャラリーから参照,,False
assets/pokemon/picasso-v340/0380_default/full.webp,使用中,27766,d08d1c85894fdddd3368ce3b1f6d69a07b89628a27ddc3249496287f0fdb5511,0380_default,380.png,0380_default ラティアス:全身,picasso-standard-v340,図鑑・ボックス・寝顔、または確認待ちギャラリーから参照,,False
assets/pokemon/picasso-v340/0381_default/face.webp,使用中,32584,e99fc284a9ef5dbb6c989ed0c0e617302db062df638fa4aca79188edaeb6d960,0381_default,381(2).png,0381_default ラティオス:顔,picasso-standard-v340,図鑑・ボックス・寝顔、または確認待ちギャラリーから参照,,False
assets/pokemon/picasso-v340/0381_default/full.webp,使用中,27368,483d0786d025b0674cc71fc01b06cf58b9dca2cbd7b92f88ff03d3cb627bed38,0381_default,381.png,0381_default ラティオス:全身,picasso-standard-v340,図鑑・ボックス・寝顔、または確認待ちギャラリーから参照,,False
assets/pokemon/picasso-v340/0387_default/face.webp,使用中,34414,6d3c4522e09b9daab1345fafe97469e883bb1078afd42a3e75f26dcf1e58a5ec,0387_default,387(2).png,0387_default ナエトル:顔,picasso-standard-v340,図鑑・ボックス・寝顔、または確認待ちギャラリーから参照,,False
assets/pokemon/picasso-v340/0387_default/full.webp,使用中,27312,42169b933a6593b5c7f70a0899dd2e7bda51529ddf7a1ffc2510b8dd65820ebd,0387_default,387(1).png,0387_default ナエトル:全身,picasso-standard-v340,図鑑・ボックス・寝顔、または確認待ちギャラリーから参照,,False
assets/pokemon/picasso-v340/0388_default/face.webp,使用中,37108,efa9e920819efad8222d980369758b507ff617f0c258e5b36cc309c25a701cb6,0388_default,388.png,0388_default ハヤシガメ:顔,picasso-standard-v340,図鑑・ボックス・寝顔、または確認待ちギャラリーから参照,,False
assets/pokemon/picasso-v340/0388_default/full.webp,使用中,41188,418595f97569daad6b86f9e94131485af84e21d25b2c968b222dce57ec3c77d2,0388_default,388(1).png,0388_default ハヤシガメ:全身,picasso-standard-v340,図鑑・ボックス・寝顔、または確認待ちギャラリーから参照,,False
assets/pokemon/picasso-v340/0389_default/face.webp,使用中,26566,0562fcdef2c0bb0956d6f8d6a1706cae6754223c379019244221abfa995d5d89,0389_default,389.png,0389_default ドダイトス:顔,picasso-standard-v340,図鑑・ボックス・寝顔、または確認待ちギャラリーから参照,,False
assets/pokemon/picasso-v340/0389_default/full.webp,使用中,30420,f19c9cd4f1ed9b56003ee01ddf3435a2d874e2e5d0e3c412b42dc0a3c1fda391,0389_default,389(1).png,0389_default ドダイトス:全身,picasso-standard-v340,図鑑・ボックス・寝顔、または確認待ちギャラリーから参照,,False
assets/pokemon/picasso-v340/0390_default/face.webp,使用中,38490,6b54ca746bbd487504c91e4c0e1086c91179713920d338a2dd55a2cabc369f60,0390_default,390(2).png,0390_default ヒコザル:顔,picasso-standard-v340,図鑑・ボックス・寝顔、または確認待ちギャラリーから参照,,False
assets/pokemon/picasso-v340/0390_default/full.webp,使用中,27098,0a8c86a5088dccb3e922c885d1e19246cd439f92de62eeed3d48b70befc5906c,0390_default,390.png,0390_default ヒコザル:全身,picasso-standard-v340,図鑑・ボックス・寝顔、または確認待ちギャラリーから参照,,False
assets/pokemon/picasso-v340/0391_default/face.webp,使用中,47784,c886c1ea2bf8610e3aaa455159442b9211db4a15d8ab12d733834a380cc10047,0391_default,391.png,0391_default モウカザル:顔,picasso-standard-v340,図鑑・ボックス・寝顔、または確認待ちギャラリーから参照,,False
assets/pokemon/picasso-v340/0391_default/full.webp,使用中,27146,921a456afc8a096d79b9705ab18af287640fd4614437695f0e7585f4de9028fc,0391_default,391(1).png,0391_default モウカザル:全身,picasso-standard-v340,図鑑・ボックス・寝顔、または確認待ちギャラリーから参照,,False
assets/pokemon/picasso-v340/0392_default/face.webp,使用中,45892,d8cd92e2db893a0c78817072c1862a207e57a069dd6fb079c76b1bcb4b8d1434,0392_default,392.png,0392_default ゴウカザル:顔,picasso-standard-v340,図鑑・ボックス・寝顔、または確認待ちギャラリーから参照,,False
assets/pokemon/picasso-v340/0392_default/full.webp,使用中,42014,15e6e631d952d7b9dc756e5985af2bb246eb1d4e363724f1bef9d13fa4948c07,0392_default,392(1).png,0392_default ゴウカザル:全身,picasso-standard-v340,図鑑・ボックス・寝顔、または確認待ちギャラリーから参照,,False
assets/pokemon/picasso-v340/0393_default/face.webp,使用中,33326,bdde647a86b921892f6187755ec06f48cd26ebf5c8b643db85ce99764ae47861,0393_default,393(20261003-145648).png,0393_default ポッチャマ:顔,picasso-standard-v340,図鑑・ボックス・寝顔、または確認待ちギャラリーから参照,,False
assets/pokemon/picasso-v340/0393_default/full.webp,使用中,32848,5f3f11f66c7b774c8f4ddd190ea4fec259e43f30dbedb2be7ab31b06e6a891ec,0393_default,393.png,0393_default ポッチャマ:全身,picasso-standard-v340,図鑑・ボックス・寝顔、または確認待ちギャラリーから参照,,False
assets/pokemon/picasso-v340/0394_default/face.webp,使用中,33054,17ea85ba009944b38e3bded5fa37aba00c4ba7bd0c877a124cda739819402950,0394_default,394.png,0394_default ポッタイシ:顔,picasso-standard-v340,図鑑・ボックス・寝顔、または確認待ちギャラリーから参照,,False
assets/pokemon/picasso-v340/0394_default/full.webp,使用中,33736,f518877ec576d84484945a22ce3f6eeb2d88a7adddb87027773e884455001e9b,0394_default,394(1).png,0394_default ポッタイシ:全身,picasso-standard-v340,図鑑・ボックス・寝顔、または確認待ちギャラリーから参照,,False
assets/pokemon/picasso-v340/0395_default/face.webp,使用中,40344,8d6d6e396ed2f0eb83baf3f95bd8cdcb302cd4844ca88b93803f6fea99135aa2,0395_default,395.png,0395_default エンペルト:顔,picasso-standard-v340,図鑑・ボックス・寝顔、または確認待ちギャラリーから参照,,False
assets/pokemon/picasso-v340/0395_default/full.webp,使用中,30688,2eb6879b63711a67e079736629a2710627f01571f83d6018a059498adf772873,0395_default,395(1).png,0395_default エンペルト:全身,picasso-standard-v340,図鑑・ボックス・寝顔、または確認待ちギャラリーから参照,,False
assets/pokemon/picasso-v340/0403_default/face.webp,使用中,31460,ce6a57528caf9c809f57bb01a1e2e3bb071809f20d5f0dfcca7625ce0160e690,0403_default,403(2).png,0403_default コリンク:顔,picasso-standard-v340,図鑑・ボックス・寝顔、または確認待ちギャラリーから参照,,False
assets/pokemon/picasso-v340/0403_default/full.webp,使用中,27882,8326edd8a044978f80c49abcc5c2a4ba2b92fce7123aab467625c4ba27bb6359,0403_default,403.png,0403_default コリンク:全身,picasso-standard-v340,図鑑・ボックス・寝顔、または確認待ちギャラリーから参照,,False
assets/pokemon/picasso-v340/0404_default/face.webp,使用中,37032,cb17e7c7901eddb95a1996b1146b36fb363e1ef17ebd150bb3a84db3b2a3a938,0404_default,404.png,0404_default ルクシオ:顔,picasso-standard-v340,図鑑・ボックス・寝顔、または確認待ちギャラリーから参照,,False
assets/pokemon/picasso-v340/0404_default/full.webp,使用中,33312,4e4ec36951e9bac7c1e866ce3ba307311265de98c8e45f848dad186192cdc32d,0404_default,404(1).png,0404_default ルクシオ:全身,picasso-standard-v340,図鑑・ボックス・寝顔、または確認待ちギャラリーから参照,,False
assets/pokemon/picasso-v340/0405_default/face.webp,使用中,29056,91f232e459bc060cde3dce42ded86a94f9a397748ad16e9571e2a803ccb58a15,0405_default,405.png,0405_default レントラー:顔,picasso-standard-v340,図鑑・ボックス・寝顔、または確認待ちギャラリーから参照,,False
assets/pokemon/picasso-v340/0405_default/full.webp,使用中,37436,bb7d74530fef96079705cc1753cf2a2500fc07adb0805d5696758a51030c75e5,0405_default,405(1).png,0405_default レントラー:全身,picasso-standard-v340,図鑑・ボックス・寝顔、または確認待ちギャラリーから参照,,False
assets/pokemon/picasso-v340/0425_default/face.webp,使用中,25746,b2018ede97b1cf7b13fa8e506030cbd0fd1812fbbb9c5e58c9afbc5d9304eb59,0425_default,425(2).png,0425_default フワンテ:顔,picasso-standard-v340,図鑑・ボックス・寝顔、または確認待ちギャラリーから参照,,False
assets/pokemon/picasso-v340/0425_default/full.webp,使用中,17324,132e9257044311cafba6d4cc6f3206bf4141ad8611533caf23ef0a2eb52c26c6,0425_default,425.png,0425_default フワンテ:全身,picasso-standard-v340,図鑑・ボックス・寝顔、または確認待ちギャラリーから参照,,False
assets/pokemon/picasso-v340/0426_default/face.webp,使用中,31114,70a8f561a771934cc5f36285badf1dcf1a57d617692b05622085d5ef621d5f0d,0426_default,426.png,0426_default フワライド:顔,picasso-standard-v340,図鑑・ボックス・寝顔、または確認待ちギャラリーから参照,,False
assets/pokemon/picasso-v340/0426_default/full.webp,使用中,22966,787d28878b53c74cd19a5ba918ec132c8f7a2f5ea96e4a98fec57bc5acf40cb2,0426_default,426(1).png,0426_default フワライド:全身,picasso-standard-v340,図鑑・ボックス・寝顔、または確認待ちギャラリーから参照,,False
assets/pokemon/picasso-v340/0430_default/face.webp,使用中,26224,d8a0fae33b706e2f33480c8f3443ee7a6f5e0c78fd1bee62c4125a37ca1074d6,0430_default,430.png,0430_default ドンカラス:顔,picasso-standard-v340,図鑑・ボックス・寝顔、または確認待ちギャラリーから参照,,False
assets/pokemon/picasso-v340/0430_default/full.webp,使用中,29454,461a630c90682f4d3561a2ff6c2791756991c530fde211af6609e86ad689da4d,0430_default,430(1).png,0430_default ドンカラス:全身,picasso-standard-v340,図鑑・ボックス・寝顔、または確認待ちギャラリーから参照,,False
assets/pokemon/picasso-v340/0438_default/face.webp,使用中,26392,7b4ef1789d8589e742568c01b327dbf93a273f0e3af95b0c50ecced594f25e4d,0438_default,438.png,0438_default ウソハチ:顔,picasso-standard-v340,図鑑・ボックス・寝顔、または確認待ちギャラリーから参照,,False
assets/pokemon/picasso-v340/0438_default/full.webp,使用中,25724,d1ae1eb7393dc96e53777007d9f25dbbe4f61a0cf01db29617fc8512d1111e2d,0438_default,438(1).png,0438_default ウソハチ:全身,picasso-standard-v340,図鑑・ボックス・寝顔、または確認待ちギャラリーから参照,,False
assets/pokemon/picasso-v340/0439_default/face.webp,使用中,27194,ef82c7fe04d1b99a70346e0d64ffc8060f25ee4f039717993a8893ab1bd124e1,0439_default,439.png,0439_default マネネ:顔,picasso-standard-v340,図鑑・ボックス・寝顔、または確認待ちギャラリーから参照,,False
assets/pokemon/picasso-v340/0439_default/full.webp,使用中,23000,db32f573a631f2cb968e5be26308a7ecb9dd00ee937090453650e86f32085747,0439_default,439(1).png,0439_default マネネ:全身,picasso-standard-v340,図鑑・ボックス・寝顔、または確認待ちギャラリーから参照,,False
assets/pokemon/picasso-v340/0440_default/face.webp,使用中,27538,fc2d6f2c333328495ea5800e698e4a8c37a029a03b292310bca640039d911088,0440_default,440.png,0440_default ピンプク:顔,picasso-standard-v340,図鑑・ボックス・寝顔、または確認待ちギャラリーから参照,,False
assets/pokemon/picasso-v340/0442_default/face.webp,使用中,53186,0fded58894fe3d03f4af49f447fcbfc38efbabfa8d5440d457a0d4315c1342bc,0442_default,442(1).png,0442_default ミカルゲ:顔,picasso-standard-v340,図鑑・ボックス・寝顔、または確認待ちギャラリーから参照,,False
assets/pokemon/picasso-v340/0442_default/full.webp,使用中,54332,c11b979cc358361784c0d60e272e0a6158972952be7f9cf0d973c376f9dcc3c4,0442_default,442.png,0442_default ミカルゲ:全身,picasso-standard-v340,図鑑・ボックス・寝顔、または確認待ちギャラリーから参照,,False
assets/pokemon/picasso-v340/0447_default/face.webp,使用中,29526,b9da6ab40da025f7b1d3bf3e3e629393a59111b90f2d01a2892f2067764d8a17,0447_default,447(2).png,0447_default リオル:顔,picasso-standard-v340,図鑑・ボックス・寝顔、または確認待ちギャラリーから参照,,False
assets/pokemon/picasso-v340/0447_default/full.webp,使用中,32562,35e02d5c86a1bf0c7a6ab2dfecf13ef216513df19ff78a7564f491f6b7aa0910,0447_default,447.png,0447_default リオル:全身,picasso-standard-v340,図鑑・ボックス・寝顔、または確認待ちギャラリーから参照,,False
assets/pokemon/picasso-v340/0448_default/face.webp,使用中,32130,eaba616d08ff0ecd4d43895eabe258a8c00db666ef4c20e5e7390c100b55ef5f,0448_default,448.png,0448_default ルカリオ:顔,picasso-standard-v340,図鑑・ボックス・寝顔、または確認待ちギャラリーから参照,,False
assets/pokemon/picasso-v340/0448_default/full.webp,使用中,28724,25c5c4aa7baa8776eb1a756d1dbe3ce0f3f0085a7cfe0cabb307e9ed21b3683d,0448_default,448(1).png,0448_default ルカリオ:全身,picasso-standard-v340,図鑑・ボックス・寝顔、または確認待ちギャラリーから参照,,False
assets/pokemon/picasso-v340/0453_default/face.webp,使用中,34582,13be0235fba392e1434ba486eb88d8f76451faf44c429c901cb959011198d9d5,0453_default,453(2).png,0453_default グレッグル:顔,picasso-standard-v340,図鑑・ボックス・寝顔、または確認待ちギャラリーから参照,,False
assets/pokemon/picasso-v340/0453_default/full.webp,使用中,35672,309f434e8bcf3218e52c844d55930987f5c9f6da231be3a8fd4a539cc7a32ab8,0453_default,453.png,0453_default グレッグル:全身,picasso-standard-v340,図鑑・ボックス・寝顔、または確認待ちギャラリーから参照,,False
assets/pokemon/picasso-v340/0454_default/face.webp,使用中,30342,7539377afc66344b0592e81d2029d6222cfbeb47ea645a8e2b25579ac05def36,0454_default,454.png,0454_default ドクロッグ:顔,picasso-standard-v340,図鑑・ボックス・寝顔、または確認待ちギャラリーから参照,,False
assets/pokemon/picasso-v340/0454_default/full.webp,使用中,33880,ca3da2dc52f5ac6b916b803a59c349e3381b9f3e644c2f99c9ff17d0ed80468c,0454_default,454(1).png,0454_default ドクロッグ:全身,picasso-standard-v340,図鑑・ボックス・寝顔、または確認待ちギャラリーから参照,,False
assets/pokemon/picasso-v340/0459_default/face.webp,使用中,25130,50f3acfdd020299b551ed45d66f9b4129d108fcacc3da31ca902a1ee4acc70b4,0459_default,459(2).png,0459_default ユキカブリ:顔,picasso-standard-v340,図鑑・ボックス・寝顔、または確認待ちギャラリーから参照,,False
assets/pokemon/picasso-v340/0459_default/full.webp,使用中,21798,5e45bbe49654b2dbd27fa7fc13a30b8a37ff7e356b098b1b4c89c651a1950910,0459_default,459.png,0459_default ユキカブリ:全身,picasso-standard-v340,図鑑・ボックス・寝顔、または確認待ちギャラリーから参照,,False
assets/pokemon/picasso-v340/0460_default/face.webp,使用中,20352,e60ae6dc1cb7c9c8cabbc0411a3855e0a214e3828288a371a0abf2af4118f60a,0460_default,460.png,0460_default ユキノオー:顔,picasso-standard-v340,図鑑・ボックス・寝顔、または確認待ちギャラリーから参照,,False
assets/pokemon/picasso-v340/0460_default/full.webp,使用中,19298,440a531ebe510ecbb39875b4464dbb0e09a0ed2311175828a5a28a170df08212,0460_default,460(1).png,0460_default ユキノオー:全身,picasso-standard-v340,図鑑・ボックス・寝顔、または確認待ちギャラリーから参照,,False
assets/pokemon/picasso-v340/0461_default/face.webp,使用中,40098,a460f80102d818221eb0ba308b243cd8f27c2bd3b975411a9e1f59063c93e6e0,0461_default,461.png,0461_default マニューラ:顔,picasso-standard-v340,図鑑・ボックス・寝顔、または確認待ちギャラリーから参照,,False
assets/pokemon/picasso-v340/0461_default/full.webp,使用中,37162,6b048adcd7454046a27bbfda612ab7ac9a26da26ba07d910718a75531f52383c,0461_default,461(1).png,0461_default マニューラ:全身,picasso-standard-v340,図鑑・ボックス・寝顔、または確認待ちギャラリーから参照,,False
assets/pokemon/picasso-v340/0462_default/face.webp,使用中,29822,9b675e8d43797a282eb7dc80628aa34cc56ae1c7f2b5eb45ee85f685ce06ab21,0462_default,462.png,0462_default ジバコイル:顔,picasso-standard-v340,図鑑・ボックス・寝顔、または確認待ちギャラリーから参照,,False
assets/pokemon/picasso-v340/0462_default/full.webp,使用中,31080,36577b7c5779ffe8379e3597228eb695aba08a4d7e0be35cff8225d1b2199a2a,0462_default,462(1).png,0462_default ジバコイル:全身,picasso-standard-v340,図鑑・ボックス・寝顔、または確認待ちギャラリーから参照,,False
assets/pokemon/picasso-v340/0468_default/face.webp,使用中,20218,85e3f6d6f735d55de1475d61026cc75a8a85d845f7f9841b78faac7be3be6060,0468_default,468.png,0468_default トゲキッス:顔,picasso-standard-v340,図鑑・ボックス・寝顔、または確認待ちギャラリーから参照,,False
assets/pokemon/picasso-v340/0468_default/full.webp,使用中,16548,3ebdaed51c9259ac4652dd2b03231880b20aba712cb6e756d9e63e256664fe95,0468_default,468(1).png,0468_default トゲキッス:全身,picasso-standard-v340,図鑑・ボックス・寝顔、または確認待ちギャラリーから参照,,False
assets/pokemon/picasso-v340/0470_default/face.webp,使用中,33410,6c3c5a18dc6063aaedf1826c0fd0ca52803e4f0253d5769321fca33d710942ca,0470_default,470.png,0470_default リーフィア:顔,picasso-standard-v340,図鑑・ボックス・寝顔、または確認待ちギャラリーから参照,,False
assets/pokemon/picasso-v340/0470_default/full.webp,使用中,30134,d69a90271efc3b59fee0460876b4438473eb7ca8eeb0d35fb5bec7df748478dc,0470_default,470(1).png,0470_default リーフィア:全身,picasso-standard-v340,図鑑・ボックス・寝顔、または確認待ちギャラリーから参照,,False
assets/pokemon/picasso-v340/0471_default/face.webp,使用中,31426,6e501a8ddc786cd392b82516306d50b7cfcb5e07828b23d132a3b03c4984a45b,0471_default,471.png,0471_default グレイシア:顔,picasso-standard-v340,図鑑・ボックス・寝顔、または確認待ちギャラリーから参照,,False
assets/pokemon/picasso-v340/0471_default/full.webp,使用中,26018,09fd2f39f18d67859fd5a92d8b15b348f1d92418e1b7e7178bc7d18a101ad43c,0471_default,471(1).png,0471_default グレイシア:全身,picasso-standard-v340,図鑑・ボックス・寝顔、または確認待ちギャラリーから参照,,False
assets/pokemon/picasso-v340/0475_default/face.webp,使用中,29042,2d34149f73aac1679e9060b98a25151e20fa6ff8c772c728b2130ea352ea1c43,0475_default,475.png,0475_default エルレイド:顔,picasso-standard-v340,図鑑・ボックス・寝顔、または確認待ちギャラリーから参照,,False
assets/pokemon/picasso-v340/0475_default/full.webp,使用中,20980,6ddd87b8dab8669ac96287be5d71973b73091492cdf00aa48ed748275609c2db,0475_default,475(1).png,0475_default エルレイド:全身,picasso-standard-v340,図鑑・ボックス・寝顔、または確認待ちギャラリーから参照,,False
assets/pokemon/picasso-v340/0488_default/face.webp,使用中,24310,a0844605932aced852f33e62ec18e1ec712c775f01372834c7979ffb183b47b2,0488_default,488(2).png,0488_default クレセリア:顔,picasso-standard-v340,図鑑・ボックス・寝顔、または確認待ちギャラリーから参照,,False
assets/pokemon/picasso-v340/0488_default/full.webp,使用中,27840,537a37deb2d94bf45ad75800f1469be0eb3b3aad37453db4877f5ce25ea2ac20,0488_default,488.png,0488_default クレセリア:全身,picasso-standard-v340,図鑑・ボックス・寝顔、または確認待ちギャラリーから参照,,False
assets/pokemon/picasso-v340/0491_default/face.webp,使用中,30356,5c0a0baef8df08b7bb9fbd30f44ad5ae4f199c1c8a41a6207cd1813ec67d0aa3,0491_default,491(1).png,0491_default ダークライ:顔,picasso-standard-v340,図鑑・ボックス・寝顔、または確認待ちギャラリーから参照,,False
assets/pokemon/picasso-v340/0491_default/full.webp,使用中,34734,6afbc5ab80f4d97fb76719a005d6e4d0fb03ca1ff1f5569d747321bcd2f2d28c,0491_default,491.png,0491_default ダークライ:全身,picasso-standard-v340,図鑑・ボックス・寝顔、または確認待ちギャラリーから参照,,False
assets/pokemon/picasso-v340/0517_default/face.webp,使用中,23454,92f01daa8e0d5e8ad47546fad032b07cffeeb7e282e96143c0d4446ece335eb7,0517_default,517(1).png,0517_default ムンナ:顔,picasso-standard-v340,図鑑・ボックス・寝顔、または確認待ちギャラリーから参照,,False
assets/pokemon/picasso-v340/0517_default/full.webp,使用中,16232,99c68a21bf8bcb9caabe571cbe520fcce8472c454f95f13db16c3c696985923b,0517_default,517.png,0517_default ムンナ:全身,picasso-standard-v340,図鑑・ボックス・寝顔、または確認待ちギャラリーから参照,,False
assets/pokemon/picasso-v340/0518_default/face.webp,使用中,23420,66d0a8221ab2aebc7ab4436ab633684f08e99677dba18b52a8da7bb8834ab3d1,0518_default,518.png,0518_default ムシャーナ:顔,picasso-standard-v340,図鑑・ボックス・寝顔、または確認待ちギャラリーから参照,,False
assets/pokemon/picasso-v340/0518_default/full.webp,使用中,22128,a019746c76329305fd9ffd7540f32841c8ba3ae4cfa7a158affe5fc89fae5d44,0518_default,518(1).png,0518_default ムシャーナ:全身,picasso-standard-v340,図鑑・ボックス・寝顔、または確認待ちギャラリーから参照,,False
assets/pokemon/picasso-v340/0557_default/face.webp,使用中,32152,391487d145e124986d3d361f267de86547e508059dd533ba826220860507190d,0557_default,557(2).png,0557_default イシズマイ:顔,picasso-standard-v340,図鑑・ボックス・寝顔、または確認待ちギャラリーから参照,,False
assets/pokemon/picasso-v340/0557_default/full.webp,使用中,31298,a8de6ea859954f3e3f89cb2df2ed2710110564a37aa0ad2cd9595d7fbe3bbf2c,0557_default,557.png,0557_default イシズマイ:全身,picasso-standard-v340,図鑑・ボックス・寝顔、または確認待ちギャラリーから参照,,False
assets/pokemon/picasso-v340/0558_default/face.webp,使用中,30508,aef45f0ac436f528ede76db1798260bca0d672547bc6d9751101875530f860b5,0558_default,558.png,0558_default イワパレス:顔,picasso-standard-v340,図鑑・ボックス・寝顔、または確認待ちギャラリーから参照,,False
assets/pokemon/picasso-v340/0558_default/full.webp,使用中,35644,c4365b1d9dde58dedd4661588ef4faa83eb99b199754c61a478a3c1940164908,0558_default,558(1).png,0558_default イワパレス:全身,picasso-standard-v340,図鑑・ボックス・寝顔、または確認待ちギャラリーから参照,,False
assets/pokemon/picasso-v340/0627_default/face.webp,使用中,36718,5388f03ce3a28b9f5b7974c61bd8dd5783c9debfc3dfa05ef4c80860a0578277,0627_default,627(2).png,0627_default ワシボン:顔,picasso-standard-v340,図鑑・ボックス・寝顔、または確認待ちギャラリーから参照,,False
assets/pokemon/picasso-v340/0627_default/full.webp,使用中,34732,b96338734596813d1f2f4fc1ebea9a562150f84d40a664299b7e248d6b15f23c,0627_default,627.png,0627_default ワシボン:全身,picasso-standard-v340,図鑑・ボックス・寝顔、または確認待ちギャラリーから参照,,False
assets/pokemon/picasso-v340/0628_default/face.webp,使用中,41944,7256e91ea1e11d5c5f0caf8be8025d080b2f6c8e21a204f2076187633086e0d1,0628_default,628.png,0628_default ウォーグル:顔,picasso-standard-v340,図鑑・ボックス・寝顔、または確認待ちギャラリーから参照,,False
assets/pokemon/picasso-v340/0628_default/full.webp,使用中,28248,5210f80f293cb33e9fbe79340333caf945723125c571aa6e97336b0755a3df9b,0628_default,628(1).png,0628_default ウォーグル:全身,picasso-standard-v340,図鑑・ボックス・寝顔、または確認待ちギャラリーから参照,,False
assets/pokemon/picasso-v340/0696_default/face.webp,使用中,32892,3bb17d512617e4684040ff9a66724afcf981d5daa13091d2a21aaf535da779d5,0696_default,696(1).png,0696_default チゴラス:顔,picasso-standard-v340,図鑑・ボックス・寝顔、または確認待ちギャラリーから参照,,False
assets/pokemon/picasso-v340/0696_default/full.webp,使用中,32164,2f9f75520f9f2be7ae3a4fd4c1dceac21cc2bf0955bef6493e2a083864232c5e,0696_default,696(2).png,0696_default チゴラス:全身,picasso-standard-v340,図鑑・ボックス・寝顔、または確認待ちギャラリーから参照,,False
assets/pokemon/picasso-v340/0697_default/face.webp,使用中,43324,29a2e797cf1b44c69cf917f0d691a998fa4e4d54f5dc683a7eff1021773f4d8a,0697_default,697.png,0697_default ガチゴラス:顔,picasso-standard-v340,図鑑・ボックス・寝顔、または確認待ちギャラリーから参照,,False
assets/pokemon/picasso-v340/0697_default/full.webp,使用中,35322,7a43018ea8681f894c97b7d2d521acda4a4d595e2c2442660349a3b61bfbea19,0697_default,697(1).png,0697_default ガチゴラス:全身,picasso-standard-v340,図鑑・ボックス・寝顔、または確認待ちギャラリーから参照,,False
assets/pokemon/picasso-v340/0700_default/face.webp,使用中,33988,60555fe32767f9b3250ed220f3fbd475e0bb85511f1b34799cb27aaf7b743749,0700_default,700.png,0700_default ニンフィア:顔,picasso-standard-v340,図鑑・ボックス・寝顔、または確認待ちギャラリーから参照,,False
assets/pokemon/picasso-v340/0700_default/full.webp,使用中,32582,d922df2299184855209cc478f3cd65b9b0b210c616708f5b6514d731903b892f,0700_default,700(1).png,0700_default ニンフィア:全身,picasso-standard-v340,図鑑・ボックス・寝顔、または確認待ちギャラリーから参照,,False
assets/pokemon/picasso-v340/0701_default/face.webp,使用中,34408,ab93f844f9761651e1b7b0f83f41b7e4fb9a2b593828926be88b95662c6d425b,0701_default,701(2).png,0701_default ルチャブル:顔,picasso-standard-v340,図鑑・ボックス・寝顔、または確認待ちギャラリーから参照,,False
assets/pokemon/picasso-v340/0701_default/full.webp,使用中,31766,7a4b54fef2c5f034d637085c869c11b6f4fd13daa18f3910ebd89dd52749c141,0701_default,701.png,0701_default ルチャブル:全身,picasso-standard-v340,図鑑・ボックス・寝顔、または確認待ちギャラリーから参照,,False
assets/pokemon/picasso-v340/0702_default/face.webp,使用中,38974,b928a2ab65b3fbde9171fe9e5d60cb55664cbdf9424658ccbeb34fa70fe2ea18,0702_default,702(2).png,0702_default デデンネ:顔,picasso-standard-v340,図鑑・ボックス・寝顔、または確認待ちギャラリーから参照,,False
assets/pokemon/picasso-v340/0702_default/full.webp,使用中,31590,21f4152a84609d5f8d01aee84044b3c352a6e9511c21de9d14b3e6cd94e04973,0702_default,702.png,0702_default デデンネ:全身,picasso-standard-v340,図鑑・ボックス・寝顔、または確認待ちギャラリーから参照,,False
assets/pokemon/picasso-v340/0710_default/face.webp,使用中,28508,9344c3072434a5f97628aa36f073defe39886b10f961c9b256881623b3666edd,0710_default,710(2).png,0710_large バケッチャ(おおだま):顔 | 0710_small バケッチャ(こだま):顔 | 0710_medium バケッチャ(ちゅうだま):顔 | 0710_jumbo バケッチャ(ギガだま):顔,picasso-standard-v340,図鑑・ボックス・寝顔、または確認待ちギャラリーから参照,,False
assets/pokemon/picasso-v340/0710_default/full.webp,使用中,26040,dd1839a668200231a2a538fcd42f4a95aa9198b33238accc7e92e221163a0eed,0710_default,710.png,0710_large バケッチャ(おおだま):全身 | 0710_small バケッチャ(こだま):全身 | 0710_medium バケッチャ(ちゅうだま):全身 | 0710_jumbo バケッチャ(ギガだま):全身,picasso-standard-v340,図鑑・ボックス・寝顔、または確認待ちギャラリーから参照,,False
assets/pokemon/picasso-v340/0711_default/face.webp,使用中,27478,00ecfeb1c5a071ceb3d4cace9d58d1936c7be5ff9fae96de74b677b989afc86c,0711_default,711.png,0711_large パンプジン(おおだま):顔 | 0711_small パンプジン(こだま):顔 | 0711_medium パンプジン(ちゅうだま):顔 | 0711_jumbo パンプジン(ギガだま):顔,picasso-standard-v340,図鑑・ボックス・寝顔、または確認待ちギャラリーから参照,,False
assets/pokemon/picasso-v340/0711_default/full.webp,使用中,23670,49b8e2a6cdc7ec89765f4d5dd28e4189f8b2536273babc3e31f819b557a57b05,0711_default,711(1).png,0711_large パンプジン(おおだま):全身 | 0711_small パンプジン(こだま):全身 | 0711_medium パンプジン(ちゅうだま):全身 | 0711_jumbo パンプジン(ギガだま):全身,picasso-standard-v340,図鑑・ボックス・寝顔、または確認待ちギャラリーから参照,,False
assets/pokemon/picasso-v340/0714_default/face.webp,使用中,43474,22ce7c8cc1b994688853a40bf807363cb5cbd1166f8b8a48c488809811297053,0714_default,714(2).png,0714_default オンバット:顔,picasso-standard-v340,図鑑・ボックス・寝顔、または確認待ちギャラリーから参照,,False
assets/pokemon/picasso-v340/0714_default/full.webp,使用中,35326,2f32f0d9b916e7c94a31919f54b57352db1b24c91872a1f95b06d9de0ba4fbcf,0714_default,714.png,0714_default オンバット:全身,picasso-standard-v340,図鑑・ボックス・寝顔、または確認待ちギャラリーから参照,,False
assets/pokemon/picasso-v340/0715_default/face.webp,使用中,46832,d4643346aef99bb124f0f37d57dc0edfb7112b9f0ed00fcba556b119444edeec,0715_default,715.png,0715_default オンバーン:顔,picasso-standard-v340,図鑑・ボックス・寝顔、または確認待ちギャラリーから参照,,False
assets/pokemon/picasso-v340/0715_default/full.webp,使用中,26714,d296db8bf6c98e0bc2ac15b671d43a58c1fd479d3fc27a745ffc752467ce22e7,0715_default,715(1).png,0715_default オンバーン:全身,picasso-standard-v340,図鑑・ボックス・寝顔、または確認待ちギャラリーから参照,,False
assets/pokemon/picasso-v340/0736_default/face.webp,使用中,31940,b13832685005172c91fa100bda6d99ec5e289948cae3ff9a603b6d55e9b2643d,0736_default,736(2).png,0736_default アゴジムシ:顔,picasso-standard-v340,図鑑・ボックス・寝顔、または確認待ちギャラリーから参照,,False
assets/pokemon/picasso-v340/0736_default/full.webp,使用中,35062,8a2c9390f0481cc959c1eb5c8fa2416d10ea59453bcfca873b147df99f7aec0d,0736_default,736.png,0736_default アゴジムシ:全身,picasso-standard-v340,図鑑・ボックス・寝顔、または確認待ちギャラリーから参照,,False
assets/pokemon/picasso-v340/0737_default/face.webp,使用中,27786,c434871071791b932de935ad63de7b67f48a409c4268f46bc108427518bf74e9,0737_default,737.png,0737_default デンヂムシ:顔,picasso-standard-v340,図鑑・ボックス・寝顔、または確認待ちギャラリーから参照,,False
assets/pokemon/picasso-v340/0737_default/full.webp,使用中,36472,a689fdca3255259856b0d9631665180d69bc9aef92178d3e3c5270b2ad345f99,0737_default,737(1).png,0737_default デンヂムシ:全身,picasso-standard-v340,図鑑・ボックス・寝顔、または確認待ちギャラリーから参照,,False
assets/pokemon/picasso-v340/0738_default/face.webp,使用中,48178,edf5af7720402ded4e0e1ec90654e31562c77b70eb43fbc70c134db3b016a73d,0738_default,738.png,0738_default クワガノン:顔,picasso-standard-v340,図鑑・ボックス・寝顔、または確認待ちギャラリーから参照,,False
assets/pokemon/picasso-v340/0738_default/full.webp,使用中,40602,612b21a36085e52ef9b7c6139c43cfa53607c64eab5543293badb67505f24111,0738_default,738(1).png,0738_default クワガノン:全身,picasso-standard-v340,図鑑・ボックス・寝顔、または確認待ちギャラリーから参照,,False
assets/pokemon/picasso-v340/0742_default/face.webp,使用中,42644,35956ddaa9afebb7d117d49b1be55447100ee5cffc9008c3467cf49cbf080d13,0742_default,742(2).png,0742_default アブリー:顔,picasso-standard-v340,図鑑・ボックス・寝顔、または確認待ちギャラリーから参照,,False
assets/pokemon/picasso-v340/0742_default/full.webp,使用中,18306,23838c0881587bad7a9c96e67612863f2939a9f11fbef5b7ba30d7ef6a09f69c,0742_default,742.png,0742_default アブリー:全身,picasso-standard-v340,図鑑・ボックス・寝顔、または確認待ちギャラリーから参照,,False
assets/pokemon/picasso-v340/0743_default/face.webp,使用中,44612,7304f254afbc554df5cbb4aeab50a578c4107281d3c68c78e3896ab2671b4cf1,0743_default,743.png,0743_default アブリボン:顔,picasso-standard-v340,図鑑・ボックス・寝顔、または確認待ちギャラリーから参照,,False
assets/pokemon/picasso-v340/0743_default/full.webp,使用中,25702,b79e9121a24a84e87748e6064c79271598b19201a35f7c33b6559b9ef44c2c3c,0743_default,743(1).png,0743_default アブリボン:全身,picasso-standard-v340,図鑑・ボックス・寝顔、または確認待ちギャラリーから参照,,False
assets/pokemon/picasso-v340/0759_default/face.webp,使用中,24560,298b45427db5d0005cbed8c7b984d4a0ee23b784ef085157b04408ae50cbe0fc,0759_default,759(2).png,0759_default ヌイコグマ:顔,picasso-standard-v340,図鑑・ボックス・寝顔、または確認待ちギャラリーから参照,,False
assets/pokemon/picasso-v340/0759_default/full.webp,使用中,26482,8298af000bf942dc44d65e4299b7075591662f87193791953d46875a8de0fadc,0759_default,759.png,0759_default ヌイコグマ:全身,picasso-standard-v340,図鑑・ボックス・寝顔、または確認待ちギャラリーから参照,,False
assets/pokemon/picasso-v340/0760_default/face.webp,使用中,20460,183a605890e25c0e439bca3ca6fbad5f640b253440e86f86e285f431bd8df841,0760_default,760.png,0760_default キテルグマ:顔,picasso-standard-v340,図鑑・ボックス・寝顔、または確認待ちギャラリーから参照,,False
assets/pokemon/picasso-v340/0760_default/full.webp,使用中,20886,d9f8a5fd5481da3e925a21c0637c267921e9e1f4c573a8c313104cf2e505c144,0760_default,760(1).png,0760_default キテルグマ:全身,picasso-standard-v340,図鑑・ボックス・寝顔、または確認待ちギャラリーから参照,,False
assets/pokemon/picasso-v340/0764_default/face.webp,使用中,41066,931f0686fcc99d26503d399ca3e09fd0349f24298834970c8894736bfc34ec55,0764_default,764(2).png,0764_default キュワワー:顔,picasso-standard-v340,図鑑・ボックス・寝顔、または確認待ちギャラリーから参照,,False
assets/pokemon/picasso-v340/0764_default/full.webp,使用中,28732,e13c7ca172a83f897b41460d50d2ae194de322d1c0f8f067391a6aeac88de05f,0764_default,764.png,0764_default キュワワー:全身,picasso-standard-v340,図鑑・ボックス・寝顔、または確認待ちギャラリーから参照,,False
assets/pokemon/picasso-v340/0777_default/face.webp,使用中,28710,d161d0f90a70533efd4d562274e0e17321f3c0177734ecda9afd49e5b1a19134,0777_default,777(6).png,0777_default トゲデマル:顔,picasso-standard-v340,図鑑・ボックス・寝顔、または確認待ちギャラリーから参照,,False
assets/pokemon/picasso-v340/0777_default/full.webp,使用中,28282,43cafa113b7903e52e0915ca750a395b814f9ec81a0b877a54b26f6bfa093e25,0777_default,777.png,0777_default トゲデマル:全身,picasso-standard-v340,図鑑・ボックス・寝顔、または確認待ちギャラリーから参照,,False
assets/pokemon/picasso-v340/0778_default/face.webp,使用中,30214,1cd71afe361c3467f971c26a5b77eb5af0199f32160d103e8bafab0162130b1d,0778_default,778(2).png,0778_default ミミッキュ:顔,picasso-standard-v340,図鑑・ボックス・寝顔、または確認待ちギャラリーから参照,,False
assets/pokemon/picasso-v340/0778_default/full.webp,使用中,31146,347194fbe447eafcdbbc198e0186c28cfd416962e57f125242cc349a6e3810a5,0778_default,778.png,0778_default ミミッキュ:全身,picasso-standard-v340,図鑑・ボックス・寝顔、または確認待ちギャラリーから参照,,False
assets/pokemon/picasso-v340/0780_default/face.webp,使用中,33920,fad8ba16078ad90e28135b07ce8a311acff1c8bd1cf0d17e6733051ee821081e,0780_default,780(2).png,0780_default ジジーロン:顔,picasso-standard-v340,図鑑・ボックス・寝顔、または確認待ちギャラリーから参照,,False
assets/pokemon/picasso-v340/0780_default/full.webp,使用中,36044,1c23c7f7c53e4556b72536ec73c839575525b1f8e2d5955884b627e4af646663,0780_default,780.png,0780_default ジジーロン:全身,picasso-standard-v340,図鑑・ボックス・寝顔、または確認待ちギャラリーから参照,,False
assets/pokemon/picasso-v340/0845_default/face.webp,使用中,29094,2617533d62670a934a17e5dd2c6d32aed6102206cb79e145adafe0bbb56728e3,0845_default,845(2).png,0845_default ウッウ:顔,picasso-standard-v340,図鑑・ボックス・寝顔、または確認待ちギャラリーから参照,,False
assets/pokemon/picasso-v340/0845_default/full.webp,使用中,30584,ba76c63a81e63b1ce9809c55591e3e33751c8cd6eb8d147e5ab04aeadd56361b,0845_default,845.png,0845_default ウッウ:全身,picasso-standard-v340,図鑑・ボックス・寝顔、または確認待ちギャラリーから参照,,False
assets/pokemon/picasso-v340/0848_default/face.webp,使用中,32698,aa682616df632d31f76f5bd21823d181094081417169f9cc7a03af53918ebbb4,0848_default,848.png,0848_default エレズン:顔,picasso-standard-v340,図鑑・ボックス・寝顔、または確認待ちギャラリーから参照,,False
assets/pokemon/picasso-v340/0848_default/full.webp,使用中,30358,ddf709f03c99ac02cf8796c316232282b69fa069bf40513d637df7b4436704bf,0848_default,848(1).png,0848_default エレズン:全身,picasso-standard-v340,図鑑・ボックス・寝顔、または確認待ちギャラリーから参照,,False
assets/pokemon/picasso-v340/0849_amped/face.webp,使用中,34076,9e2c5a65d40b0f542d661df0d2eb74b74426df66d0a5939e0479b824596f90ad,0849_amped,849-toxtricityampedform(2).png,0849_amped ストリンダー(ハイ):顔,picasso-standard-v340,図鑑・ボックス・寝顔、または確認待ちギャラリーから参照,,False
assets/pokemon/picasso-v340/0849_amped/full.webp,使用中,32720,629087aa6dfc1b9f523ee71bbf2f8e9035e8b2e81f0beeb3e8d8a61a4449d301,0849_amped,849-toxtricityampedform.png,0849_amped ストリンダー(ハイ):全身,picasso-standard-v340,図鑑・ボックス・寝顔、または確認待ちギャラリーから参照,,False
assets/pokemon/picasso-v340/0849_low_key/face.webp,使用中,31546,d77e58ad96fb39dc35038f162dd8583917acf500de2ace14852ed7501e3fd88b,0849_low_key,849-toxtricitylowkeyform.png,0849_low_key ストリンダー(ロー):顔,picasso-standard-v340,図鑑・ボックス・寝顔、または確認待ちギャラリーから参照,,False
assets/pokemon/picasso-v340/0849_low_key/full.webp,使用中,30374,56fcded6bbe0088cd40aa0135f69a169c607c79835e07aad262c380dd8ae233d,0849_low_key,849-toxtricitylowkeyform(1).png,0849_low_key ストリンダー(ロー):全身,picasso-standard-v340,図鑑・ボックス・寝顔、または確認待ちギャラリーから参照,,False
assets/pokemon/picasso-v340/0906_default/face.webp,使用中,34396,961c0eb73f0a67a0eccbb6aa7fa13496175fad246725695a37e9d50ad30456db,0906_default,906(2).png,0906_default ニャオハ:顔,picasso-standard-v340,図鑑・ボックス・寝顔、または確認待ちギャラリーから参照,,False
assets/pokemon/picasso-v340/0906_default/full.webp,使用中,34318,1cd9ca4a9007cd2d144e6da63e7829184355a3b5d9a7f3b4e8e09ec409231f47,0906_default,906.png,0906_default ニャオハ:全身,picasso-standard-v340,図鑑・ボックス・寝顔、または確認待ちギャラリーから参照,,False
assets/pokemon/picasso-v340/0907_default/face.webp,使用中,32566,e779a2815dd25b7ae701bf55cbbc119ac4b09e0f8251aeb481bb38b31ce20e10,0907_default,907.png,0907_default ニャローテ:顔,picasso-standard-v340,図鑑・ボックス・寝顔、または確認待ちギャラリーから参照,,False
assets/pokemon/picasso-v340/0907_default/full.webp,使用中,32172,00c6b180dd2c094846668207225960dfa8879cfd2e8feacad05c442d90ab4654,0907_default,907(1).png,0907_default ニャローテ:全身,picasso-standard-v340,図鑑・ボックス・寝顔、または確認待ちギャラリーから参照,,False
assets/pokemon/picasso-v340/0908_default/face.webp,使用中,35862,96f03f0fc58b65db2143bd420b5de78d1ab88a1017aec325a9374136f97a4d59,0908_default,908.png,0908_default マスカーニャ:顔,picasso-standard-v340,図鑑・ボックス・寝顔、または確認待ちギャラリーから参照,,False
assets/pokemon/picasso-v340/0908_default/full.webp,使用中,32750,d500d77588f1295be23b141bf77af128c7eb27cc8666408ae3ae5eff75b1189d,0908_default,908(1).png,0908_default マスカーニャ:全身,picasso-standard-v340,図鑑・ボックス・寝顔、または確認待ちギャラリーから参照,,False
assets/pokemon/picasso-v340/0909_default/face.webp,使用中,27308,0f057a8c4713fba17de892c36c50ae360c9952654c7734e78fa15abb6a69a4cd,0909_default,909(3).png,0909_default ホゲータ:顔,picasso-standard-v340,図鑑・ボックス・寝顔、または確認待ちギャラリーから参照,,False
assets/pokemon/picasso-v340/0909_default/full.webp,使用中,28838,0fba36d4242ed7b4e276f31fec8da78d95241ec81a58aba1ec0dc43137e644a4,0909_default,909.png,0909_default ホゲータ:全身,picasso-standard-v340,図鑑・ボックス・寝顔、または確認待ちギャラリーから参照,,False
assets/pokemon/picasso-v340/0910_default/face.webp,使用中,33182,07dad02d05c67c11f64cf3fa21cd955a1aedf0f1a4edf5ad655b3b7b9381e672,0910_default,910.png,0910_default アチゲータ:顔,picasso-standard-v340,図鑑・ボックス・寝顔、または確認待ちギャラリーから参照,,False
assets/pokemon/picasso-v340/0910_default/full.webp,使用中,36070,6cb59f9b95f7aa180f29a0a58c97b90ab4ad4855c993d8f2799391e7058676de,0910_default,910(1).png,0910_default アチゲータ:全身,picasso-standard-v340,図鑑・ボックス・寝顔、または確認待ちギャラリーから参照,,False
assets/pokemon/picasso-v340/0911_default/face.webp,使用中,44536,b5eed025f536ed0e5c7303c9615cb58efbd0dd8cc97bf91c08e36b241bbf9c7d,0911_default,911.png,0911_default ラウドボーン:顔,picasso-standard-v340,図鑑・ボックス・寝顔、または確認待ちギャラリーから参照,,False
assets/pokemon/picasso-v340/0911_default/full.webp,使用中,34148,4fc70ae5aebe078f8a277728262dcca3d128ff68b53d666adbe37e5057f8ddd2,0911_default,911(1).png,0911_default ラウドボーン:全身,picasso-standard-v340,図鑑・ボックス・寝顔、または確認待ちギャラリーから参照,,False
assets/pokemon/picasso-v340/0912_default/face.webp,使用中,26960,b734ed9b19d4d7d1ab4ea6549b9f747577e9f2548dee101cad2ed46a8128f990,0912_default,912(2).png,0912_default クワッス:顔,picasso-standard-v340,図鑑・ボックス・寝顔、または確認待ちギャラリーから参照,,False
assets/pokemon/picasso-v340/0912_default/full.webp,使用中,29312,5ba4e1653770eedbca42f6befe537b972fc5ba563c0c91da7b610df82a00f29a,0912_default,912.png,0912_default クワッス:全身,picasso-standard-v340,図鑑・ボックス・寝顔、または確認待ちギャラリーから参照,,False
assets/pokemon/picasso-v340/0913_default/face.webp,使用中,30036,eb222dde54fb683cec000883111a2a411ca698c1c252194955080dfe4b1b22c7,0913_default,913.png,0913_default ウェルカモ:顔,picasso-standard-v340,図鑑・ボックス・寝顔、または確認待ちギャラリーから参照,,False
assets/pokemon/picasso-v340/0913_default/full.webp,使用中,25798,59731ba608991871e43389810955988fe9149f61dea366c74a510612ede97df2,0913_default,913(1).png,0913_default ウェルカモ:全身,picasso-standard-v340,図鑑・ボックス・寝顔、または確認待ちギャラリーから参照,,False
assets/pokemon/picasso-v340/0914_default/face.webp,使用中,34998,809023462aa058466279be77c544d672860c7a005c0c9a36aba1617987f9a255,0914_default,914.png,0914_default ウェーニバル:顔,picasso-standard-v340,図鑑・ボックス・寝顔、または確認待ちギャラリーから参照,,False
assets/pokemon/picasso-v340/0914_default/full.webp,使用中,35108,4156d295ed72ff4b7d8e42ef3dff72a1b64bf5ca95dcdcbd4d8fff20fb03a9aa,0914_default,914(1).png,0914_default ウェーニバル:全身,picasso-standard-v340,図鑑・ボックス・寝顔、または確認待ちギャラリーから参照,,False
assets/pokemon/picasso-v340/0921_default/face.webp,使用中,24766,0f5595076a53b3e21851d3954e5e1151f2cfb13c97103c852e599850a2ee423b,0921_default,921(2).png,0921_default パモ:顔,picasso-standard-v340,図鑑・ボックス・寝顔、または確認待ちギャラリーから参照,,False
assets/pokemon/picasso-v340/0921_default/full.webp,使用中,30948,26552063ca05ffaf23f736b4ae6480f910ec34baa94e925445b6c5b0a3dd897b,0921_default,921.png,0921_default パモ:全身,picasso-standard-v340,図鑑・ボックス・寝顔、または確認待ちギャラリーから参照,,False
assets/pokemon/picasso-v340/0922_default/face.webp,使用中,31450,f37b591fb99dea0f230be1250b0375fab278340ea8f9221ff49f9f5eadb2e006,0922_default,922.png,0922_default パモット:顔,picasso-standard-v340,図鑑・ボックス・寝顔、または確認待ちギャラリーから参照,,False
assets/pokemon/picasso-v340/0922_default/full.webp,使用中,28986,b3d86d46ed644690df9be0e4d18c02f3521aa78e5de7cdd8da93517a2771076f,0922_default,922(1).png,0922_default パモット:全身,picasso-standard-v340,図鑑・ボックス・寝顔、または確認待ちギャラリーから参照,,False
assets/pokemon/picasso-v340/0923_default/face.webp,使用中,34776,0f5a78fde3d66257d2679249852fb6dad857212d42f35da0822242f46220dd29,0923_default,923.png,0923_default パーモット:顔,picasso-standard-v340,図鑑・ボックス・寝顔、または確認待ちギャラリーから参照,,False
assets/pokemon/picasso-v340/0923_default/full.webp,使用中,28298,40707ac56613ada04cb1727f386c0eb9dcee028cab0b5c268222a3012fe21311,0923_default,923(1).png,0923_default パーモット:全身,picasso-standard-v340,図鑑・ボックス・寝顔、または確認待ちギャラリーから参照,,False
assets/pokemon/picasso-v340/0957_default/face.webp,使用中,30832,54c42aa3ad9925d0cba803ccd0c4c818d02dc6ce069d3d959c6b95afe51d6aa7,0957_default,957(2).png,0957_default カヌチャン:顔,picasso-standard-v340,図鑑・ボックス・寝顔、または確認待ちギャラリーから参照,,False
assets/pokemon/picasso-v340/0957_default/full.webp,使用中,28626,66d30541ad2fdebceab993207915233bc091e5a3d8833e2125189ff7eed17967,0957_default,957.png,0957_default カヌチャン:全身,picasso-standard-v340,図鑑・ボックス・寝顔、または確認待ちギャラリーから参照,,False
assets/pokemon/picasso-v340/0958_default/face.webp,使用中,28970,c47cb2d50d0b3ecf6761875ad188884bbe3f8f0b32b4482d79600474461d6227,0958_default,958.png,0958_default ナカヌチャン:顔,picasso-standard-v340,図鑑・ボックス・寝顔、または確認待ちギャラリーから参照,,False
assets/pokemon/picasso-v340/0958_default/full.webp,使用中,30098,5115bd15b5cd93d41e134c5b31baa302d72e2bece70cfe13627ed03c71270026,0958_default,958(1).png,0958_default ナカヌチャン:全身,picasso-standard-v340,図鑑・ボックス・寝顔、または確認待ちギャラリーから参照,,False
assets/pokemon/picasso-v340/0959_default/face.webp,使用中,32370,67abb18b4eebcf23920615495f5ca7bdc49ea6594c8a0c42745ea210bcfb853a,0959_default,959.png,0959_default デカヌチャン:顔,picasso-standard-v340,図鑑・ボックス・寝顔、または確認待ちギャラリーから参照,,False
assets/pokemon/picasso-v340/0959_default/full.webp,使用中,29678,a1c77c6b0839f4eb33e8b9e739a5ce9a442ea8480b18291368180d4e954b87be,0959_default,959(1).png,0959_default デカヌチャン:全身,picasso-standard-v340,図鑑・ボックス・寝顔、または確認待ちギャラリーから参照,,False
assets/pokemon/picasso-v340/0974_default/face.webp,使用中,22328,5f4ad9bd9b7af1e34d0ee24409a70b2bc7bef02e1fd3ec4479c7a2dcc87c0bde,0974_default,974(2).png,0974_default アルクジラ:顔,picasso-standard-v340,図鑑・ボックス・寝顔、または確認待ちギャラリーから参照,,False
assets/pokemon/picasso-v340/0974_default/full.webp,使用中,21796,f8d9c2aab1747ac4ba6112e395707d544c34bc259fabcc4053a87d85a0a38559,0974_default,974.png,0974_default アルクジラ:全身,picasso-standard-v340,図鑑・ボックス・寝顔、または確認待ちギャラリーから参照,,False
assets/pokemon/picasso-v340/0975_default/face.webp,使用中,29754,9dca3dd59e363909a9a699939ae5dbefc05fe48bf1213d8bbcc0d45c296706b3,0975_default,975.png,0975_default ハルクジラ:顔,picasso-standard-v340,図鑑・ボックス・寝顔、または確認待ちギャラリーから参照,,False
assets/pokemon/picasso-v340/0975_default/full.webp,使用中,27064,9fe76bf4277d6b87fa62075e62d2f6dd3e181a9f91cdc8ab3352467c729d00de,0975_default,975(1).png,0975_default ハルクジラ:全身,picasso-standard-v340,図鑑・ボックス・寝顔、または確認待ちギャラリーから参照,,False
assets/pokemon/picasso-v340/0980_default/face.webp,使用中,17158,5a78ec49c7196ea3cbd12181a8e499d91f21c852dcc8648e24a6e61f880f14e2,0980_default,980.png,0980_default ドオー:顔,picasso-standard-v340,図鑑・ボックス・寝顔、または確認待ちギャラリーから参照,,False
assets/pokemon/picasso-v340/0980_default/full.webp,使用中,17284,c509e0cdb73c4d504f3ef2e7ffe56add0eb3a67264a1cac75fbeffcb327cb788,0980_default,980(1).png,0980_default ドオー:全身,picasso-standard-v340,図鑑・ボックス・寝顔、または確認待ちギャラリーから参照,,False
assets/sleep/biblo-v347/0017.webp,使用中,28666,24358b02c650b831d78d8743418b5f68f6f4410f3ff416dd1c4a42bb6dccc285,0001_default,1.png,0001_default フシギダネ:★1 こうごうせい寝 (0001_01),biblo-v347,図鑑・ボックス・寝顔、または確認待ちギャラリーから参照,,False
assets/sleep/biblo-v347/0018.webp,使用中,27834,bd91339d33c537b60d1c5322ea385fe883d7ceefe640cb45c59928311d314e34,0001_default,1(1).png,0001_default フシギダネ:★2 ふんばり寝 (0001_02),biblo-v347,図鑑・ボックス・寝顔、または確認待ちギャラリーから参照,,False
assets/sleep/biblo-v347/0019.webp,使用中,43916,3690e146e69b6a344870850804a585c0bf4bebdba2a3dd5fb351e1c8f923d1f6,0001_default,1(2).png,0001_default フシギダネ:★3 ツルだし寝 (0001_03),biblo-v347,図鑑・ボックス・寝顔、または確認待ちギャラリーから参照,,False
assets/sleep/biblo-v347/0020.webp,使用中,39738,62a8337479ddaa45f5340ef314c72d358e011375162c38435e026cfffbf20256,0001_default,1(3).png,0001_default フシギダネ:★4 おなかのうえ寝 (0001_04),biblo-v347,図鑑・ボックス・寝顔、または確認待ちギャラリーから参照,,False
assets/sleep/biblo-v347/0021.webp,使用中,36396,6c0256339adb61c8557665cae5d1605c7f4115705d3b62fcd8089c2e533ed4b5,0002_default,2(2).png,0002_default フシギソウ:★1 こうごうせい寝 (0002_01),biblo-v347,図鑑・ボックス・寝顔、または確認待ちギャラリーから参照,,False
assets/sleep/biblo-v347/0022.webp,使用中,40156,53c4aec3de0a50c4299d12184957710866b2f144cfb1b00c8de6b62d88a735f5,0002_default,2(3).png,0002_default フシギソウ:★2 ふんばり寝 (0002_02),biblo-v347,図鑑・ボックス・寝顔、または確認待ちギャラリーから参照,,False
assets/sleep/biblo-v347/0023.webp,使用中,44806,2cbcc84bf72d32852c37cceb4052064270d79286fb717bd4ba71d8c92a8fece8,0002_default,2(4).png,0002_default フシギソウ:★3 ツルだし寝 (0002_03),biblo-v347,図鑑・ボックス・寝顔、または確認待ちギャラリーから参照,,False
assets/sleep/biblo-v347/0024.webp,使用中,43140,fb4fd172c92500e60c2a162cc8a4d285dbc93c6a47d2e5dd6c8948f0b057dd55,0002_default,2(5).png,0002_default フシギソウ:★4 おなかのうえ寝 (0002_04),biblo-v347,図鑑・ボックス・寝顔、または確認待ちギャラリーから参照,,False
assets/sleep/biblo-v347/0025.webp,使用中,51836,15e27bcbc30d326f060ac7d96a8155e65c4a389bf13d1ecb5f0356f7f6354509,0003_default,3(2).png,0003_default フシギバナ:★1 こうごうせい寝 (0003_01),biblo-v347,図鑑・ボックス・寝顔、または確認待ちギャラリーから参照,,False
assets/sleep/biblo-v347/0026.webp,使用中,57076,661d8d8e5f7702c6755c74cfaa34227af7b0211a910749bd2ce42d451f86b9e3,0003_default,3(3).png,0003_default フシギバナ:★2 ふんばり寝 (0003_02),biblo-v347,図鑑・ボックス・寝顔、または確認待ちギャラリーから参照,,False
assets/sleep/biblo-v347/0027.webp,使用中,63792,bec8b58973328f3226623004f07f5b685d26d42e032abce0f07fac8c5ed062cc,0003_default,3(4).png,0003_default フシギバナ:★3 ツルだし寝 (0003_03),biblo-v347,図鑑・ボックス・寝顔、または確認待ちギャラリーから参照,,False
assets/sleep/biblo-v347/0028.webp,使用中,51220,1f1c6cb2272688bb53d4fa74df887346751715e06763c2e6b4754bcc0566719d,0003_default,3(5).png,0003_default フシギバナ:★4 おなかのうえ寝 (0003_04),biblo-v347,図鑑・ボックス・寝顔、または確認待ちギャラリーから参照,,False
assets/sleep/biblo-v347/0029.webp,使用中,34794,e3b889f0e59fb493e37ec9fe4c7dd724c5dd955d29815306ae6de79c3a83b330,0004_default,4(2).png,0004_default ヒトカゲ:★1 ぱちぱち寝 (0004_01),biblo-v347,図鑑・ボックス・寝顔、または確認待ちギャラリーから参照,,False
assets/sleep/biblo-v347/0030.webp,使用中,31748,deb650b348501be0c2fbd36d21143a5eee209199574a3bb55b26c5892cc0e647,0004_default,4(3).png,0004_default ヒトカゲ:★2 おなかさすり寝 (0004_02),biblo-v347,図鑑・ボックス・寝顔、または確認待ちギャラリーから参照,,False
assets/sleep/biblo-v347/0031.webp,使用中,42442,3f9c8173c7a4c26b13be890b3bc293df7a42d785b423f6322a9665a9bcf1d55c,0004_default,4(4).png,0004_default ヒトカゲ:★3 おなかだし寝 (0004_03),biblo-v347,図鑑・ボックス・寝顔、または確認待ちギャラリーから参照,,False
assets/sleep/biblo-v347/0032.webp,使用中,36752,67c13963959354bd2458c07c54aef6e72caa31557a7dd3a584d2b8b42ae03ddc,0004_default,4(5).png,0004_default ヒトカゲ:★4 おなかのうえ寝 (0004_04),biblo-v347,図鑑・ボックス・寝顔、または確認待ちギャラリーから参照,,False
assets/sleep/biblo-v347/0033.webp,使用中,37840,07a661bd9bdf7a4d34fe958d52a95f55d331f7461976c0a98836f7b5c579ed18,0005_default,5(2).png,0005_default リザード:★1 うでまくら寝 (0005_01),biblo-v347,図鑑・ボックス・寝顔、または確認待ちギャラリーから参照,,False
assets/sleep/biblo-v347/0034.webp,使用中,30874,4bc291b1d0a2ecbd7bebd886e3547b58ec7485d6682e1a551a246a445002d9da,0005_default,5(3).png,0005_default リザード:★2 すわり寝 (0005_02),biblo-v347,図鑑・ボックス・寝顔、または確認待ちギャラリーから参照,,False
assets/sleep/biblo-v347/0035.webp,使用中,51890,bd37bac58630008d18c0bdeba8af1a346a437d02eb5aaa491cc04f05261a4681,0005_default,5(4).png,0005_default リザード:★3 ぐうたら寝 (0005_03),biblo-v347,図鑑・ボックス・寝顔、または確認待ちギャラリーから参照,,False
assets/sleep/biblo-v347/0036.webp,使用中,43696,b0988a8092ff3a56d33c3417a89e84629f02985e2d4007e7f719932b15c62c05,0005_default,5(5).png,0005_default リザード:★4 おなかのうえ寝 (0005_04),biblo-v347,図鑑・ボックス・寝顔、または確認待ちギャラリーから参照,,False
assets/sleep/biblo-v347/0037.webp,使用中,36244,31387be6295cf8195c7ad465aeebcdfdb75e91530bb9c0b54e5fea6ccc3cc722,0006_default,6(2).png,0006_default リザードン:★1 はらばい寝 (0006_01),biblo-v347,図鑑・ボックス・寝顔、または確認待ちギャラリーから参照,,False
assets/sleep/biblo-v347/0038.webp,使用中,43894,7a5c054e255dcb6c9bf7450d78c3c7723e1abefdf7f2f5d0cffe0fc32e15fc5c,0006_default,6(3).png,0006_default リザードン:★2 うでぐみ寝 (0006_02),biblo-v347,図鑑・ボックス・寝顔、または確認待ちギャラリーから参照,,False
assets/sleep/biblo-v347/0039.webp,使用中,55636,add42c0b3e4a4d5f5d18601480b2f2f4614daf0a65de50a2562dd668c1f3d32e,0006_default,6(4).png,0006_default リザードン:★3 おなかだし寝 (0006_03),biblo-v347,図鑑・ボックス・寝顔、または確認待ちギャラリーから参照,,False
assets/sleep/biblo-v347/0040.webp,使用中,46296,31025bc8f5e7cfeaab0ad24eb57d2075dfd652895de36987ee0dc69a5aba3495,0006_default,6(5).png,0006_default リザードン:★4 おなかのうえ寝 (0006_04),biblo-v347,図鑑・ボックス・寝顔、または確認待ちギャラリーから参照,,False
assets/sleep/biblo-v347/0041.webp,使用中,30144,01273d4d99f83880330cd05775a6fbb26688a7c5be052c9bae1af186301b76a9,0007_default,7(2).png,0007_default ゼニガメ:★1 からにこもる寝 (0007_01),biblo-v347,図鑑・ボックス・寝顔、または確認待ちギャラリーから参照,,False
assets/sleep/biblo-v347/0042.webp,使用中,32942,088c3a3142c88ef415be6bda5cfc76b63c6c8d291747f29694980581bb055da4,0007_default,7(3).png,0007_default ゼニガメ:★2 こもらない寝 (0007_02),biblo-v347,図鑑・ボックス・寝顔、または確認待ちギャラリーから参照,,False
assets/sleep/biblo-v347/0043.webp,使用中,44518,4ee962ee55db7475e6285d1100d08768c72d44ebb9a7d8c224d85c1f26602929,0007_default,7(4).png,0007_default ゼニガメ:★3 ひっくりかえり寝 (0007_03),biblo-v347,図鑑・ボックス・寝顔、または確認待ちギャラリーから参照,,False
assets/sleep/biblo-v347/0044.webp,使用中,27436,64b8fecc8948b62caf92e6817a0a1d318643000b33e9611dbc79270fb7972fcf,0007_default,7(5).png,0007_default ゼニガメ:★4 おなかのうえ寝 (0007_04),biblo-v347,図鑑・ボックス・寝顔、または確認待ちギャラリーから参照,,False
assets/sleep/biblo-v347/0045.webp,使用中,23560,17bd2a27e184aa85ab1704801f7e4dc2c61cab71956687e3cecaef26b090d698,0008_default,8(2).png,0008_default カメール:★1 からにこもる寝 (0008_01),biblo-v347,図鑑・ボックス・寝顔、または確認待ちギャラリーから参照,,False
assets/sleep/biblo-v347/0046.webp,使用中,32228,c4466d57d502fa548321440c5cf0a2bae05011e40227edebb1b601f852676a89,0008_default,8(3).png,0008_default カメール:★2 こもらない寝 (0008_02),biblo-v347,図鑑・ボックス・寝顔、または確認待ちギャラリーから参照,,False
assets/sleep/biblo-v347/0047.webp,使用中,39448,73ce19979a3cc0632a90ad328a6addd899193d66ca060530a5720fda46cfe36f,0008_default,8(4).png,0008_default カメール:★3 つっぷし寝 (0008_03),biblo-v347,図鑑・ボックス・寝顔、または確認待ちギャラリーから参照,,False
assets/sleep/biblo-v347/0048.webp,使用中,36682,6d1b72ccd6c10893d1f53f1852f00519b9a87e06b199de4e819e264d07a801d1,0008_default,8(5).png,0008_default カメール:★4 おなかのうえ寝 (0008_04),biblo-v347,図鑑・ボックス・寝顔、または確認待ちギャラリーから参照,,False
assets/sleep/biblo-v347/0049.webp,使用中,30880,8c32ef619d943e9c17a3d0e2a60107d00f637c650a40822e4c4171b26b1bac8a,0009_default,9(2).png,0009_default カメックス:★1 からにこもる寝 (0009_01),biblo-v347,図鑑・ボックス・寝顔、または確認待ちギャラリーから参照,,False
assets/sleep/biblo-v347/0050.webp,使用中,44308,0318449a5cced58b866b77b292c38b803641fe8813ef8fd6d5860db227356dc2,0009_default,9(3).png,0009_default カメックス:★2 こもらない寝 (0009_02),biblo-v347,図鑑・ボックス・寝顔、または確認待ちギャラリーから参照,,False
assets/sleep/biblo-v347/0051.webp,使用中,45334,98a84ceec8ab9bd8b98298953eaf9636b1aeda8742c984ed5ea24a0f87d80e2d,0009_default,9(4).png,0009_default カメックス:★3 ひっくりかえり寝 (0009_03),biblo-v347,図鑑・ボックス・寝顔、または確認待ちギャラリーから参照,,False
assets/sleep/biblo-v347/0052.webp,使用中,39232,8412849bd2642ae5e2f29efef1733becb49d1442072b2bf6bcf9ea0136b3a4dc,0009_default,9(5).png,0009_default カメックス:★4 おなかのうえ寝 (0009_04),biblo-v347,図鑑・ボックス・寝顔、または確認待ちギャラリーから参照,,False
assets/sleep/biblo-v347/0053.webp,使用中,30118,e5cb01f525e3ba5fd47921f47eea266ba2bd671faf179fabb3f5fe4c51dbf39c,0010_default,10(2).png,0010_default キャタピー:★1 ぺったり寝 (0010_01),biblo-v347,図鑑・ボックス・寝顔、または確認待ちギャラリーから参照,,False
assets/sleep/biblo-v347/0054.webp,使用中,38094,9d4dda2e07c0222bdd816433c6de3027db165d98feab402bf60dadc24db14713,0010_default,10(3).png,0010_default キャタピー:★2 あたまおもい寝 (0010_02),biblo-v347,図鑑・ボックス・寝顔、または確認待ちギャラリーから参照,,False
assets/sleep/biblo-v347/0055.webp,使用中,47598,347b6228a75e9d35893a09e189ba9a011976a65bdbc6a5c55374c43483b6c375,0010_default,10(4).png,0010_default キャタピー:★3 いとをはく寝 (0010_03),biblo-v347,図鑑・ボックス・寝顔、または確認待ちギャラリーから参照,,False
assets/sleep/biblo-v347/0056.webp,使用中,28420,ad80d756fb88eb8573cdd50d3c64d7ed2bd780626495637eace163bb9ea5980b,0010_default,10(5).png,0010_default キャタピー:★4 おなかのうえ寝 (0010_04),biblo-v347,図鑑・ボックス・寝顔、または確認待ちギャラリーから参照,,False
assets/sleep/biblo-v347/0057.webp,使用中,22346,4a1217b95694a1f7da4838839f0fc673225bf080370e0b32922567c5e003caf0,0011_default,11(2).png,0011_default トランセル:★1 じっと寝 (0011_01),biblo-v347,図鑑・ボックス・寝顔、または確認待ちギャラリーから参照,,False
assets/sleep/biblo-v347/0058.webp,使用中,27444,8495b8feecac143ff4b58d6238414518e98c6429a69ff636acc11a85d8c2e230,0011_default,11(3).png,0011_default トランセル:★2 ゆらゆら寝 (0011_02),biblo-v347,図鑑・ボックス・寝顔、または確認待ちギャラリーから参照,,False
assets/sleep/biblo-v347/0059.webp,使用中,34002,f1f09756364c4a7e3ed4031c600682d37bfd089a54dca0fb19e18311922b5e73,0011_default,11(4).png,0011_default トランセル:★3 かたくなる寝 (0011_03),biblo-v347,図鑑・ボックス・寝顔、または確認待ちギャラリーから参照,,False
assets/sleep/biblo-v347/0060.webp,使用中,33454,6513c1bd43648a3698e66f43069342ce1ef5a94700ed7bd5c6e51b1de7ce3926,0011_default,11(5).png,0011_default トランセル:★4 おなかのうえ寝 (0011_04),biblo-v347,図鑑・ボックス・寝顔、または確認待ちギャラリーから参照,,False
assets/sleep/biblo-v347/0061.webp,使用中,35076,38c19193b159690e44fa7fcd1034b0adb5cc71064be3b68b520f93b18c12f3fe,0012_default,12(2).png,0012_default バタフリー:★1 すわりふゆう寝 (0012_01),biblo-v347,図鑑・ボックス・寝顔、または確認待ちギャラリーから参照,,False
assets/sleep/biblo-v347/0062.webp,使用中,35058,c3a7584acd713dac61df8275d0e7354c773d0d77b4fd8202d83960bdc7fb1fd5,0012_default,12(3).png,0012_default バタフリー:★2 ふゆう寝 (0012_02),biblo-v347,図鑑・ボックス・寝顔、または確認待ちギャラリーから参照,,False
assets/sleep/biblo-v347/0063.webp,使用中,48718,b16e921a5d676a9e36afead2817351e24c96e88147eef2b3018b0fcfda800f28,0012_default,12(4).png,0012_default バタフリー:★3 りんぷんだし寝 (0012_03),biblo-v347,図鑑・ボックス・寝顔、または確認待ちギャラリーから参照,,False
assets/sleep/biblo-v347/0064.webp,使用中,50252,b13df46a76cc41d078de1795b10869c8863bd12b198e4bf2303db95aa5aa5174,0012_default,12(5).png,0012_default バタフリー:★4 おなかのうえ寝 (0012_04),biblo-v347,図鑑・ボックス・寝顔、または確認待ちギャラリーから参照,,False
assets/sleep/biblo-v347/0065.webp,使用中,37236,f4a5361aae5bca0dbfc336fa83ff724aad7dd4ccccd6345662e83b50a6fe0ea5,0019_default,19(2).png,0019_default コラッタ:★1 かおかき寝 (0019_01),biblo-v347,図鑑・ボックス・寝顔、または確認待ちギャラリーから参照,,False
assets/sleep/biblo-v347/0066.webp,使用中,36850,acad4d9868e4b2631eb22acc6b8022a2854b7a1083083f62a627e553652b033a,0019_default,19(3).png,0019_default コラッタ:★2 くびかしげ寝 (0019_02),biblo-v347,図鑑・ボックス・寝顔、または確認待ちギャラリーから参照,,False
assets/sleep/biblo-v347/0067.webp,使用中,51542,3cbfc18b52f812961150c82d2783a324d46abe622168386938cfb54f3ab76106,0019_default,19(4).png,0019_default コラッタ:★3 まえばかじり寝 (0019_03),biblo-v347,図鑑・ボックス・寝顔、または確認待ちギャラリーから参照,,False
assets/sleep/biblo-v347/0068.webp,使用中,31466,8db28468394111495eb6e95ece6eba640b70d66b11c1c4c85a9af4eb5cb2c0bb,0019_default,19(5).png,0019_default コラッタ:★4 おなかのうえ寝 (0019_04),biblo-v347,図鑑・ボックス・寝顔、または確認待ちギャラリーから参照,,False
assets/sleep/biblo-v347/0069.webp,使用中,45234,01d5701b14c2839a0b142730fa000f8089f74d4044938d37b8151b69eab99c3c,0020_default,20(2).png,0020_default ラッタ:★1 はぎしり寝 (0020_01),biblo-v347,図鑑・ボックス・寝顔、または確認待ちギャラリーから参照,,False
assets/sleep/biblo-v347/0070.webp,使用中,48178,58209a5bb65e33c7e2eaf1ca9f0c3d1cb87e0354659625e4e261406719eb27b4,0020_default,20(3).png,0020_default ラッタ:★2 ぼうだち寝 (0020_02),biblo-v347,図鑑・ボックス・寝顔、または確認待ちギャラリーから参照,,False
assets/sleep/biblo-v347/0071.webp,使用中,55568,deeb28e111df873eefb1949a34f4527c9f50aa61f87eed1f98307427fe05a6ea,0020_default,20(4).png,0020_default ラッタ:★3 まえばかじり寝 (0020_03),biblo-v347,図鑑・ボックス・寝顔、または確認待ちギャラリーから参照,,False
assets/sleep/biblo-v347/0072.webp,使用中,45348,729fd38ad00818e651d1d9b6d827df4035a5776aa5af7d9fbfb3de9cd9b1baff,0020_default,20(5).png,0020_default ラッタ:★4 おなかのうえ寝 (0020_04),biblo-v347,図鑑・ボックス・寝顔、または確認待ちギャラリーから参照,,False
assets/sleep/biblo-v347/0073.webp,使用中,25890,5cd2f59734ec58a4d3a4a696767b98965c8e6f4544c42507ef3075c311e28de4,0023_default,23(2).png,0023_default アーボ:★1 とぐろ寝 (0023_01),biblo-v347,図鑑・ボックス・寝顔、または確認待ちギャラリーから参照,,False
assets/sleep/biblo-v347/0074.webp,使用中,36378,fa1c316bdc778751a193e8f14cfab889f1cc73395a38945cf9ec32cb161b8b88,0023_default,23(3).png,0023_default アーボ:★2 のびちぢみ寝 (0023_02),biblo-v347,図鑑・ボックス・寝顔、または確認待ちギャラリーから参照,,False
assets/sleep/biblo-v347/0075.webp,使用中,45152,7393edc1223da95e85b367180924b4345d732b787f01dd1d13cf53afb7051aaa,0023_default,23(4).png,0023_default アーボ:★3 ほぐれ寝 (0023_03),biblo-v347,図鑑・ボックス・寝顔、または確認待ちギャラリーから参照,,False
assets/sleep/biblo-v347/0076.webp,使用中,38728,c0a3c0a1733eda05dbf9896c297f3196076fe11713168ac16316424669059c5d,0023_default,23(5).png,0023_default アーボ:★4 おなかのうえ寝 (0023_04),biblo-v347,図鑑・ボックス・寝顔、または確認待ちギャラリーから参照,,False
assets/sleep/biblo-v347/0077.webp,使用中,28066,6430ccae19ef80b1c998dcf2a96b6977b6a1334b0bc5252e6d0d8eb8d5620e50,0024_default,24(2).png,0024_default アーボック:★1 とぐろ寝 (0024_01),biblo-v347,図鑑・ボックス・寝顔、または確認待ちギャラリーから参照,,False
assets/sleep/biblo-v347/0078.webp,使用中,33014,928abf5f788ff044c60aae9cc6c6314bd70ffe8eb42acb1bfc454d9f401a46bc,0024_default,24(3).png,0024_default アーボック:★2 かたむき寝 (0024_02),biblo-v347,図鑑・ボックス・寝顔、または確認待ちギャラリーから参照,,False
assets/sleep/biblo-v347/0079.webp,使用中,37840,8560ddc80435bb2eacc9528f4587e6c7f18cf258b6d6b5f834c5130e836a9fea,0024_default,24(4).png,0024_default アーボック:★3 ほぐれ寝 (0024_03),biblo-v347,図鑑・ボックス・寝顔、または確認待ちギャラリーから参照,,False
assets/sleep/biblo-v347/0080.webp,使用中,41780,a0e98f9906f77e0b8729a3488b25e204ce26b5a4d7d9a813bb4d61d84deb2ac4,0024_default,24(5).png,0024_default アーボック:★4 おなかのうえ寝 (0024_04),biblo-v347,図鑑・ボックス・寝顔、または確認待ちギャラリーから参照,,False
assets/sleep/biblo-v347/0081.webp,使用中,36820,70019f03cc534b1b5d038b5f78ff43363bc7ecb7ef374f7001eea9c8ae07aaac,0025_default,25(2).png,0025_default ピカチュウ:★1 まるまり寝 (0025_01),biblo-v347,図鑑・ボックス・寝顔、または確認待ちギャラリーから参照,,False
assets/sleep/biblo-v347/0082.webp,使用中,35432,41aca4853ee6347cade24a2c9672aa903376d2fae5665c4f9baf85453a492993,0025_default,25(3).png,0025_default ピカチュウ:★2 たれみみ寝 (0025_02),biblo-v347,図鑑・ボックス・寝顔、または確認待ちギャラリーから参照,,False
assets/sleep/biblo-v347/0083.webp,使用中,41066,a1dfe40282d6e88d27496eea0cf46fe9f9ec19bc976bc2cc55ac7694f5df1145,0025_default,25(4).png,0025_default ピカチュウ:★3 ほうでん寝 (0025_03),biblo-v347,図鑑・ボックス・寝顔、または確認待ちギャラリーから参照,,False
assets/sleep/biblo-v347/0084.webp,使用中,36676,e14f5b6bcbc30275f46c9259e6e34be637def3e5077f5084514a7df926915702,0025_default,25(5).png,0025_default ピカチュウ:★4 おなかのうえ寝 (0025_04),biblo-v347,図鑑・ボックス・寝顔、または確認待ちギャラリーから参照,,False
assets/sleep/biblo-v347/0085.webp,使用中,41788,65043cf03f5c6ba9082e4ae8613423b4a038ac265eee13c75201a3fc058d28c3,0025_halloween_23,25-halloween(2).png,0025_halloween_23 ピカチュウ(ハロウィン・2025の帽子):★1 まるまり寝 (0025_halloween_01),biblo-v347,図鑑・ボックス・寝顔、または確認待ちギャラリーから参照,,False
assets/sleep/biblo-v347/0086.webp,使用中,35412,873f42461fb712b9df047925efb833924795b38e1175a1c9cd95bf12561b95be,0025_halloween_23,25-halloween(3).png,0025_halloween_23 ピカチュウ(ハロウィン・2025の帽子):★2 たれみみ寝 (0025_halloween_02),biblo-v347,図鑑・ボックス・寝顔、または確認待ちギャラリーから参照,,False
assets/sleep/biblo-v347/0087.webp,使用中,39920,53a6b020e993f3aa04c5f9b0ac7b59c410ddf0fa3397b62b3684b830051110c5,0025_holiday,25-holiday(3).png,0025_holiday ピカチュウ(ホリデー):★1 まるまり寝 (0025_holiday_01),biblo-v347,図鑑・ボックス・寝顔、または確認待ちギャラリーから参照,,False
assets/sleep/biblo-v347/0088.webp,使用中,38418,e4e1e76fe2ede12911221b0f985540de2f7cfde8d5b22b325e6e8ab5b9ced703,0025_holiday,25-holiday(4).png,0025_holiday ピカチュウ(ホリデー):★2 プレゼント寝 (0025_holiday_02),biblo-v347,図鑑・ボックス・寝顔、または確認待ちギャラリーから参照,,False
assets/sleep/biblo-v347/0089.webp,使用中,44412,7a22de0f70fb2c705e8df55a4a8b79232e69dc707b2bd5554ad4c731ea4d919e,0025_halloween_24,25-halloween2024(2).png,0025_halloween_24 ピカチュウ(ハロウィン・2024の帽子):★1 まるまり寝 (0025_halloween_01),biblo-v347,図鑑・ボックス・寝顔、または確認待ちギャラリーから参照,,False
assets/sleep/biblo-v347/0090.webp,使用中,38800,0bf5da79c71d3bdbfec8a5c238d0551bca74581dbf088d5aa767f86716ca3849,0025_halloween_24,25-halloween2024(3).png,0025_halloween_24 ピカチュウ(ハロウィン・2024の帽子):★2 たれみみ寝 (0025_halloween_02),biblo-v347,図鑑・ボックス・寝顔、または確認待ちギャラリーから参照,,False
assets/sleep/biblo-v347/0091.webp,使用中,30932,e516a3fd7bc2507d283a078a6c0003176ab7459f90f7d3d302a1e8a01529de2e,0025_captain,25-captain(2).png,0025_captain ピカチュウ(キャプテン):★1 しっぽたち寝 (0025_captain_01),biblo-v347,図鑑・ボックス・寝顔、または確認待ちギャラリーから参照,,False
assets/sleep/biblo-v347/0092.webp,使用中,47528,9e6772fa831264e2ace7b032d07ebef97a5fda74a0301449a89a8aa2b78c23d2,0026_default,26(8).png,0026_default ライチュウ:★1 しっぽゆらゆら寝 (0026_01),biblo-v347,図鑑・ボックス・寝顔、または確認待ちギャラリーから参照,,False
assets/sleep/biblo-v347/0093.webp,使用中,36364,55962f09a635e218635073445ca96a4075f876263fda027af6daa7b65f2f54f8,0026_default,26(9).png,0026_default ライチュウ:★2 すわり寝 (0026_02),biblo-v347,図鑑・ボックス・寝顔、または確認待ちギャラリーから参照,,False
assets/sleep/biblo-v347/0094.webp,使用中,49874,6aece78adbd4db452a595ec4d0b9235708f67a1b0bbfe3acb740216d712fa4f9,0026_default,26(10).png,0026_default ライチュウ:★3 しっぽアース寝 (0026_03),biblo-v347,図鑑・ボックス・寝顔、または確認待ちギャラリーから参照,,False
assets/sleep/biblo-v347/0095.webp,使用中,48756,d080172c0f25b39c4ffc86d2b0e3d2dbf9a9928ea1ff47d7a2d324b6cf71edd9,0026_default,26(20261003-121237).png,0026_default ライチュウ:★4 おなかのうえ寝 (0026_04),biblo-v347,図鑑・ボックス・寝顔、または確認待ちギャラリーから参照,,False
assets/sleep/biblo-v347/0096.webp,使用中,50902,34aeba9fc5b70d222e4aa2b8fe37544892e89c0d0e851f4877cc8410d992c276,0027_default,27(7).png,0027_default サンド:★1 おなかだし寝 (0027_01),biblo-v347,図鑑・ボックス・寝顔、または確認待ちギャラリーから参照,,False
assets/sleep/biblo-v347/0097.webp,使用中,43764,a4464c277cc86d5e83614411bf28d57861625920c871ff6b20442e882d14e253,0027_default,27(8).png,0027_default サンド:★2 こっくり寝 (0027_02),biblo-v347,図鑑・ボックス・寝顔、または確認待ちギャラリーから参照,,False
assets/sleep/biblo-v347/0098.webp,使用中,42164,bf08795c878698a9b124f2cc3d77ac970ea4541fdb0a5ba9868badc588ff6e59,0027_default,27(9).png,0027_default サンド:★3 つちうまり寝 (0027_03),biblo-v347,図鑑・ボックス・寝顔、または確認待ちギャラリーから参照,,False
assets/sleep/biblo-v347/0099.webp,使用中,41034,015367f2e3f283ead7522214bf49d16ecfa9a4e44ffe2081ad3d5faa02ae0723,0027_default,27(10).png,0027_default サンド:★4 おなかのうえ寝 (0027_04),biblo-v347,図鑑・ボックス・寝顔、または確認待ちギャラリーから参照,,False
assets/sleep/biblo-v347/0100.webp,使用中,54432,30b2765e27da82bb220bbcd8e30a1a70b4014c5226abe30e8d64c3e767ef8960,0028_default,28(7).png,0028_default サンドパン:★1 かおごしごし寝 (0028_01),biblo-v347,図鑑・ボックス・寝顔、または確認待ちギャラリーから参照,,False
assets/sleep/biblo-v347/0101.webp,使用中,44504,e5dd96d7fc7e4238280d091d234eccd392fcd44c2e206be8a29d9f0fa01ff2cf,0028_default,28(8).png,0028_default サンドパン:★2 こっくり寝 (0028_02),biblo-v347,図鑑・ボックス・寝顔、または確認待ちギャラリーから参照,,False
assets/sleep/biblo-v347/0102.webp,使用中,47116,e3f8aff61c157aa0ba21831c3a9d729cd2b7a335c761c193a1c9f6af500a590b,0028_default,28(9).png,0028_default サンドパン:★3 つちうまり寝 (0028_03),biblo-v347,図鑑・ボックス・寝顔、または確認待ちギャラリーから参照,,False
assets/sleep/biblo-v347/0103.webp,使用中,36706,09994e472deb8f3cb1030c42e8a443e73c5472316c84c973a444c58e284edcca,0028_default,28(10).png,0028_default サンドパン:★4 おなかのうえ寝 (0028_04),biblo-v347,図鑑・ボックス・寝顔、または確認待ちギャラリーから参照,,False
assets/sleep/biblo-v347/0104.webp,使用中,32230,8231c1446ca65e0e10c19dc2d19423698495c0f2876098be8c7ba70342755bc5,0035_default,35(2).png,0035_default ピッピ:★1 おだやか寝 (0035_01),biblo-v347,図鑑・ボックス・寝顔、または確認待ちギャラリーから参照,,False
assets/sleep/biblo-v347/0105.webp,使用中,32142,a5d8b2d43f68ce652a820ea79d3c14c59ef565007395d931e50eaacf5df7c246,0035_default,35(3).png,0035_default ピッピ:★2 こっくり寝 (0035_02),biblo-v347,図鑑・ボックス・寝顔、または確認待ちギャラリーから参照,,False
assets/sleep/biblo-v347/0106.webp,使用中,30242,5b3d75a244bcce4d14ee4991b0d38677b9af44e283394bbbadd17090c1e8592d,0035_default,35(4).png,0035_default ピッピ:★3 ゆびをふる寝 (0035_03),biblo-v347,図鑑・ボックス・寝顔、または確認待ちギャラリーから参照,,False
assets/sleep/biblo-v347/0107.webp,使用中,37000,faa2346657f7e836c9ac73caf9bbe424a8d9e1859aeb359cdc02b4e124ed153c,0035_default,35(5).png,0035_default ピッピ:★4 おなかのうえ寝 (0035_04),biblo-v347,図鑑・ボックス・寝顔、または確認待ちギャラリーから参照,,False
assets/sleep/biblo-v347/0108.webp,使用中,36536,cfcee15de5418ed2354e8990d60b8b91976b0a9577a111544facd7c799928623,0036_default,36(2).png,0036_default ピクシー:★1 おだやか寝 (0036_01),biblo-v347,図鑑・ボックス・寝顔、または確認待ちギャラリーから参照,,False
assets/sleep/biblo-v347/0109.webp,使用中,36888,3e64f1ce6fc8a15b632a59db4a649ae1943371b09116822034473d59f38c13da,0036_default,36(3).png,0036_default ピクシー:★2 こっくり寝 (0036_02),biblo-v347,図鑑・ボックス・寝顔、または確認待ちギャラリーから参照,,False
assets/sleep/biblo-v347/0110.webp,使用中,34314,ef7985624df35cf06b6faad61f25b731b5b7026520ccb6628f846c27d64bcbe0,0036_default,36(4).png,0036_default ピクシー:★3 ゆびをふる寝 (0036_03),biblo-v347,図鑑・ボックス・寝顔、または確認待ちギャラリーから参照,,False
assets/sleep/biblo-v347/0111.webp,使用中,31150,90bc21c95c1dc3dc1fc60fd899770ac2f0585b8719cc0c26bea9c19f536fe5b5,0036_default,36(5).png,0036_default ピクシー:★4 おなかのうえ寝 (0036_04),biblo-v347,図鑑・ボックス・寝顔、または確認待ちギャラリーから参照,,False
assets/sleep/biblo-v347/0112.webp,使用中,37732,8c713e26225b89d34220a940c4109e75f96e6cf0aa8963343d955ab776c56713,0037_default,37(2).png,0037_default ロコン:★1 まるまり寝 (0037_01),biblo-v347,図鑑・ボックス・寝顔、または確認待ちギャラリーから参照,,False
assets/sleep/biblo-v347/0113.webp,使用中,36478,534a9a00210cbfa9777392c03b6e0eca4e2a6280d52b4031176bb242e53deb3b,0037_default,37(3).png,0037_default ロコン:★2 こっくり寝 (0037_02),biblo-v347,図鑑・ボックス・寝顔、または確認待ちギャラリーから参照,,False
assets/sleep/biblo-v347/0114.webp,使用中,44642,37617aa993dade2d300db3face04669c34868ace66c9d5b18163183cf8da3ea3,0037_default,37(4).png,0037_default ロコン:★3 ひのこ寝 (0037_03),biblo-v347,図鑑・ボックス・寝顔、または確認待ちギャラリーから参照,,False
assets/sleep/biblo-v347/0115.webp,使用中,35382,3058853aedc55814911e231932479b12bccd561f10a394e1efc4732096f57025,0037_default,37(5).png,0037_default ロコン:★4 おなかのうえ寝 (0037_04),biblo-v347,図鑑・ボックス・寝顔、または確認待ちギャラリーから参照,,False
assets/sleep/biblo-v347/0116.webp,使用中,35070,97a252c2f2094642ccafb7ad0660e2dbcc1f1979aca9d766f5aa74866411ebc1,0037_alola,37-alolanvulpix(2).png,0037_alola ロコン(アローラ):★1 まるまり寝 (0037_alola_01),biblo-v347,図鑑・ボックス・寝顔、または確認待ちギャラリーから参照,,False
assets/sleep/biblo-v347/0117.webp,使用中,34258,82ba2aa9c7e39baab1219ac6e7fbf3b30b7c85712f639913049d3b592ba4d92c,0037_alola,37-alolanvulpix(3).png,0037_alola ロコン(アローラ):★2 こっくり寝 (0037_alola_02),biblo-v347,図鑑・ボックス・寝顔、または確認待ちギャラリーから参照,,False
assets/sleep/biblo-v347/0118.webp,使用中,35478,bc8cdd027ba5463b020a9a514993e1b6211724c8fbd6752a9a174bc45989b740,0037_alola,37-alolanvulpix(4).png,0037_alola ロコン(アローラ):★3 こなゆき寝 (0037_alola_03),biblo-v347,図鑑・ボックス・寝顔、または確認待ちギャラリーから参照,,False
assets/sleep/biblo-v347/0119.webp,使用中,30744,b2ee2bed6f715c5d6680b5284da31e9c03a7d3e69622af870f3ac2a091e5c6a7,0037_alola,37-alolanvulpix(5).png,0037_alola ロコン(アローラ):★4 おなかのうえ寝 (0037_alola_04),biblo-v347,図鑑・ボックス・寝顔、または確認待ちギャラリーから参照,,False
assets/sleep/biblo-v347/0120.webp,使用中,33646,a5f01c0de92e4ddd1c5059ed527567b1b33cfec229cf2c0317526dec2abea774,0038_alola,38-alolanninetales(2).png,0038_alola キュウコン(アローラ):★1 のび寝 (0038_alola_01),biblo-v347,図鑑・ボックス・寝顔、または確認待ちギャラリーから参照,,False
assets/sleep/biblo-v347/0121.webp,使用中,32964,e813ecf0eb4dfbfed82e5578e9340543492204daa7d3e6ca53e9e235c0c5a127,0038_alola,38-alolanninetales(3).png,0038_alola キュウコン(アローラ):★2 しっぽふわり寝 (0038_alola_02),biblo-v347,図鑑・ボックス・寝顔、または確認待ちギャラリーから参照,,False
assets/sleep/biblo-v347/0122.webp,使用中,38868,5637836d4e53b593e6172d43fb7bbd869c7110ef3dbbc6466e7b96b6fc3a9f5a,0038_alola,38-alolanninetales(4).png,0038_alola キュウコン(アローラ):★3 しっぽつつまれ寝 (0038_alola_03),biblo-v347,図鑑・ボックス・寝顔、または確認待ちギャラリーから参照,,False
assets/sleep/biblo-v347/0123.webp,使用中,40200,72830fe67515ed33f5cdbb49e5a2d6e9d58c2c18096c3f1c4963c5d7bb4ca427,0038_alola,38-alolanninetales(5).png,0038_alola キュウコン(アローラ):★4 おなかのうえ寝 (0038_alola_04),biblo-v347,図鑑・ボックス・寝顔、または確認待ちギャラリーから参照,,False
assets/sleep/biblo-v347/0124.webp,使用中,30362,21d0cf77d511fbadcfe1b7c66788b1eabaf6608dbdac49639236c2e6f088eea9,0039_default,39(2).png,0039_default プリン:★1 すわり寝 (0039_01),biblo-v347,図鑑・ボックス・寝顔、または確認待ちギャラリーから参照,,False
assets/sleep/biblo-v347/0125.webp,使用中,29718,bbfcf5cd7c5fd1c46ca0444bc780887c1e637db2cec42e835de852daf525c760,0039_default,39(3).png,0039_default プリン:★2 ぼんやり寝 (0039_02),biblo-v347,図鑑・ボックス・寝顔、または確認待ちギャラリーから参照,,False
assets/sleep/biblo-v347/0126.webp,使用中,31462,f0c601a5f6297aa8e63234843ff4aeee55e63dcc94a6bf46f2d407897cc409bf,0039_default,39(4).png,0039_default プリン:★3 うたう寝 (0039_03),biblo-v347,図鑑・ボックス・寝顔、または確認待ちギャラリーから参照,,False
assets/sleep/biblo-v347/0127.webp,使用中,36368,58b14f900cb59f921f56cf78f822f80e63dd4c9a0940bee3bf2a64e59337cfc8,0039_default,39(5).png,0039_default プリン:★4 おなかのうえ寝 (0039_04),biblo-v347,図鑑・ボックス・寝顔、または確認待ちギャラリーから参照,,False
assets/sleep/biblo-v347/0128.webp,使用中,26580,c44f610214a522fae4172691a127a3772a77d0b332c0f2662b5ae48c1804597e,0040_default,40(2).png,0040_default プクリン:★1 ほほえみ寝 (0040_01),biblo-v347,図鑑・ボックス・寝顔、または確認待ちギャラリーから参照,,False
assets/sleep/biblo-v347/0129.webp,使用中,30900,f266c57fd6c586589bf544f148369d26220147b738cae0205a56dc4e6f50672f,0040_default,40(3).png,0040_default プクリン:★2 びっくり寝 (0040_02),biblo-v347,図鑑・ボックス・寝顔、または確認待ちギャラリーから参照,,False
assets/sleep/biblo-v347/0130.webp,使用中,33170,d94036326ab2a1acd02d28fa3ffdb2a582ba3d4e5c617105479e96333d68b45b,0040_default,40(4).png,0040_default プクリン:★3 ぷくぷく寝 (0040_03),biblo-v347,図鑑・ボックス・寝顔、または確認待ちギャラリーから参照,,False
assets/sleep/biblo-v347/0131.webp,使用中,42708,754cf9b36d0d85ec566a4842f745b423f9a3fbbc52f66698f16d3657e53d7f17,0040_default,40(5).png,0040_default プクリン:★4 おなかのうえ寝 (0040_04),biblo-v347,図鑑・ボックス・寝顔、または確認待ちギャラリーから参照,,False
assets/sleep/biblo-v347/0132.webp,使用中,36834,2ab75e5e8054bf94c0b214d57bb4217f9af32eeff8fe5c04e890548699c3974f,0050_default,50(2).png,0050_default ディグダ:★1 ちちゅう寝 (0050_01),biblo-v347,図鑑・ボックス・寝顔、または確認待ちギャラリーから参照,,False
assets/sleep/biblo-v347/0133.webp,使用中,31548,da8b3be91855c57d4d872a3b12b618d0ce82fba0330da8dc9d189d5b3d62df2d,0050_default,50(3).png,0050_default ディグダ:★2 ちじょう寝 (0050_02),biblo-v347,図鑑・ボックス・寝顔、または確認待ちギャラリーから参照,,False
assets/sleep/biblo-v347/0134.webp,使用中,40172,0461b81f3f6361e9ee8f4dce6f6212ac79459bee5d4019672bc6f379307535a1,0050_default,50(4).png,0050_default ディグダ:★3 あなをほる寝 (0050_03),biblo-v347,図鑑・ボックス・寝顔、または確認待ちギャラリーから参照,,False
assets/sleep/biblo-v347/0135.webp,使用中,46226,de69e3bd53970703e9f0c27d5285755d3c8a181355d542d5823dae2e16b7cbca,0051_default,51(20261003-121756).png,0051_default ダグトリオ:★1 ちちゅう寝 (0051_01),biblo-v347,図鑑・ボックス・寝顔、または確認待ちギャラリーから参照,,False
assets/sleep/biblo-v347/0136.webp,使用中,35394,f5cf90342490baea7c59435a3355c005f32f4dbe1e7395735f86568b20452bf7,0051_default,51(2).png,0051_default ダグトリオ:★2 ちじょう寝 (0051_02),biblo-v347,図鑑・ボックス・寝顔、または確認待ちギャラリーから参照,,False
assets/sleep/biblo-v347/0137.webp,使用中,44142,9d118d3c6706edd6d211b4a2d44a700c63cd8b28b4bd412c36256b1c4edb7d5c,0051_default,51(3).png,0051_default ダグトリオ:★3 みつごなかよし寝 (0051_03),biblo-v347,図鑑・ボックス・寝顔、または確認待ちギャラリーから参照,,False
assets/sleep/biblo-v347/0138.webp,使用中,41276,16e60c75bfd7ae28116c231a5f74d9c929ca383bae5b14445a1fbe4b59ac0321,0052_default,52(2).png,0052_default ニャース:★1 まるまり寝 (0052_01),biblo-v347,図鑑・ボックス・寝顔、または確認待ちギャラリーから参照,,False
assets/sleep/biblo-v347/0139.webp,使用中,48366,ea494c4e48739fdab4319bfbc35fbabdbaf157410e65e94f5234b2e18492c8e2,0052_default,52(3).png,0052_default ニャース:★2 すわり寝 (0052_02),biblo-v347,図鑑・ボックス・寝顔、または確認待ちギャラリーから参照,,False
assets/sleep/biblo-v347/0140.webp,使用中,56012,32538c162bcd3fde714270091fe76caea2033a44c92e1a816cd4e9621aafe28e,0052_default,52(4).png,0052_default ニャース:★3 ネコにこばん寝 (0052_03),biblo-v347,図鑑・ボックス・寝顔、または確認待ちギャラリーから参照,,False
assets/sleep/biblo-v347/0141.webp,使用中,34100,1cb693fc5ab408a9c5443d88760529c15fd27258175fe255d64ffcd21b363c82,0052_default,52(5).png,0052_default ニャース:★4 おなかのうえ寝 (0052_04),biblo-v347,図鑑・ボックス・寝顔、または確認待ちギャラリーから参照,,False
assets/sleep/biblo-v347/0142.webp,使用中,37876,bf43ab9075678f6e37bb6e98ed4aab6a7c2b642d8ff815da11358ddea8087425,0053_default,53(2).png,0053_default ペルシアン:★1 ゆうが寝 (0053_01),biblo-v347,図鑑・ボックス・寝顔、または確認待ちギャラリーから参照,,False
assets/sleep/biblo-v347/0143.webp,使用中,39386,12e9422e949f5c21fb426a1b087f4c1eaa1211567995001f3ef8d833ee880349,0053_default,53(3).png,0053_default ペルシアン:★2 ふんばり寝 (0053_02),biblo-v347,図鑑・ボックス・寝顔、または確認待ちギャラリーから参照,,False
assets/sleep/biblo-v347/0144.webp,使用中,41590,7cc2b728a6e69f2dfccd0f0f9bbea009f1f19fb5a8d366cc6374c8801eea4e1b,0053_default,53(4).png,0053_default ペルシアン:★3 ごめん寝 (0053_03),biblo-v347,図鑑・ボックス・寝顔、または確認待ちギャラリーから参照,,False
assets/sleep/biblo-v347/0145.webp,使用中,38142,a57091ee5380619ba1333efc7a1aa3d7316ab8f5e11e7bf04eb3b1473cf66fe7,0053_default,53(5).png,0053_default ペルシアン:★4 おなかのうえ寝 (0053_04),biblo-v347,図鑑・ボックス・寝顔、または確認待ちギャラリーから参照,,False
assets/sleep/biblo-v347/0146.webp,使用中,26186,e5869b42c0c8205c62a026ba5493612ce8f795d43889455f6741458bb36d56d0,0054_default,54(2).png,0054_default コダック:★1 ずつう寝 (0054_01),biblo-v347,図鑑・ボックス・寝顔、または確認待ちギャラリーから参照,,False
assets/sleep/biblo-v347/0147.webp,使用中,23258,b6be28aeaf04208938992b8623d0fd683f1e5bd8812cc52e8b741225c3fb836b,0054_default,54(3).png,0054_default コダック:★2 おおあくび寝 (0054_02),biblo-v347,図鑑・ボックス・寝顔、または確認待ちギャラリーから参照,,False
assets/sleep/biblo-v347/0148.webp,使用中,32388,67bded7f98b8cdd05fe7e73875e5c235694c89c3c8a36615c26c8181eb8c8800,0054_default,54(4).png,0054_default コダック:★3 やだやだ寝 (0054_03),biblo-v347,図鑑・ボックス・寝顔、または確認待ちギャラリーから参照,,False
assets/sleep/biblo-v347/0149.webp,使用中,36856,22e16d3b1c13abc14e079fd5bcbbb5547867a0914dc2f0700ec8cdd63172c6e5,0054_default,54(5).png,0054_default コダック:★4 おなかのうえ寝 (0054_04),biblo-v347,図鑑・ボックス・寝顔、または確認待ちギャラリーから参照,,False
assets/sleep/biblo-v347/0150.webp,使用中,35694,a202c4d8f0e3931b1795df88cd87a3cb03fd88aa0114e37dbb458ee190b650fc,0055_default,55(2).png,0055_default ゴルダック:★1 うでまくら寝 (0055_01),biblo-v347,図鑑・ボックス・寝顔、または確認待ちギャラリーから参照,,False
assets/sleep/biblo-v347/0151.webp,使用中,29370,c90ea6616616219bcf989927aaeeb4ebf3c616b1dc85504a7c0864519f6820f1,0055_default,55(3).png,0055_default ゴルダック:★2 おしりかき寝 (0055_02),biblo-v347,図鑑・ボックス・寝顔、または確認待ちギャラリーから参照,,False
assets/sleep/biblo-v347/0152.webp,使用中,45478,5044cbdca6ace7763108a136a0c9bd92e124bfe75c2477868712164c05f52a5c,0055_default,55(4).png,0055_default ゴルダック:★3 およぎ寝 (0055_03),biblo-v347,図鑑・ボックス・寝顔、または確認待ちギャラリーから参照,,False
assets/sleep/biblo-v347/0153.webp,使用中,39424,ce076bc387fa6f8af5e3e47eafe1ce3e2831dc2c6a9738190ec9db11561e913a,0055_default,55(5).png,0055_default ゴルダック:★4 おなかのうえ寝 (0055_04),biblo-v347,図鑑・ボックス・寝顔、または確認待ちギャラリーから参照,,False
assets/sleep/biblo-v347/0154.webp,使用中,38968,26ae9e527c6b9e095d789e190c544265fb1845b4536704f0fd63f6595be1c69e,0056_default,56(2).png,0056_default マンキー:★1 おこり寝 (0056_01),biblo-v347,図鑑・ボックス・寝顔、または確認待ちギャラリーから参照,,False
assets/sleep/biblo-v347/0155.webp,使用中,41994,6c98ffba1e202fffaa75286d4651395c1845ee7390f159f50fb00a59da2a57e3,0056_default,56(3).png,0056_default マンキー:★2 ぼうだち寝 (0056_02),biblo-v347,図鑑・ボックス・寝顔、または確認待ちギャラリーから参照,,False
assets/sleep/biblo-v347/0156.webp,使用中,45932,cb9fe07092bb5237aeef9d15b9d1cdbff2b03da32f531ecaad73ce10540a0f33,0056_default,56(4).png,0056_default マンキー:★3 おだやか寝 (0056_03),biblo-v347,図鑑・ボックス・寝顔、または確認待ちギャラリーから参照,,False
assets/sleep/biblo-v347/0157.webp,使用中,40374,90c6c190bb2ac12d218e4fdfba313350eb8aadeaecaed8658de508fb782ef76e,0056_default,56(5).png,0056_default マンキー:★4 おなかのうえ寝 (0056_04),biblo-v347,図鑑・ボックス・寝顔、または確認待ちギャラリーから参照,,False
assets/sleep/biblo-v347/0158.webp,使用中,33066,6edd3142c5ad6f865e2c6cf13c5d8a1e5d6044419f5fb531b7e42c3459fd0246,0057_default,57(2).png,0057_default オコリザル:★1 おこり寝 (0057_01),biblo-v347,図鑑・ボックス・寝顔、または確認待ちギャラリーから参照,,False
assets/sleep/biblo-v347/0159.webp,使用中,35814,ac02c7c8f6627d8b51133a93ed59cdde4d43dd4658852bc25e5be935d77a4eb6,0057_default,57(3).png,0057_default オコリザル:★2 じだんだ寝 (0057_02),biblo-v347,図鑑・ボックス・寝顔、または確認待ちギャラリーから参照,,False
assets/sleep/biblo-v347/0160.webp,使用中,46692,c1ce39ee11e4fc80ee86e09231a9057f7f0353c480ccf811ff9f7857b155c417,0057_default,57(4).png,0057_default オコリザル:★3 おだやか寝 (0057_03),biblo-v347,図鑑・ボックス・寝顔、または確認待ちギャラリーから参照,,False
assets/sleep/biblo-v347/0161.webp,使用中,38428,ab73e966712269eccdc264de8c8a706659246da4a908cd75957624cf5c9cddb2,0057_default,57(5).png,0057_default オコリザル:★4 おなかのうえ寝 (0057_04),biblo-v347,図鑑・ボックス・寝顔、または確認待ちギャラリーから参照,,False
assets/sleep/biblo-v347/0162.webp,使用中,37548,275335a66fa50482a422aad2f872ad38d092f560cbe46dd14ebb6a04ae093433,0058_default,58(2).png,0058_default ガーディ:★1 のび寝 (0058_01),biblo-v347,図鑑・ボックス・寝顔、または確認待ちギャラリーから参照,,False
assets/sleep/biblo-v347/0163.webp,使用中,35188,40a23498fbbb9a24aad8cdc1e77935ff53d410955cb9b6d58bc750f6555407f9,0058_default,58(3).png,0058_default ガーディ:★2 おすわり寝 (0058_02),biblo-v347,図鑑・ボックス・寝顔、または確認待ちギャラリーから参照,,False
assets/sleep/biblo-v347/0164.webp,使用中,42326,69f8c5060814a30eb7c5e4076fba6a2caa48c775bdd66aee44817bad3bf392eb,0058_default,58(4).png,0058_default ガーディ:★3 へそてん寝 (0058_03),biblo-v347,図鑑・ボックス・寝顔、または確認待ちギャラリーから参照,,False
assets/sleep/biblo-v347/0165.webp,使用中,42528,fa8888db6a6cc0c05bfe6b7f36614e540a015db85eefe5d429f0118149d0d782,0058_default,58(5).png,0058_default ガーディ:★4 おなかのうえ寝 (0058_04),biblo-v347,図鑑・ボックス・寝顔、または確認待ちギャラリーから参照,,False
assets/sleep/biblo-v347/0166.webp,使用中,45464,77a084a5f0ddddff8c5bd9d25771631a12961605bb16d3b33bff6d00a7b4c431,0059_default,59(2).png,0059_default ウインディ:★1 ふせ寝 (0059_01),biblo-v347,図鑑・ボックス・寝顔、または確認待ちギャラリーから参照,,False
assets/sleep/biblo-v347/0167.webp,使用中,51348,f6713957666e441a247da0c4adb99cbf26144ce7091d188629d7bf3d762e481b,0059_default,59(3).png,0059_default ウインディ:★2 おすわり寝 (0059_02),biblo-v347,図鑑・ボックス・寝顔、または確認待ちギャラリーから参照,,False
assets/sleep/biblo-v347/0168.webp,使用中,57682,6ef643b6ca7a9226c3351efefdc6aef78497163ddd324a708ad3c49e871d005f,0059_default,59(4).png,0059_default ウインディ:★3 へそてん寝 (0059_03),biblo-v347,図鑑・ボックス・寝顔、または確認待ちギャラリーから参照,,False
assets/sleep/biblo-v347/0169.webp,使用中,52078,6982b132a1115e199750522f4b0132181823eadb8c9ff166d66f80f9f1373790,0059_default,59(5).png,0059_default ウインディ:★4 おなかのうえ寝 (0059_04),biblo-v347,図鑑・ボックス・寝顔、または確認待ちギャラリーから参照,,False
assets/sleep/biblo-v347/0170.webp,使用中,33724,5b3eb652a94658f1a245c1b5de8dfbd7a247937bab537ab39c654d9920c31507,0069_default,69(2).png,0069_default マダツボミ:★1 あしのばし寝 (0069_01),biblo-v347,図鑑・ボックス・寝顔、または確認待ちギャラリーから参照,,False
assets/sleep/biblo-v347/0171.webp,使用中,34210,2ef91331c1ad9e7e21be09d663d88ad9ca05fbfdd318807681132e6486ff8601,0069_default,69(3).png,0069_default マダツボミ:★2 ようかいえき寝 (0069_02),biblo-v347,図鑑・ボックス・寝顔、または確認待ちギャラリーから参照,,False
assets/sleep/biblo-v347/0172.webp,使用中,43336,a25b62965f8fb09f99e5b0db30cdae1ac94dbc2b1aefdcd09e7e63aab0bea407,0069_default,69(4).png,0069_default マダツボミ:★3 ねをはる寝 (0069_03),biblo-v347,図鑑・ボックス・寝顔、または確認待ちギャラリーから参照,,False
assets/sleep/biblo-v347/0173.webp,使用中,35826,03f504f15c8ca2c0bae3b67881e515040cb8ca096d648b3d1fa8ae363817a313,0069_default,69(5).png,0069_default マダツボミ:★4 おなかのうえ寝 (0069_04),biblo-v347,図鑑・ボックス・寝顔、または確認待ちギャラリーから参照,,False
assets/sleep/biblo-v347/0174.webp,使用中,42560,3a3135a5619317c3fc4d1962792f4029aab8405330cb805dcedac76e26b0edbe,0070_default,70(2).png,0070_default ウツドン:★1 ようかいえき寝 (0070_01),biblo-v347,図鑑・ボックス・寝顔、または確認待ちギャラリーから参照,,False
assets/sleep/biblo-v347/0175.webp,使用中,20010,0d2c6b70e84f9d6789c4768a6dc81d62ba1be50257bfa3447899b785a5d15fcf,0070_default,70(3).png,0070_default ウツドン:★2 ふゆう寝 (0070_02),biblo-v347,図鑑・ボックス・寝顔、または確認待ちギャラリーから参照,,False
assets/sleep/biblo-v347/0176.webp,使用中,28850,fa94dae6fcf40f454aecec846599a6288d59db3ea53af8882ef2a05960597346,0070_default,70(4).png,0070_default ウツドン:★3 くっつき寝 (0070_03),biblo-v347,図鑑・ボックス・寝顔、または確認待ちギャラリーから参照,,False
assets/sleep/biblo-v347/0177.webp,使用中,45054,67ceec23a4ea7d8d5bd8ad582a6a0bb4c3cdfb9a3a8d9b79b3e5129c1d77d7e8,0070_default,70(5).png,0070_default ウツドン:★4 おなかのうえ寝 (0070_04),biblo-v347,図鑑・ボックス・寝顔、または確認待ちギャラリーから参照,,False
assets/sleep/biblo-v347/0178.webp,使用中,37024,52fa79bc25171f9a1132798a9b1c9073dc0a8a1ea38e5fc7610746e5ce8f78a7,0071_default,71(2).png,0071_default ウツボット:★1 ばふばふ寝 (0071_01),biblo-v347,図鑑・ボックス・寝顔、または確認待ちギャラリーから参照,,False
assets/sleep/biblo-v347/0179.webp,使用中,36550,24c8623be5b91acf21efbf8912afb868f123a0f7f835342c05a69d9ae6feb9d2,0071_default,71(3).png,0071_default ウツボット:★2 つるささえ寝 (0071_02),biblo-v347,図鑑・ボックス・寝顔、または確認待ちギャラリーから参照,,False
assets/sleep/biblo-v347/0180.webp,使用中,38676,5b1a54c3cca1c3e644ef68d74a2bf0f5e8e31a24a3f0932a531eea4770125395,0071_default,71(4).png,0071_default ウツボット:★3 ひっくりかえり寝 (0071_03),biblo-v347,図鑑・ボックス・寝顔、または確認待ちギャラリーから参照,,False
assets/sleep/biblo-v347/0181.webp,使用中,41302,f2314162bf848f820dbc5821ad1b1d15684f4b10201514488b040bf849c569b9,0071_default,71(5).png,0071_default ウツボット:★4 おなかのうえ寝 (0071_04),biblo-v347,図鑑・ボックス・寝顔、または確認待ちギャラリーから参照,,False
assets/sleep/biblo-v347/0182.webp,使用中,30438,2eac5aaabbce94bd2a530d9a5eab207b88015bfad7155a0ae303f24a20da1c49,0074_default,74(2).png,0074_default イシツブテ:★1 うでぐみ寝 (0074_01),biblo-v347,図鑑・ボックス・寝顔、または確認待ちギャラリーから参照,,False
assets/sleep/biblo-v347/0183.webp,使用中,32138,88be626c4ef8ffc71c9b4357edd449498dc944d45fcee9a89a76d5cc8624ad21,0074_default,74(3).png,0074_default イシツブテ:★2 がまん寝 (0074_02),biblo-v347,図鑑・ボックス・寝顔、または確認待ちギャラリーから参照,,False
assets/sleep/biblo-v347/0184.webp,使用中,39584,d766168c879948afa35d2a18e4cbaca15bfde43e97b9124944345a436482fe45,0074_default,74(4).png,0074_default イシツブテ:★3 めりこみ寝 (0074_03),biblo-v347,図鑑・ボックス・寝顔、または確認待ちギャラリーから参照,,False
assets/sleep/biblo-v347/0185.webp,使用中,36840,5bbd32c80a11bdcedb5b8b2ae3dc7b6ea049aadb9d2a26811f7a31db0626050b,0074_default,74(5).png,0074_default イシツブテ:★4 おなかのうえ寝 (0074_04),biblo-v347,図鑑・ボックス・寝顔、または確認待ちギャラリーから参照,,False
assets/sleep/biblo-v347/0186.webp,使用中,33486,efe82a4d31b0d0710cab0f13d7d4d48ad4261f7263c39788b2a0d18e6e43da87,0075_default,75(2).png,0075_default ゴローン:★1 ごろーん寝 (0075_01),biblo-v347,図鑑・ボックス・寝顔、または確認待ちギャラリーから参照,,False
assets/sleep/biblo-v347/0187.webp,使用中,33340,3a63e29f4585afe3da4e274c8d61e60f7fbc9530567a12e714c7452c66f53e82,0075_default,75(3).png,0075_default ゴローン:★2 ごうかい寝 (0075_02),biblo-v347,図鑑・ボックス・寝顔、または確認待ちギャラリーから参照,,False
assets/sleep/biblo-v347/0188.webp,使用中,33614,dddcd10a998ea1cff325c7114710e1a904f80d46c150dda09e6e6eeb6aadd7f3,0075_default,75(4).png,0075_default ゴローン:★3 ごろごろ寝 (0075_03),biblo-v347,図鑑・ボックス・寝顔、または確認待ちギャラリーから参照,,False
assets/sleep/biblo-v347/0189.webp,使用中,39264,66e0d1048a3852fd37789b5b9ba0245aae0da794c825668fda08a311e4e3d731,0075_default,75(5).png,0075_default ゴローン:★4 おなかのうえ寝 (0075_04),biblo-v347,図鑑・ボックス・寝顔、または確認待ちギャラリーから参照,,False
assets/sleep/biblo-v347/0190.webp,使用中,38946,1976700b12440b5ae3f68fe83e9f6b94d5cdb589b1d7a016de41ffe2e4d98423,0076_default,76(2).png,0076_default ゴローニャ:★1 どっしり寝 (0076_01),biblo-v347,図鑑・ボックス・寝顔、または確認待ちギャラリーから参照,,False
assets/sleep/biblo-v347/0191.webp,使用中,35342,c5c9eb41951d3bae15542a4dd030f6d9b2c7477e6756d24b294cd64afb4e268c,0076_default,76(3).png,0076_default ゴローニャ:★2 におうだち寝 (0076_02),biblo-v347,図鑑・ボックス・寝顔、または確認待ちギャラリーから参照,,False
assets/sleep/biblo-v347/0192.webp,使用中,37052,3d2823eced015db12cfb98de92000484760ac2afe41093c3e56bc2bfc867180e,0076_default,76(4).png,0076_default ゴローニャ:★3 ごろごろ寝 (0076_03),biblo-v347,図鑑・ボックス・寝顔、または確認待ちギャラリーから参照,,False
assets/sleep/biblo-v347/0193.webp,使用中,45694,c102d5efa2b422444c5b41675db3a0a127528305ef76e58579240e7c35a315b6,0076_default,76(5).png,0076_default ゴローニャ:★4 おなかのうえ寝 (0076_04),biblo-v347,図鑑・ボックス・寝顔、または確認待ちギャラリーから参照,,False
assets/sleep/biblo-v347/0194.webp,使用中,29380,7514c2b9cf28cd1a683a171639cab35fbd093ae908ebbded2f391616d4c22904,0079_default,79(2).png,0079_default ヤドン:★1 ぐでぐで寝 (0079_01),biblo-v347,図鑑・ボックス・寝顔、または確認待ちギャラリーから参照,,False
assets/sleep/biblo-v347/0195.webp,使用中,19868,54da67ee4704b9a8656a4f3dd36098fc00056be6c14a56bcc21354eae44f3750,0079_default,79(3).png,0079_default ヤドン:★2 ぼーっと寝 (0079_02),biblo-v347,図鑑・ボックス・寝顔、または確認待ちギャラリーから参照,,False
assets/sleep/biblo-v347/0196.webp,使用中,34902,f0a77e3bdbe6295c44f5ab110e071ec4a5063917cefaf312a60773d3b6edadba,0079_default,79(4).png,0079_default ヤドン:★3 まぬけだ寝 (0079_03),biblo-v347,図鑑・ボックス・寝顔、または確認待ちギャラリーから参照,,False
assets/sleep/biblo-v347/0197.webp,使用中,31264,ece153b4f48592586065b4e1dd3b5131ca8910a60032d1fed389710986e17856,0079_default,79(5).png,0079_default ヤドン:★4 おなかのうえ寝 (0079_04),biblo-v347,図鑑・ボックス・寝顔、または確認待ちギャラリーから参照,,False
assets/sleep/biblo-v347/0198.webp,使用中,26710,01f873677276fd70894ca0588cc4613636a51d335c65a09e77fa796e60c87ea3,0080_default,80(2).png,0080_default ヤドラン:★1 なかよし寝 (0080_01),biblo-v347,図鑑・ボックス・寝顔、または確認待ちギャラリーから参照,,False
assets/sleep/biblo-v347/0199.webp,使用中,39668,d0aadf1ab80a7ea68464b94688ec8287034f17ba23ef496c1df2bc8ff5f8be02,0080_default,80(3).png,0080_default ヤドラン:★2 よだれ寝 (0080_02),biblo-v347,図鑑・ボックス・寝顔、または確認待ちギャラリーから参照,,False
assets/sleep/biblo-v347/0200.webp,使用中,38650,5dbb0e6133eabaafb28c64069140086c3248ebf9ed7e3a1db5d0290dbb6bf252,0080_default,80(4).png,0080_default ヤドラン:★3 しっぽかまれ寝 (0080_03),biblo-v347,図鑑・ボックス・寝顔、または確認待ちギャラリーから参照,,False
assets/sleep/biblo-v347/0201.webp,使用中,39392,499f85691c83f42879875a5b75407ad0a2ed19a04155d82b30f1a70c3c241ab6,0080_default,80(5).png,0080_default ヤドラン:★4 おなかのうえ寝 (0080_04),biblo-v347,図鑑・ボックス・寝顔、または確認待ちギャラリーから参照,,False
assets/sleep/biblo-v347/0202.webp,使用中,23268,1b8d560f029651828f05d4c561658e0c3915fb98bb38e792e13c3a3703a6f12f,0081_default,81(2).png,0081_default コイル:★1 かたむきふゆう寝 (0081_01),biblo-v347,図鑑・ボックス・寝顔、または確認待ちギャラリーから参照,,False
assets/sleep/biblo-v347/0203.webp,使用中,24210,aeeb70a5979c87d7b4cdb80e6123eea29204515398221fa0d0376630286c101c,0081_default,81(20261003-122923).png,0081_default コイル:★2 でんじふゆう寝 (0081_02),biblo-v347,図鑑・ボックス・寝顔、または確認待ちギャラリーから参照,,False
assets/sleep/biblo-v347/0204.webp,使用中,27092,cf3085acb5e62718b15e3b4e80ef4e0327b181cd0e51ff9b2cc5af5462cb0867,0081_default,81(3).png,0081_default コイル:★3 さかさふゆう寝 (0081_03),biblo-v347,図鑑・ボックス・寝顔、または確認待ちギャラリーから参照,,False
assets/sleep/biblo-v347/0205.webp,使用中,33358,cc8f1e5ed7b272145578ff1fdba4f25f40fc63037ca65dc1b855af497656735e,0082_default,82(2).png,0082_default レアコイル:★1 れんけつふゆう寝 (0082_01),biblo-v347,図鑑・ボックス・寝顔、または確認待ちギャラリーから参照,,False
assets/sleep/biblo-v347/0206.webp,使用中,27710,de704fa07519f1580aa433faca400bfabbea656b6e892031bad9c5ab755d983a,0082_default,82(3).png,0082_default レアコイル:★2 おちかけふゆう寝 (0082_02),biblo-v347,図鑑・ボックス・寝顔、または確認待ちギャラリーから参照,,False
assets/sleep/biblo-v347/0207.webp,使用中,31744,95d78d907d5d4f6d3e8d9bf969cae71589d9817debf3ea812ceaa76849eb6107,0082_default,82(4).png,0082_default レアコイル:★3 ばらばらふゆう寝 (0082_03),biblo-v347,図鑑・ボックス・寝顔、または確認待ちギャラリーから参照,,False
assets/sleep/biblo-v347/0208.webp,使用中,35072,f7c94e531e17e503ec51fe6ee20362d5f7225e4bbbe2eeb71077fe315cdd67f9,0083_default,83(2).png,0083_default カモネギ:★1 ぺったり寝 (0083_01),biblo-v347,図鑑・ボックス・寝顔、または確認待ちギャラリーから参照,,False
assets/sleep/biblo-v347/0209.webp,使用中,35790,ea6e6e7fa27d4bce6e3dc39a01d1e5d2d8ebebd21b4430b3bede8b21da9ee397,0083_default,83(3).png,0083_default カモネギ:★2 クキかまえ寝 (0083_02),biblo-v347,図鑑・ボックス・寝顔、または確認待ちギャラリーから参照,,False
assets/sleep/biblo-v347/0210.webp,使用中,45692,59b3657cb4c5abfbcfae5f9b507b6a421f5e84a46fb5367e6ec779163a20ad45,0083_default,83(6).png,0083_default カモネギ:★3 クキかみ寝 (0083_03),biblo-v347,図鑑・ボックス・寝顔、または確認待ちギャラリーから参照,,False
assets/sleep/biblo-v347/0211.webp,使用中,36616,8c832c8b81855a16ab555e092dfe6cc51488036ef5e1f4a3460873c5a038ab53,0083_default,83(7).png,0083_default カモネギ:★4 おなかのうえ寝 (0083_04),biblo-v347,図鑑・ボックス・寝顔、または確認待ちギャラリーから参照,,False
assets/sleep/biblo-v347/0212.webp,使用中,23632,e389d77f19fc0a39f0b37285bf53d0cfc40743e74807034158a7193a13a29517,0092_default,92(8).png,0092_default ゴース:★1 にこにこ寝 (0092_01),biblo-v347,図鑑・ボックス・寝顔、または確認待ちギャラリーから参照,,False
assets/sleep/biblo-v347/0213.webp,使用中,25438,529a043535cde792133392bed01ea58e27abb1f592b95543a5bdda46cfabc1cf,0092_default,92(9).png,0092_default ゴース:★2 ガスふゆう寝 (0092_02),biblo-v347,図鑑・ボックス・寝顔、または確認待ちギャラリーから参照,,False
assets/sleep/biblo-v347/0214.webp,使用中,28446,6adbd967354aa80255e45dc07e58a0de36233edc1803225fb3ce6d7782d7c576,0092_default,92(10).png,0092_default ゴース:★3 べろべろばー寝 (0092_03),biblo-v347,図鑑・ボックス・寝顔、または確認待ちギャラリーから参照,,False
assets/sleep/biblo-v347/0215.webp,使用中,23412,7e6437257c6a3ec957a12c2a6be1e2661da26a5fbcaba0aab7d3e9e58c9dbf6d,0093_default,93(7).png,0093_default ゴースト:★1 くびかしげ寝 (0093_01),biblo-v347,図鑑・ボックス・寝顔、または確認待ちギャラリーから参照,,False
assets/sleep/biblo-v347/0216.webp,使用中,21342,335a8bf445eae2c919badfe7141315d898a2417d2a71812ce4b0ca00efaf3123,0093_default,93(8).png,0093_default ゴースト:★2 ガスふゆう寝 (0093_02),biblo-v347,図鑑・ボックス・寝顔、または確認待ちギャラリーから参照,,False
assets/sleep/biblo-v347/0217.webp,使用中,25972,e78f25514308825184c2bc4eb8189144895b9b8a7ccff621ac215b6ef0940d38,0093_default,93(9).png,0093_default ゴースト:★3 べろべろばー寝 (0093_03),biblo-v347,図鑑・ボックス・寝顔、または確認待ちギャラリーから参照,,False
assets/sleep/biblo-v347/0218.webp,使用中,26232,f2028ad4848ecf6f3b1fc8379cebc2a3d4960898ef3b8397c63d1005b56c486d,0094_default,94(8).png,0094_default ゲンガー:★1 いたずら寝 (0094_01),biblo-v347,図鑑・ボックス・寝顔、または確認待ちギャラリーから参照,,False
assets/sleep/biblo-v347/0219.webp,使用中,26320,b776767c2c79a04316bfcf472c046c05cc1dc2ddc110e30a70af5a8ca84b1593,0094_default,94(9).png,0094_default ゲンガー:★2 にやにや寝 (0094_02),biblo-v347,図鑑・ボックス・寝顔、または確認待ちギャラリーから参照,,False
assets/sleep/biblo-v347/0220.webp,使用中,36646,ed839c1e5e0d1f359ddaf974a811ca4042246d82da3f096da9b06900c1a11e84,0094_default,94(10).png,0094_default ゲンガー:★3 べろべろばー寝 (0094_03),biblo-v347,図鑑・ボックス・寝顔、または確認待ちギャラリーから参照,,False
assets/sleep/biblo-v347/0221.webp,使用中,40544,54e0f221a0f85eb40862fe8004a82a69a78d992b86cd53310716432978d599aa,0094_default,94(20261003-131200).png,0094_default ゲンガー:★4 おなかのうえ寝 (0094_04),biblo-v347,図鑑・ボックス・寝顔、または確認待ちギャラリーから参照,,False
assets/sleep/biblo-v347/0222.webp,使用中,35346,f8907750f963d5b96647041df5869a27120943700fe7665f5097859a3d5db564,0095_default,95(7).png,0095_default イワーク:★1 うずまき寝 (0095_01),biblo-v347,図鑑・ボックス・寝顔、または確認待ちギャラリーから参照,,False
assets/sleep/biblo-v347/0223.webp,使用中,30856,869c3cd72975fbbe6989d179ad6a6d3a6c26294d8fff2c1f029298e84eef586b,0095_default,95(8).png,0095_default イワーク:★2 ぐらぐら寝 (0095_02),biblo-v347,図鑑・ボックス・寝顔、または確認待ちギャラリーから参照,,False
assets/sleep/biblo-v347/0224.webp,使用中,49606,0024e4574a2c7f08e2ea01c0573f6ac303fe7cc11b9376e7c62a0d40d5483f61,0095_default,95(9).png,0095_default イワーク:★3 ほりすすみ寝 (0095_03),biblo-v347,図鑑・ボックス・寝顔、または確認待ちギャラリーから参照,,False
assets/sleep/biblo-v347/0225.webp,使用中,36650,1fb200abf24d96a8b0687fe35f2e2038c6aa706ff292b8517669f07b97876c4c,0104_default,104(4).png,0104_default カラカラ:★1 しくしく寝 (0104_01),biblo-v347,図鑑・ボックス・寝顔、または確認待ちギャラリーから参照,,False
assets/sleep/biblo-v347/0226.webp,使用中,26866,bf39cd3a5f6b39a71ea58754be0dce4e7bb61199cbe644d64dee4083d9ab4070,0104_default,104(5).png,0104_default カラカラ:★2 ホネかき寝 (0104_02),biblo-v347,図鑑・ボックス・寝顔、または確認待ちギャラリーから参照,,False
assets/sleep/biblo-v347/0227.webp,使用中,40550,5f89c704150222b2b2ead7d388c03507f550e213c1bb1a3dc29cf77a75210d97,0104_default,104(6).png,0104_default カラカラ:★3 ホネまくら寝 (0104_03),biblo-v347,図鑑・ボックス・寝顔、または確認待ちギャラリーから参照,,False
assets/sleep/biblo-v347/0228.webp,使用中,36824,523649b3808fcc741854caeb3c69fe7aa7c1886ea897079c261cbe5b3c676602,0104_default,104(7).png,0104_default カラカラ:★4 おなかのうえ寝 (0104_04),biblo-v347,図鑑・ボックス・寝顔、または確認待ちギャラリーから参照,,False
assets/sleep/biblo-v347/0229.webp,使用中,29304,5413d8adfd1c7533cbed207c2fe05817034bbbee3dbc90d558e55ea2c534bf1c,0105_default,105(4).png,0105_default ガラガラ:★1 ホネだき寝 (0105_01),biblo-v347,図鑑・ボックス・寝顔、または確認待ちギャラリーから参照,,False
assets/sleep/biblo-v347/0230.webp,使用中,26038,68c10305820cf23feb80a45244f16b3ea50795f2398f827e1f0b55d2b2814fcb,0105_default,105(5).png,0105_default ガラガラ:★2 ホネかき寝 (0105_02),biblo-v347,図鑑・ボックス・寝顔、または確認待ちギャラリーから参照,,False
assets/sleep/biblo-v347/0231.webp,使用中,38760,05789e4f2aa8ca00e7f5263aa0d19e081ee76e1795f69adbfac67ec54120b344,0105_default,105(20261003-131342).png,0105_default ガラガラ:★3 ホネまくら寝 (0105_03),biblo-v347,図鑑・ボックス・寝顔、または確認待ちギャラリーから参照,,False
assets/sleep/biblo-v347/0232.webp,使用中,43724,cdeae12ec6c6580c7f24f0fe6f6977c79d90f76928f0783e8cf56d58dd7a90d7,0105_default,105(6).png,0105_default ガラガラ:★4 おなかのうえ寝 (0105_04),biblo-v347,図鑑・ボックス・寝顔、または確認待ちギャラリーから参照,,False
assets/sleep/biblo-v347/0233.webp,使用中,35870,96db49fdcad522e3f1c117e94df2297cb1a8f61ce13efa9e88b26772039c6115,0113_default,113(3).png,0113_default ラッキー:★1 すわり寝 (0113_01),biblo-v347,図鑑・ボックス・寝顔、または確認待ちギャラリーから参照,,False
assets/sleep/biblo-v347/0234.webp,使用中,36956,1d357674f19f045cda3938a935191e8586f0456da69caa9666ec20b87cba205c,0113_default,113(4).png,0113_default ラッキー:★2 こっくり寝 (0113_02),biblo-v347,図鑑・ボックス・寝顔、または確認待ちギャラリーから参照,,False
assets/sleep/biblo-v347/0235.webp,使用中,34736,4c3b6b52d3975d09bdfb903133657c365235995f2a1bb9cf62e357feadf4d4e0,0113_default,113(5).png,0113_default ラッキー:★3 タマゴだいじ寝 (0113_03),biblo-v347,図鑑・ボックス・寝顔、または確認待ちギャラリーから参照,,False
assets/sleep/biblo-v347/0236.webp,使用中,36868,6265cb8c83acaab987b185af3b34969fe519c4bca87229dda0773a401d36cd3f,0113_default,113(6).png,0113_default ラッキー:★4 おなかのうえ寝 (0113_04),biblo-v347,図鑑・ボックス・寝顔、または確認待ちギャラリーから参照,,False
assets/sleep/biblo-v347/0237.webp,使用中,34060,4ae3d25bfb2cfc1cc12ddd60ea44877ed46c8d2173afb6c3b4c93dbc0c1b1c1d,0115_default,115(3).png,0115_default ガルーラ:★1 おやこあい寝 (0115_01),biblo-v347,図鑑・ボックス・寝顔、または確認待ちギャラリーから参照,,False
assets/sleep/biblo-v347/0238.webp,使用中,32954,a90151f87a07acb27587bcfa1550778fcb950231e09c7b3bb454f0fd69566d03,0115_default,115(4).png,0115_default ガルーラ:★2 おやこシンクロ寝 (0115_02),biblo-v347,図鑑・ボックス・寝顔、または確認待ちギャラリーから参照,,False
assets/sleep/biblo-v347/0239.webp,使用中,40376,ce8aa3271e6619604167d74fd6f72b398d7e340fc3f48187e1da79db261d55c5,0115_default,115(5).png,0115_default ガルーラ:★3 さきにおきた寝 (0115_03),biblo-v347,図鑑・ボックス・寝顔、または確認待ちギャラリーから参照,,False
assets/sleep/biblo-v347/0240.webp,使用中,43994,b174414affdcf3ed569bf557192485bcb34d5f157fe7a8b9a81a801fdda52b14,0115_default,115(6).png,0115_default ガルーラ:★4 おなかのうえ寝 (0115_04),biblo-v347,図鑑・ボックス・寝顔、または確認待ちギャラリーから参照,,False
assets/sleep/biblo-v347/0241.webp,使用中,47962,e9813c313a534d4e6b95d278f4365f37035322808bb3d1204555df7c87170372,0122_default,122(3).png,0122_default バリヤード:★1 マイムのかべ寝 (0122_01),biblo-v347,図鑑・ボックス・寝顔、または確認待ちギャラリーから参照,,False
assets/sleep/biblo-v347/0242.webp,使用中,39284,a8f93a513a08f54c6a2376ecec802e4443754f94668a8222c5c99ab72e3a9ef6,0122_default,122(4).png,0122_default バリヤード:★2 こいしコツン寝 (0122_02),biblo-v347,図鑑・ボックス・寝顔、または確認待ちギャラリーから参照,,False
assets/sleep/biblo-v347/0243.webp,使用中,30346,62a93f9c617a19ebcd125a78e426fdad9911588823a4eddb4fc6b2638d41d483,0122_default,122(5).png,0122_default バリヤード:★3 マイムのベッド寝 (0122_03),biblo-v347,図鑑・ボックス・寝顔、または確認待ちギャラリーから参照,,False
assets/sleep/biblo-v347/0244.webp,使用中,43692,9c030e51484819ab81943cad660fcbd7a3a168e8b4e48ed18dd495d4f34a01a7,0122_default,122(6).png,0122_default バリヤード:★4 おなかのうえ寝 (0122_04),biblo-v347,図鑑・ボックス・寝顔、または確認待ちギャラリーから参照,,False
assets/sleep/biblo-v347/0245.webp,使用中,41894,10d490783d05288813c0ab24676c82a03a30eb1232b0da2c16cf918b807d1606,0127_default,127(3).png,0127_default カイロス:★1 だいたん寝 (0127_01),biblo-v347,図鑑・ボックス・寝顔、または確認待ちギャラリーから参照,,False
assets/sleep/biblo-v347/0246.webp,使用中,34416,b586900fe2726e04ee4d9d7887d2302d03a79d038816fb560031bcde09eafd95,0127_default,127(4).png,0127_default カイロス:★2 ぼうだち寝 (0127_02),biblo-v347,図鑑・ボックス・寝顔、または確認待ちギャラリーから参照,,False
assets/sleep/biblo-v347/0247.webp,使用中,35400,e44692f9999494e5d1c4dffd225ba40050c39879ce73d9a4d8a502a6705dfd1c,0127_default,127(5).png,0127_default カイロス:★3 もぐり寝 (0127_03),biblo-v347,図鑑・ボックス・寝顔、または確認待ちギャラリーから参照,,False
assets/sleep/biblo-v347/0248.webp,使用中,49620,7febbdafe7472927b3e81763629da06e00c90cb1da01bfad2db34b7fee62c03b,0127_default,127(6).png,0127_default カイロス:★4 おなかのうえ寝 (0127_04),biblo-v347,図鑑・ボックス・寝顔、または確認待ちギャラリーから参照,,False
assets/sleep/biblo-v347/0249.webp,使用中,23242,f8aef7e61603f899f1308e2f60690d24b5ea8f41e58e2ae6fe3b933ab0bb2fb4,0132_default,132(3).png,0132_default メタモン:★1 いしにへんしん寝 (0132_01),biblo-v347,図鑑・ボックス・寝顔、または確認待ちギャラリーから参照,,False
assets/sleep/biblo-v347/0250.webp,使用中,26288,232d79fba229170f6ebd890e54d6bb9a87d42c7414e733b30e64b8960daa9210,0132_default,132(4).png,0132_default メタモン:★2 そのまま寝 (0132_02),biblo-v347,図鑑・ボックス・寝顔、または確認待ちギャラリーから参照,,False
assets/sleep/biblo-v347/0251.webp,使用中,38140,568b51483731bdcced71d18fd46e8f0c04d500add15853b9c4b4e53588f395aa,0132_default,132(5).png,0132_default メタモン:★3 ピカチュウ寝 (0132_03),biblo-v347,図鑑・ボックス・寝顔、または確認待ちギャラリーから参照,,False
assets/sleep/biblo-v347/0252.webp,使用中,32262,1890d6f409343a324fd71d98e2e8fa1aaafd27646bb727fe2fdee1bbdecabb5c,0132_default,132(6).png,0132_default メタモン:★4 おなかのうえ寝 (0132_04),biblo-v347,図鑑・ボックス・寝顔、または確認待ちギャラリーから参照,,False
assets/sleep/biblo-v347/0253.webp,使用中,34646,8dfeef5f30b41d28b044763fa792703059a038c204e731f9c723fa76bdf08ca8,0132_default,132-bulbasaur.png,0132_default メタモン:★4 フシギダネ寝 (0132_05),biblo-v347,図鑑・ボックス・寝顔、または確認待ちギャラリーから参照,,False
assets/sleep/biblo-v347/0254.webp,使用中,36262,58b0a74bcacadc978578a05cd4dc2b02af7393de44732d304805faa177622dbb,0132_default,132-charmander.png,0132_default メタモン:★4 ヒトカゲ寝 (0132_06),biblo-v347,図鑑・ボックス・寝顔、または確認待ちギャラリーから参照,,False
assets/sleep/biblo-v347/0255.webp,使用中,36886,deaca630cc54cdb9365842f43d17d11a1bcb05bf27b6e415281234cfd0cdcbca,0132_default,132-squirtle.png,0132_default メタモン:★4 ゼニガメ寝 (0132_07),biblo-v347,図鑑・ボックス・寝顔、または確認待ちギャラリーから参照,,False
assets/sleep/biblo-v347/0256.webp,使用中,44098,32711a99ec27f38f3e41b72466824c9e83de0c3016c653a329696dabe87e3826,0132_default,132-dragonite.png,0132_default メタモン:★4 カイリュー寝 (0132_10),biblo-v347,図鑑・ボックス・寝顔、または確認待ちギャラリーから参照,,False
assets/sleep/biblo-v347/0257.webp,使用中,32804,158278fa51395aab74d9c27e0bf0ac67a7612b0e488ff5bbcdeec8db5292d230,0132_default,132-larvitar.png,0132_default メタモン:★4 ヨーギラス寝 (0132_11),biblo-v347,図鑑・ボックス・寝顔、または確認待ちギャラリーから参照,,False
assets/sleep/biblo-v347/0258.webp,使用中,33152,825d8a96ea2b0814ab7f91e75f4abac290834cefe686ce3997cd1c6a4115736c,0132_default,132-glaceon.png,0132_default メタモン:★4 グレイシア寝 (0132_12),biblo-v347,図鑑・ボックス・寝顔、または確認待ちギャラリーから参照,,False
assets/sleep/biblo-v347/0259.webp,使用中,27918,e7602000c4e7c38cdeacbd530dd579d08e04d3b46a140841899222ad8f4f3891,0132_default,132-gengar.png,0132_default メタモン:★4 ゲンガー寝 (0132_09),biblo-v347,図鑑・ボックス・寝顔、または確認待ちギャラリーから参照,,False
assets/sleep/biblo-v347/0260.webp,使用中,24124,739a77791688e550a12922fbc8c73aceca206204e077ee5775742d6abcda780b,0132_default,132-mew.png,0132_default メタモン:★4 ミュウ寝 (0132_13),biblo-v347,図鑑・ボックス・寝顔、または確認待ちギャラリーから参照,,False
assets/sleep/biblo-v347/0261.webp,使用中,35328,4e528ebd17a413fa0855540adcb0fa087b80efeedd8f7d530fe8e639b579e155,0133_default,133(3).png,0133_default イーブイ:★1 まるまり寝 (0133_01),biblo-v347,図鑑・ボックス・寝顔、または確認待ちギャラリーから参照,,False
assets/sleep/biblo-v347/0262.webp,使用中,39842,9289f9a36169e797396412174dba8237c3108aa7f9db86e587b6e3abeed8052d,0133_default,133(4).png,0133_default イーブイ:★2 たれみみ寝 (0133_02),biblo-v347,図鑑・ボックス・寝顔、または確認待ちギャラリーから参照,,False
assets/sleep/biblo-v347/0263.webp,使用中,39548,17553e0902f1df787f6c946ab44bc8e5153dae9849db9c4d9504d0c076948440,0133_default,133(5).png,0133_default イーブイ:★3 げんきいっぱい寝 (0133_03),biblo-v347,図鑑・ボックス・寝顔、または確認待ちギャラリーから参照,,False
assets/sleep/biblo-v347/0264.webp,使用中,39404,dff806c0e6bb43ddc248baa1a09466f78f89b497336764cc2e7a28eff5a62c48,0133_default,133(6).png,0133_default イーブイ:★4 おなかのうえ寝 (0133_04),biblo-v347,図鑑・ボックス・寝顔、または確認待ちギャラリーから参照,,False
assets/sleep/biblo-v347/0265.webp,使用中,43650,dbc0c34756d09b58d6f139eefa0a5187e6ef459c3558d890e095e16341e5d309,0134_default,134(3).png,0134_default シャワーズ:★1 おびれふり寝 (0134_01),biblo-v347,図鑑・ボックス・寝顔、または確認待ちギャラリーから参照,,False
assets/sleep/biblo-v347/0266.webp,使用中,35832,f65598661b859e0124989250b0a0f64a8e3503939a5a2d77eddf95945f19fb0a,0134_default,134(4).png,0134_default シャワーズ:★2 おすわり寝 (0134_02),biblo-v347,図鑑・ボックス・寝顔、または確認待ちギャラリーから参照,,False
assets/sleep/biblo-v347/0267.webp,使用中,48130,d57077fcc8f4d254bdd33c34aa3042c0a56a801235c1d0f80dbc8d89d9ff6ece,0134_default,134(5).png,0134_default シャワーズ:★3 ぺったり寝 (0134_03),biblo-v347,図鑑・ボックス・寝顔、または確認待ちギャラリーから参照,,False
assets/sleep/biblo-v347/0268.webp,使用中,44770,33cdd67a9cd9d4226ab1228c2cc19c8c07890a4d2594561744675dd04ebe70fb,0134_default,134(6).png,0134_default シャワーズ:★4 おなかのうえ寝 (0134_04),biblo-v347,図鑑・ボックス・寝顔、または確認待ちギャラリーから参照,,False
assets/sleep/biblo-v347/0269.webp,使用中,41212,3d105224641df92f526a4a171e2b2b2fc5819f79fb4d925c23eecab36a2d39b9,0136_default,136(3).png,0136_default ブースター:★1 しっぽをふる寝 (0136_01),biblo-v347,図鑑・ボックス・寝顔、または確認待ちギャラリーから参照,,False
assets/sleep/biblo-v347/0270.webp,使用中,35340,5dbe4048dbcfbcd0b34542ce296cd7e625e469d624d0ff3367f1e7e48832de6f,0136_default,136(4).png,0136_default ブースター:★2 こうばこずわり寝 (0136_02),biblo-v347,図鑑・ボックス・寝顔、または確認待ちギャラリーから参照,,False
assets/sleep/biblo-v347/0271.webp,使用中,46832,0d8322135beba148cdc18a952d56388a10c48e348ea96e000124377de1eef33e,0136_default,136(5).png,0136_default ブースター:★3 しっぽくるまり寝 (0136_03),biblo-v347,図鑑・ボックス・寝顔、または確認待ちギャラリーから参照,,False
assets/sleep/biblo-v347/0272.webp,使用中,47356,ccfbd85e5e5ff913022da89fed89d5136772570ee5e28c7cb78ec9673a164a89,0136_default,136(6).png,0136_default ブースター:★4 おなかのうえ寝 (0136_04),biblo-v347,図鑑・ボックス・寝顔、または確認待ちギャラリーから参照,,False
assets/sleep/biblo-v347/0273.webp,使用中,50480,76c1a0291593c91a0d63f45545a58aebbe58016c20213ebbc2b5c27df6abe412,0135_default,135(2).png,0135_default サンダース:★1 ふせ寝 (0135_01),biblo-v347,図鑑・ボックス・寝顔、または確認待ちギャラリーから参照,,False
assets/sleep/biblo-v347/0274.webp,使用中,39482,0900aee4b9171f46dcf031e11ed594693ab3533598228b03f405a1300f1d82ee,0135_default,135(3).png,0135_default サンダース:★2 おすわり寝 (0135_02),biblo-v347,図鑑・ボックス・寝顔、または確認待ちギャラリーから参照,,False
assets/sleep/biblo-v347/0275.webp,使用中,47758,e8383d2a3763ca8a8ef058accd3d66796f90af76b0177c12cf8bc0d147d6c78a,0135_default,135(4).png,0135_default サンダース:★3 ゆめではしり寝 (0135_03),biblo-v347,図鑑・ボックス・寝顔、または確認待ちギャラリーから参照,,False
assets/sleep/biblo-v347/0276.webp,使用中,47350,b3d1805b5a0b5f1d89ab9daef9e0f818907f1c107dec47160aeb0f0612345145,0135_default,135(5).png,0135_default サンダース:★4 おなかのうえ寝 (0135_04),biblo-v347,図鑑・ボックス・寝顔、または確認待ちギャラリーから参照,,False
assets/sleep/biblo-v347/0277.webp,使用中,28818,c2552ce8cb47685d39ba773a7c1bd11fc0fc4dcc8e97bdf738724b8a28b075a6,0147_default,147(3).png,0147_default ミニリュウ:★1 とぐろ寝 (0147_01),biblo-v347,図鑑・ボックス・寝顔、または確認待ちギャラリーから参照,,False
assets/sleep/biblo-v347/0278.webp,使用中,28356,b6a8fa6fe0f111df9cbfc4f6c85595bdf7b4e78c751083afeaedb77dfbbf4878,0147_default,147(4).png,0147_default ミニリュウ:★2 くねく寝 (0147_02),biblo-v347,図鑑・ボックス・寝顔、または確認待ちギャラリーから参照,,False
assets/sleep/biblo-v347/0279.webp,使用中,37872,cecbc6e60a5555afe5697c93454f86ebfffc21071bf78571181526c5d3994f16,0147_default,147(5).png,0147_default ミニリュウ:★3 ほぐれ寝 (0147_03),biblo-v347,図鑑・ボックス・寝顔、または確認待ちギャラリーから参照,,False
assets/sleep/biblo-v347/0280.webp,使用中,39194,5f801bb513e98743f3e945a02540d43f19145d0b0bd785b317dda346a3cd0969,0147_default,147(6).png,0147_default ミニリュウ:★4 おなかのうえ寝 (0147_04),biblo-v347,図鑑・ボックス・寝顔、または確認待ちギャラリーから参照,,False
assets/sleep/biblo-v347/0281.webp,使用中,29330,4de8e40234066ff7bee9641b95d947819380cc894b4ae0dd38165b05e8d8b3b8,0148_default,148(3).png,0148_default ハクリュー:★1 とぐろ寝 (0148_01),biblo-v347,図鑑・ボックス・寝顔、または確認待ちギャラリーから参照,,False
assets/sleep/biblo-v347/0282.webp,使用中,26166,9f2fbee2c0bb395e1e5b6dd00ad9d497e61fbdfd641bcc809757f0b75516ce46,0148_default,148(4).png,0148_default ハクリュー:★2 くねく寝 (0148_02),biblo-v347,図鑑・ボックス・寝顔、または確認待ちギャラリーから参照,,False
assets/sleep/biblo-v347/0283.webp,使用中,48850,7a72a46f30708566137d238af1c2e1fbd7dbb5a879fca3c601bc6b621b3bf3f5,0148_default,148(5).png,0148_default ハクリュー:★3 ほぐれ寝 (0148_03),biblo-v347,図鑑・ボックス・寝顔、または確認待ちギャラリーから参照,,False
assets/sleep/biblo-v347/0284.webp,使用中,38122,691cb02fe990acb81c13cf26562ddde4876562a988f9e93aba2a1b4f6392a177,0148_default,148(6).png,0148_default ハクリュー:★4 おなかのうえ寝 (0148_04),biblo-v347,図鑑・ボックス・寝顔、または確認待ちギャラリーから参照,,False
assets/sleep/biblo-v347/0285.webp,使用中,38742,c75789f8932dfa4ce34583cf4963d21fcf4c2770993ec2a9b66a813ce9cf9600,0149_default,149(3).png,0149_default カイリュー:★1 まるまり寝 (0149_01),biblo-v347,図鑑・ボックス・寝顔、または確認待ちギャラリーから参照,,False
assets/sleep/biblo-v347/0286.webp,使用中,36646,a528b7f5c8f547ff7e244bc3351132ee0833572e7ab17a67ab039f78ad201a3e,0149_default,149(4).png,0149_default カイリュー:★2 すわり寝 (0149_02),biblo-v347,図鑑・ボックス・寝顔、または確認待ちギャラリーから参照,,False
assets/sleep/biblo-v347/0287.webp,使用中,47986,9b6af13c2a112960409bda3a9262b046e355f0c50023cf63403b850ce1024fc4,0149_default,149(5).png,0149_default カイリュー:★3 おなかだし寝 (0149_03),biblo-v347,図鑑・ボックス・寝顔、または確認待ちギャラリーから参照,,False
assets/sleep/biblo-v347/0288.webp,使用中,37146,90e34afbc58058286bca631ed6cb4856125949b71ff8a8a65cc9b05e13fb8139,0149_default,149(6).png,0149_default カイリュー:★4 おなかのうえ寝 (0149_04),biblo-v347,図鑑・ボックス・寝顔、または確認待ちギャラリーから参照,,False
assets/sleep/biblo-v347/0289.webp,使用中,33594,9e9ed7edf1f82e03654c06736c6e734c782394ab073236d7fbb9e890469c9ea8,0150_default,150(4).png,0150_default ミュウツー:★1 かたひざたて寝 (0150_default_01),biblo-v347,図鑑・ボックス・寝顔、または確認待ちギャラリーから参照,,False
assets/sleep/biblo-v347/0290.webp,使用中,28462,558963d459783210ecd557aa6d062195f4eb37264c7a258ea45a9f214ba8830a,0150_default,150(5).png,0150_default ミュウツー:★2 ちょくりつふゆう寝 (0150_default_02),biblo-v347,図鑑・ボックス・寝顔、または確認待ちギャラリーから参照,,False
assets/sleep/biblo-v347/0291.webp,使用中,23268,ecc6ec25e1f8b5013cbaeb63c06ca02c68636fd34c43235429143047eae91173,0150_default,150(6).png,0150_default ミュウツー:★3 サイコブレイク寝 (0150_default_03),biblo-v347,図鑑・ボックス・寝顔、または確認待ちギャラリーから参照,,False
assets/sleep/biblo-v347/0292.webp,使用中,28208,044185814bc9b5289059d8d5ed411cbabee9ee9c7dd9ac5a4ee5bf456824b7e3,0150_default,150(7).png,0150_default ミュウツー:★5 うっとうしい寝 (0150_default_04),biblo-v347,図鑑・ボックス・寝顔、または確認待ちギャラリーから参照,,False
assets/sleep/biblo-v347/0293.webp,使用中,37534,d37d943e88a0d6ddfec5a19b59e2ca8cc9ffbec5149175d00b49ea39c5082239,0150_default,150(8).png,0150_default ミュウツー:★5 こころやすらぎ寝 (0150_default_05),biblo-v347,図鑑・ボックス・寝顔、または確認待ちギャラリーから参照,,False
assets/sleep/biblo-v347/0294.webp,使用中,27056,d3633f287db48527648f440ce03b2bf6fbe5ec5f4dd84e5cbd552450703b1ee7,0151_default,151(2).png,0151_default ミュウ:★1 ふわふわ寝 (0151_default_01),biblo-v347,図鑑・ボックス・寝顔、または確認待ちギャラリーから参照,,False
assets/sleep/biblo-v347/0295.webp,使用中,21458,3ea5ad8c228950092319769442abb1ee5389cdff9254c86d7992a46d75464859,0151_default,151(3).png,0151_default ミュウ:★2 じゆうじざい寝 (0151_default_02),biblo-v347,図鑑・ボックス・寝顔、または確認待ちギャラリーから参照,,False
assets/sleep/biblo-v347/0296.webp,使用中,36422,cdc2098c7c3b5ca76e881b990672e3d42f12a1151f3a992d0070de4c5ef31beb,0151_default,151(4).png,0151_default ミュウ:★3 あわベッド寝 (0151_default_03),biblo-v347,図鑑・ボックス・寝顔、または確認待ちギャラリーから参照,,False
assets/sleep/biblo-v347/0297.webp,使用中,24274,a09961731a2439b85b959d3332e8e5099b5dfe9670341decd6abb222a857753e,0152_default,152(3).png,0152_default チコリータ:★1 はっぱまわし寝 (0152_01),biblo-v347,図鑑・ボックス・寝顔、または確認待ちギャラリーから参照,,False
assets/sleep/biblo-v347/0298.webp,使用中,25844,1777aa6f0f5fc53827d0b2c0fade178092920a17db49a99a2bf738a37fd38091,0152_default,152(4).png,0152_default チコリータ:★2 はっぱたれ寝 (0152_02),biblo-v347,図鑑・ボックス・寝顔、または確認待ちギャラリーから参照,,False
assets/sleep/biblo-v347/0299.webp,使用中,40626,8a99d7c8b88e221e164d224ac814db2b63de7b76031bc3134d10d6c49c5ed344,0152_default,152(5).png,0152_default チコリータ:★3 へそてん寝 (0152_03),biblo-v347,図鑑・ボックス・寝顔、または確認待ちギャラリーから参照,,False
assets/sleep/biblo-v347/0300.webp,使用中,32726,a1c6736be17ec5177dcbd3868ff322f3719f704ab544decb4b5ad653f99ebe77,0152_default,152(6).png,0152_default チコリータ:★4 おなかのうえ寝 (0152_04),biblo-v347,図鑑・ボックス・寝顔、または確認待ちギャラリーから参照,,False
assets/sleep/biblo-v347/0301.webp,使用中,28650,8cb837843f603a410b0644e14c1c30acb174932df579bbcd65e1163565943e88,0153_default,153(3).png,0153_default ベイリーフ:★1 のび寝 (0153_01),biblo-v347,図鑑・ボックス・寝顔、または確認待ちギャラリーから参照,,False
assets/sleep/biblo-v347/0302.webp,使用中,27120,78b0e98b09b332c5f9a70a58bed15ec8c7638b78adceb32df25768af48b3b80d,0153_default,153(4).png,0153_default ベイリーフ:★2 つぼみふり寝 (0153_02),biblo-v347,図鑑・ボックス・寝顔、または確認待ちギャラリーから参照,,False
assets/sleep/biblo-v347/0303.webp,使用中,44442,7bcb25b140eb000edfb0360f356227902b211f812bf6075bbdebd97d810c0add,0153_default,153(5).png,0153_default ベイリーフ:★3 かおりただよい寝 (0153_03),biblo-v347,図鑑・ボックス・寝顔、または確認待ちギャラリーから参照,,False
assets/sleep/biblo-v347/0304.webp,使用中,41190,6391483d87411866f6888b7703888e6191790ff0b0af62a4d15fbfa22660ad39,0153_default,153(6).png,0153_default ベイリーフ:★4 おなかのうえ寝 (0153_04),biblo-v347,図鑑・ボックス・寝顔、または確認待ちギャラリーから参照,,False
assets/sleep/biblo-v347/0305.webp,使用中,42496,17b36de86af2709f7d46ecd4a51de8581a933342a05001820e0c309b82337b21,0154_default,154(3).png,0154_default メガニウム:★1 おだやか寝 (0154_01),biblo-v347,図鑑・ボックス・寝顔、または確認待ちギャラリーから参照,,False
assets/sleep/biblo-v347/0306.webp,使用中,31270,1c172b6c4a9649973847acf6c26914bc7fd46a67f5d1b9c1653ff31bba11e506,0154_default,154(4).png,0154_default メガニウム:★2 くびふり寝 (0154_02),biblo-v347,図鑑・ボックス・寝顔、または確認待ちギャラリーから参照,,False
assets/sleep/biblo-v347/0307.webp,使用中,70124,7e2b91b0f0adcb460e9aa231e5f3ee9f33b04dcd4599c17c629fdc8eddda0a00,0154_default,154(5).png,0154_default メガニウム:★3 はながさいた寝 (0154_03),biblo-v347,図鑑・ボックス・寝顔、または確認待ちギャラリーから参照,,False
assets/sleep/biblo-v347/0308.webp,使用中,44846,335760edcd1bd7f10bf9b93a0b654d93af13fbb4ab7693df6d604ceea1e917c5,0154_default,154(6).png,0154_default メガニウム:★4 おなかのうえ寝 (0154_04),biblo-v347,図鑑・ボックス・寝顔、または確認待ちギャラリーから参照,,False
assets/sleep/biblo-v347/0309.webp,使用中,40274,84fbb617ea57c9f7134d731aa2e2a1c3f11621306def0d14cf7fb86d5e02c5f7,0155_default,155(3).png,0155_default ヒノアラシ:★1 ぺったり寝 (0155_01),biblo-v347,図鑑・ボックス・寝顔、または確認待ちギャラリーから参照,,False
assets/sleep/biblo-v347/0310.webp,使用中,33648,e567e8b261473be1fd0bbba5fbd732cded19ea3700674af5c33f2a7eef8452fb,0155_default,155(4).png,0155_default ヒノアラシ:★2 せなかまるめ寝 (0155_02),biblo-v347,図鑑・ボックス・寝顔、または確認待ちギャラリーから参照,,False
assets/sleep/biblo-v347/0311.webp,使用中,40352,f97996292d52da81b03faa99cafd8f2a756496d547a911b498df1ecc64543dc6,0155_default,155(5).png,0155_default ヒノアラシ:★3 ほのおふきあげ寝 (0155_03),biblo-v347,図鑑・ボックス・寝顔、または確認待ちギャラリーから参照,,False
assets/sleep/biblo-v347/0312.webp,使用中,36094,db400b8d5d38b766421a4a53d6c5570597e24eed36aa323b795e62f10daf4998,0155_default,155(6).png,0155_default ヒノアラシ:★4 おなかのうえ寝 (0155_04),biblo-v347,図鑑・ボックス・寝顔、または確認待ちギャラリーから参照,,False
assets/sleep/biblo-v347/0313.webp,使用中,29408,44602ccc24320155d4b4dfab2d01e1e1d5cbf8e6287d543220336b88512d48ec,0156_default,156(3).png,0156_default マグマラシ:★1 うでまくら寝 (0156_01),biblo-v347,図鑑・ボックス・寝顔、または確認待ちギャラリーから参照,,False
assets/sleep/biblo-v347/0314.webp,使用中,33342,4878229e1e315c9f4a59307721b03dbe75fbe4d71799b15e17e8d5fa00e9601d,0156_default,156(4).png,0156_default マグマラシ:★2 つっぷし寝 (0156_02),biblo-v347,図鑑・ボックス・寝顔、または確認待ちギャラリーから参照,,False
assets/sleep/biblo-v347/0315.webp,使用中,37784,84e30ad72555aaed48eeea721bd57d3ac4076c69d8a4dcf61ac8432c7d1dc537,0156_default,156(5).png,0156_default マグマラシ:★3 ほのおふきあげ寝 (0156_03),biblo-v347,図鑑・ボックス・寝顔、または確認待ちギャラリーから参照,,False
assets/sleep/biblo-v347/0316.webp,使用中,40302,cad1121c02541ee18f28e7035ed46f2e008af870cf4765cd7bb27a53ebdaec1d,0156_default,156(6).png,0156_default マグマラシ:★4 おなかのうえ寝 (0156_04),biblo-v347,図鑑・ボックス・寝顔、または確認待ちギャラリーから参照,,False
assets/sleep/biblo-v347/0317.webp,使用中,28040,a41a9c27a5d31b1ad27265727ea98d9e8f6548a4e5d9e634ad680e81e215269b,0157_default,157(3).png,0157_default バクフーン:★1 うでまくら寝 (0157_01),biblo-v347,図鑑・ボックス・寝顔、または確認待ちギャラリーから参照,,False
assets/sleep/biblo-v347/0318.webp,使用中,22800,fcd115068cf40c483b1731effec16a11c7d1e64ba6fdcd56500d52eceffb7c17,0157_default,157(4).png,0157_default バクフーン:★2 けづくろい寝 (0157_02),biblo-v347,図鑑・ボックス・寝顔、または確認待ちギャラリーから参照,,False
assets/sleep/biblo-v347/0319.webp,使用中,44000,204b9013123e214b96223e06b79f31bdc89fd246f9af416f62d288e207dd5248,0157_default,157(5).png,0157_default バクフーン:★3 ほのおふきあげ寝 (0157_03),biblo-v347,図鑑・ボックス・寝顔、または確認待ちギャラリーから参照,,False
assets/sleep/biblo-v347/0320.webp,使用中,38934,09b915142ef73ffe8b5fbd32501c4911bbecc9362cf566ff873b83003f977976,0157_default,157(6).png,0157_default バクフーン:★4 おなかのうえ寝 (0157_04),biblo-v347,図鑑・ボックス・寝顔、または確認待ちギャラリーから参照,,False
assets/sleep/biblo-v347/0321.webp,使用中,36488,dc4b5da4c9d6eedcbb279f6f9c62e5fe1bb8965c6dd84dfbc39728f942173c63,0158_default,158(2).png,0158_default ワニノコ:★1 はんきゅう寝 (0158_01),biblo-v347,図鑑・ボックス・寝顔、または確認待ちギャラリーから参照,,False
assets/sleep/biblo-v347/0322.webp,使用中,33546,bd83e29222859c3f34806d454e90a7cbe87e5b81e62cf695f493c4e788f9a87b,0158_default,158(4).png,0158_default ワニノコ:★2 あまがみ寝 (0158_02),biblo-v347,図鑑・ボックス・寝顔、または確認待ちギャラリーから参照,,False
assets/sleep/biblo-v347/0323.webp,使用中,47410,5c41d7ced4b9b0cb50eecf8e03909d5c975bdc4f110cadf853c890ef980959d5,0158_default,158(5).png,0158_default ワニノコ:★3 おおぐちあけ寝 (0158_03),biblo-v347,図鑑・ボックス・寝顔、または確認待ちギャラリーから参照,,False
assets/sleep/biblo-v347/0324.webp,使用中,36666,73bf4d7c977ccad608d3e57e94cd8f284f8595a5e33654365724e843b48a95a0,0158_default,158(6).png,0158_default ワニノコ:★4 おなかのうえ寝 (0158_04),biblo-v347,図鑑・ボックス・寝顔、または確認待ちギャラリーから参照,,False
assets/sleep/biblo-v347/0325.webp,使用中,41776,65bcc626f4fcd41219826d32ccf8ae6d1a68834ed0060a1fce1190f3baae394a,0159_default,159(3).png,0159_default アリゲイツ:★1 はんきゅう寝 (0159_01),biblo-v347,図鑑・ボックス・寝顔、または確認待ちギャラリーから参照,,False
assets/sleep/biblo-v347/0326.webp,使用中,28750,322648cdc716513bd17f2876001177b2775619d3e2fd16eaf5b32bfafe70fb29,0159_default,159(4).png,0159_default アリゲイツ:★2 キバみせ寝 (0159_02),biblo-v347,図鑑・ボックス・寝顔、または確認待ちギャラリーから参照,,False
assets/sleep/biblo-v347/0327.webp,使用中,41092,a2ee3d2d87df30a36e776df953361141e5a5b81e678e5f8a02cbe7a4aac6d51d,0159_default,159(5).png,0159_default アリゲイツ:★3 おおぐちあけ寝 (0159_03),biblo-v347,図鑑・ボックス・寝顔、または確認待ちギャラリーから参照,,False
assets/sleep/biblo-v347/0328.webp,使用中,45920,f6b8da6f5c112173d30789e9f483371e369a95692e0e7d5a4dec933f7a59b8db,0159_default,159(6).png,0159_default アリゲイツ:★4 おなかのうえ寝 (0159_04),biblo-v347,図鑑・ボックス・寝顔、または確認待ちギャラリーから参照,,False
assets/sleep/biblo-v347/0329.webp,使用中,39424,b823ba7b9c5538e81d7e9285546a0dde02426b7c4f693d388dae757909aaa499,0160_default,160(3).png,0160_default オーダイル:★1 はんきゅう寝 (0160_01),biblo-v347,図鑑・ボックス・寝顔、または確認待ちギャラリーから参照,,False
assets/sleep/biblo-v347/0330.webp,使用中,33318,cb1d2240d0b15de75b6cd6ea914265ff2ad85b4c0f7d36109f3ff826dd47ec3a,0160_default,160(4).png,0160_default オーダイル:★2 いかく寝 (0160_02),biblo-v347,図鑑・ボックス・寝顔、または確認待ちギャラリーから参照,,False
assets/sleep/biblo-v347/0331.webp,使用中,49546,97e4320bbf2349bfcbd249002dd9295ccb5fd5e12cfda611da2cc8347f0c0e2b,0160_default,160(5).png,0160_default オーダイル:★3 おおぐちあけ寝 (0160_03),biblo-v347,図鑑・ボックス・寝顔、または確認待ちギャラリーから参照,,False
assets/sleep/biblo-v347/0332.webp,使用中,50144,e8a3b7ab59467aadf125e303edf1bf5c4db2ba7e76976ab72f8414976fe62363,0160_default,160(6).png,0160_default オーダイル:★4 おなかのうえ寝 (0160_04),biblo-v347,図鑑・ボックス・寝顔、または確認待ちギャラリーから参照,,False
assets/sleep/biblo-v347/0333.webp,使用中,32860,0f5a43139a0b083332d212633ef3a0ddcaf2b21dc70b18c34974005694927ea5,0172_default,172(20261003-133346).png,0172_default ピチュー:★1 おだやか寝 (0172_01),biblo-v347,図鑑・ボックス・寝顔、または確認待ちギャラリーから参照,,False
assets/sleep/biblo-v347/0334.webp,使用中,33820,abb78ed12424e5ebf4deb575155d3f45ac8653d30948e5c73ee30e43142a4d3c,0172_default,172(3).png,0172_default ピチュー:★2 すわり寝 (0172_02),biblo-v347,図鑑・ボックス・寝顔、または確認待ちギャラリーから参照,,False
assets/sleep/biblo-v347/0335.webp,使用中,32446,1d8986698241f499b593ee9e9597c221d845e76431ad7cf2f51e2171c74e71cc,0172_default,172(4).png,0172_default ピチュー:★3 ほうでん寝 (0172_03),biblo-v347,図鑑・ボックス・寝顔、または確認待ちギャラリーから参照,,False
assets/sleep/biblo-v347/0336.webp,使用中,30886,d00027c15df11e4c9d5fc269045dc3f1c1bf0c1202c16deec7a49f9e9d110fa7,0172_default,172(5).png,0172_default ピチュー:★4 おなかのうえ寝 (0172_04),biblo-v347,図鑑・ボックス・寝顔、または確認待ちギャラリーから参照,,False
assets/sleep/biblo-v347/0337.webp,使用中,28912,a36cf48580c9d680fde56f9f4ed29ae958685f1665b8ce531edd93ebd6478421,0173_default,173(3).png,0173_default ピィ:★1 ころころ寝 (0173_01),biblo-v347,図鑑・ボックス・寝顔、または確認待ちギャラリーから参照,,False
assets/sleep/biblo-v347/0338.webp,使用中,28758,abd6f2a2293e7936ccf5babdde74aa77f31d937e4a595e3be36cccc8a44b2913,0173_default,173(4).png,0173_default ピィ:★2 こっくり寝 (0173_02),biblo-v347,図鑑・ボックス・寝顔、または確認待ちギャラリーから参照,,False
assets/sleep/biblo-v347/0339.webp,使用中,29046,1558a5fb171eedd18d22c7875f66a84e2e134abe1a51c9ecb0a4c9fabfffec32,0173_default,173(5).png,0173_default ピィ:★3 ひっくりかえり寝 (0173_03),biblo-v347,図鑑・ボックス・寝顔、または確認待ちギャラリーから参照,,False
assets/sleep/biblo-v347/0340.webp,使用中,28728,31730a5e132502c150a8894d49ee34bc978134b3d72f6d773dcdb480d4b60df2,0173_default,173(6).png,0173_default ピィ:★4 おなかのうえ寝 (0173_04),biblo-v347,図鑑・ボックス・寝顔、または確認待ちギャラリーから参照,,False
assets/sleep/biblo-v347/0341.webp,使用中,23830,c1e557afb0d3c9f7af8ddb7be853bd2905a0a32750a83c42cfe39420c61ceb19,0174_default,174(4).png,0174_default ププリン:★1 はずみ寝 (0174_01),biblo-v347,図鑑・ボックス・寝顔、または確認待ちギャラリーから参照,,False
assets/sleep/biblo-v347/0342.webp,使用中,24088,c2dc13a47cd9de7f43efb2e0306b9f0884cb5ded0be384a20b8c66a8da49816f,0174_default,174(5).png,0174_default ププリン:★2 ぼんやり寝 (0174_02),biblo-v347,図鑑・ボックス・寝顔、または確認待ちギャラリーから参照,,False
assets/sleep/biblo-v347/0343.webp,使用中,15266,384571f52f6c45162e0834d37fcc7a19a9836ba9ec2b9ba1c52e22b5cd1c5457,0174_default,174(6).png,0174_default ププリン:★3 うたう寝 (0174_03),biblo-v347,図鑑・ボックス・寝顔、または確認待ちギャラリーから参照,,False
assets/sleep/biblo-v347/0344.webp,使用中,27618,ff1449c739c11b112892f5918f3008c0445fee496c3cd42a950e2ed6b41bdc7c,0174_default,174(7).png,0174_default ププリン:★4 おなかのうえ寝 (0174_04),biblo-v347,図鑑・ボックス・寝顔、または確認待ちギャラリーから参照,,False
assets/sleep/biblo-v347/0345.webp,使用中,27698,05122535907ab95f685401f57425916c425a086c85866986cb81368928375e66,0175_default,175(3).png,0175_default トゲピー:★1 ころころ寝 (0175_01),biblo-v347,図鑑・ボックス・寝顔、または確認待ちギャラリーから参照,,False
assets/sleep/biblo-v347/0346.webp,使用中,30286,970279d3e647dd5107802802a096aa07152c9b6dbd72aac839e0e232161511cc,0175_default,175(4).png,0175_default トゲピー:★2 ひっくりかえり寝 (0175_02),biblo-v347,図鑑・ボックス・寝顔、または確認待ちギャラリーから参照,,False
assets/sleep/biblo-v347/0347.webp,使用中,27408,94c7f6463c258577107555fd86a1061abb7419f8757e911439961c3bc65a90a6,0175_default,175(5).png,0175_default トゲピー:★3 カラのなか寝 (0175_03),biblo-v347,図鑑・ボックス・寝顔、または確認待ちギャラリーから参照,,False
assets/sleep/biblo-v347/0348.webp,使用中,29750,72ac0ab8992c200ff795c014af30cc424a300d2956cc4aa2595c073164005ca3,0175_default,175(6).png,0175_default トゲピー:★4 おなかのうえ寝 (0175_04),biblo-v347,図鑑・ボックス・寝顔、または確認待ちギャラリーから参照,,False
assets/sleep/biblo-v347/0349.webp,使用中,25012,247d604b37943a0d72b9ee8ffdb3e3fbf48d5ffd42618aa9f1b7b674c59f9f97,0176_default,176(3).png,0176_default トゲチック:★1 すわりはばたき寝 (0176_01),biblo-v347,図鑑・ボックス・寝顔、または確認待ちギャラリーから参照,,False
assets/sleep/biblo-v347/0350.webp,使用中,25000,a765ad0ec8d84c4e9fff8720603a7a00b82b971872e9917937a6e38210e739ff,0176_default,176(5).png,0176_default トゲチック:★2 たちはばたき寝 (0176_02),biblo-v347,図鑑・ボックス・寝顔、または確認待ちギャラリーから参照,,False
assets/sleep/biblo-v347/0351.webp,使用中,24048,a169363cb03e76a6c369e7abca27caaa670f7f16201784ebd639c561f9acd808,0176_default,176(6).png,0176_default トゲチック:★3 うかびぱたぱた寝 (0176_03),biblo-v347,図鑑・ボックス・寝顔、または確認待ちギャラリーから参照,,False
assets/sleep/biblo-v347/0352.webp,使用中,31464,27d4e1d7fd9c68561816aba9941d8db3705ec7c80ece12a0d7e8f4c926f0c0e1,0176_default,176(7).png,0176_default トゲチック:★4 おなかのうえ寝 (0176_04),biblo-v347,図鑑・ボックス・寝顔、または確認待ちギャラリーから参照,,False
assets/sleep/biblo-v347/0353.webp,使用中,41908,3cc4e4aa97a62e5632c959faeaaf5a80a89d50baa9cd899ebb37a714fc4871f7,0177_default,177(3).png,0177_default ネイティ:★1 ゆめでジャンプ寝 (0177_01),biblo-v347,図鑑・ボックス・寝顔、または確認待ちギャラリーから参照,,False
assets/sleep/biblo-v347/0354.webp,使用中,28138,60a7aabe970a1b89563889971bafacc1cbd3b20d025cd35335de26a56f931e62,0177_default,177(4).png,0177_default ネイティ:★2 はねひろげ寝 (0177_02),biblo-v347,図鑑・ボックス・寝顔、または確認待ちギャラリーから参照,,False
assets/sleep/biblo-v347/0355.webp,使用中,36894,ca9081251c7a30bdc63ddfd43053740dcb7ec0a6870f03cb6802c9aff720e12e,0177_default,177(5).png,0177_default ネイティ:★3 ぱたぱた寝 (0177_03),biblo-v347,図鑑・ボックス・寝顔、または確認待ちギャラリーから参照,,False
assets/sleep/biblo-v347/0356.webp,使用中,29160,8a3f802a109d6f0256b3d64f03bb345eceea4742b5d9309b1787aa63e7425155,0177_default,177(6).png,0177_default ネイティ:★4 おなかのうえ寝 (0177_04),biblo-v347,図鑑・ボックス・寝顔、または確認待ちギャラリーから参照,,False
assets/sleep/biblo-v347/0357.webp,使用中,32744,239ad2321e0a3cb0e0673e30fbcf06e054a997ba62842f951b172688187e9678,0178_default,178(3).png,0178_default ネイティオ:★1 みらいよち寝 (0178_01),biblo-v347,図鑑・ボックス・寝顔、または確認待ちギャラリーから参照,,False
assets/sleep/biblo-v347/0358.webp,使用中,27522,8d4a26d2c80193cf60eaf3caa7e2dc6a8d84af8b02b82cc21f8bb82dcf9316fc,0178_default,178(4).png,0178_default ネイティオ:★2 くびふり寝 (0178_02),biblo-v347,図鑑・ボックス・寝顔、または確認待ちギャラリーから参照,,False
assets/sleep/biblo-v347/0359.webp,使用中,48474,aadd3b9d1327fb0b032b0356f1997a48fb90a3d3cb6f208f4cfcbf6205f7ba68,0178_default,178(5).png,0178_default ネイティオ:★3 はねひろげ寝 (0178_03),biblo-v347,図鑑・ボックス・寝顔、または確認待ちギャラリーから参照,,False
assets/sleep/biblo-v347/0360.webp,使用中,39182,e620b75ad0b93f642ea1e45897262047103d5f4a1151358d32860bb3a77470ed,0178_default,178(6).png,0178_default ネイティオ:★4 おなかのうえ寝 (0178_04),biblo-v347,図鑑・ボックス・寝顔、または確認待ちギャラリーから参照,,False
assets/sleep/biblo-v347/0361.webp,使用中,33274,b355ca5ee85c2cec8b5d6fb3d650dc80ba4d35612312d26dc36e70fda188cf6c,0179_default,179(3).png,0179_default メリープ:★1 もこもこ寝 (0179_01),biblo-v347,図鑑・ボックス・寝顔、または確認待ちギャラリーから参照,,False
assets/sleep/biblo-v347/0362.webp,使用中,28682,64d3133ee666f6145815ad90c61ce8b5079b452bf66c9b1f4d343cbf062f9cfa,0179_default,179(4).png,0179_default メリープ:★2 ひづめかき寝 (0179_02),biblo-v347,図鑑・ボックス・寝顔、または確認待ちギャラリーから参照,,False
assets/sleep/biblo-v347/0363.webp,使用中,36942,c2f8b23f2240155d26f8625e122f1bbc5a3a09bc796ded9d76de3814ff3d86f6,0179_default,179(5).png,0179_default メリープ:★3 しっぽひかり寝 (0179_03),biblo-v347,図鑑・ボックス・寝顔、または確認待ちギャラリーから参照,,False
assets/sleep/biblo-v347/0364.webp,使用中,39264,fc56b1def56f25e4d1910f8bee0e18a2e14a15f8917f23a06b9da1eda6592cc1,0179_default,179(6).png,0179_default メリープ:★4 おなかのうえ寝 (0179_04),biblo-v347,図鑑・ボックス・寝顔、または確認待ちギャラリーから参照,,False
assets/sleep/biblo-v347/0365.webp,使用中,35342,a5f1b052e5e94ecbea7764bf977f782ea8903266edb799e0d7126489cd0cd143,0180_default,180(3).png,0180_default モココ:★1 ぺったり寝 (0180_01),biblo-v347,図鑑・ボックス・寝顔、または確認待ちギャラリーから参照,,False
assets/sleep/biblo-v347/0366.webp,使用中,32566,87d46e5d94bb7faa31fe330848561fd4651243fad4b2dc224847487383a36b14,0180_default,180(4).png,0180_default モココ:★2 もこもこ寝 (0180_02),biblo-v347,図鑑・ボックス・寝顔、または確認待ちギャラリーから参照,,False
assets/sleep/biblo-v347/0367.webp,使用中,41488,5d4fc8899516122eefd888257192d1ba17d2cb8d661fb682532fa1a050ec951c,0180_default,180(5).png,0180_default モココ:★3 しっぽひかり寝 (0180_03),biblo-v347,図鑑・ボックス・寝顔、または確認待ちギャラリーから参照,,False
assets/sleep/biblo-v347/0368.webp,使用中,39810,e4a5f61e9f8a0bda1d966faef447382d590e8c097fabb262f3c7cdd4c587d0c2,0180_default,180(6).png,0180_default モココ:★4 おなかのうえ寝 (0180_04),biblo-v347,図鑑・ボックス・寝顔、または確認待ちギャラリーから参照,,False
assets/sleep/biblo-v347/0369.webp,使用中,38022,61240a983db5271c48ae8fdae9fa1e60e8d79be93d91ed48acc7193a3a9627ef,0181_default,181(3).png,0181_default デンリュウ:★1 しっぽかき寝 (0181_01),biblo-v347,図鑑・ボックス・寝顔、または確認待ちギャラリーから参照,,False
assets/sleep/biblo-v347/0370.webp,使用中,25378,724f71c1d82cb49cad59c757e958244712a88551a1b5f9882e014421d6337b1f,0181_default,181(4).png,0181_default デンリュウ:★2 くびふり寝 (0181_02),biblo-v347,図鑑・ボックス・寝顔、または確認待ちギャラリーから参照,,False
assets/sleep/biblo-v347/0371.webp,使用中,42676,82679d86d02ee9136219b1248a22071239e7e0acf284032f564a5fe3f6a948ea,0181_default,181(5).png,0181_default デンリュウ:★3 しっぽかがやき寝 (0181_03),biblo-v347,図鑑・ボックス・寝顔、または確認待ちギャラリーから参照,,False
assets/sleep/biblo-v347/0372.webp,使用中,39026,345ceb54098043aedb46b3146087da7aecd613d10863bbb4b7c7c4149eaec6b0,0181_default,181(6).png,0181_default デンリュウ:★4 おなかのうえ寝 (0181_04),biblo-v347,図鑑・ボックス・寝顔、または確認待ちギャラリーから参照,,False
assets/sleep/biblo-v347/0373.webp,使用中,31820,67d2661d46686a5fedc588655ddedba06c426009f12e3d7a057d6bd626c115a5,0185_default,185(3).png,0185_default ウソッキー:★1 きのふり寝 (0185_01),biblo-v347,図鑑・ボックス・寝顔、または確認待ちギャラリーから参照,,False
assets/sleep/biblo-v347/0374.webp,使用中,24486,f441cda366cdeef2061a78cc93d25a8729774cb0b229ca98a7e078d9fba88057,0185_default,185(4).png,0185_default ウソッキー:★2 きのふりさぼり寝 (0185_02),biblo-v347,図鑑・ボックス・寝顔、または確認待ちギャラリーから参照,,False
assets/sleep/biblo-v347/0375.webp,使用中,52576,703b3853a17c747f184cae6123129778d4be5ee50cfa308993552eab55c743f9,0185_default,185(5).png,0185_default ウソッキー:★3 きのふりしない寝 (0185_03),biblo-v347,図鑑・ボックス・寝顔、または確認待ちギャラリーから参照,,False
assets/sleep/biblo-v347/0376.webp,使用中,39912,865d7f52556e7d4456706312fb70337f02197c832d688589831818e2dadfaf5d,0185_default,185(6).png,0185_default ウソッキー:★4 おなかのうえ寝 (0185_04),biblo-v347,図鑑・ボックス・寝顔、または確認待ちギャラリーから参照,,False
assets/sleep/biblo-v347/0377.webp,使用中,39324,e2195586e95a9dc673ebca3543b7df40ae87fdb153cdb1a53ec535cf885ea30a,0194_default,194(20261003-134251).png,0194_default ウパー:★1 にこにこ寝 (0194_01),biblo-v347,図鑑・ボックス・寝顔、または確認待ちギャラリーから参照,,False
assets/sleep/biblo-v347/0378.webp,使用中,39364,5d125f450e609fa747013bfd7df2b6475d1196226791152144b6409bebd0f1f9,0194_default,194(3).png,0194_default ウパー:★2 おおあくび寝 (0194_02),biblo-v347,図鑑・ボックス・寝顔、または確認待ちギャラリーから参照,,False
assets/sleep/biblo-v347/0379.webp,使用中,56192,8a8f34fdc692bde3c31c26d390582f9506b35692c18adafceb67478713a18c7f,0194_default,194(4).png,0194_default ウパー:★3 どろにうかび寝 (0194_03),biblo-v347,図鑑・ボックス・寝顔、または確認待ちギャラリーから参照,,False
assets/sleep/biblo-v347/0380.webp,使用中,38298,a23c51339f0ddd92f82fefc73a90451a2d1241ad38c2545db0cc4108bb5159ac,0194_default,194(5).png,0194_default ウパー:★4 おなかのうえ寝 (0194_04),biblo-v347,図鑑・ボックス・寝顔、または確認待ちギャラリーから参照,,False
assets/sleep/biblo-v347/0381.webp,使用中,36872,f93771e3840af4054541f94ed57ba2bfc708343035f4f296e466624411c46e46,0194_paldea,194-paldeanwooper(3).png,0194_paldea ウパー(パルデア):★1 にこにこ寝 (0194_paldea_01),biblo-v347,図鑑・ボックス・寝顔、または確認待ちギャラリーから参照,,False
assets/sleep/biblo-v347/0382.webp,使用中,37280,1ba411913c6b0e7405c66fa0cdd1187e029cc041ce0b6b93222f2af6d73d02fb,0194_paldea,194-paldeanwooper(4).png,0194_paldea ウパー(パルデア):★2 おおあくび寝 (0194_paldea_02),biblo-v347,図鑑・ボックス・寝顔、または確認待ちギャラリーから参照,,False
assets/sleep/biblo-v347/0383.webp,使用中,43152,12c5f363567b2e1a9b766681e9dd047e207848358400bb03bb7065b2fc8a475e,0194_paldea,194-paldeanwooper(5).png,0194_paldea ウパー(パルデア):★3 どろにうまり寝 (0194_paldea_03),biblo-v347,図鑑・ボックス・寝顔、または確認待ちギャラリーから参照,,False
assets/sleep/biblo-v347/0384.webp,使用中,38148,f21fc56945c6490b5209775d145486dc04890c606112fcc70d8db87a1aaf50c5,0194_paldea,194-paldeanwooper(6).png,0194_paldea ウパー(パルデア):★4 おなかのうえ寝 (0194_paldea_04),biblo-v347,図鑑・ボックス・寝顔、または確認待ちギャラリーから参照,,False
assets/sleep/biblo-v347/0385.webp,使用中,25666,bf322c8b1ea67b9a4998f2b886820dde5ea467714eb07dacbc7ed3fba7dc598c,0195_default,195(4).png,0195_default ヌオー:★2 おおあくび寝 (0195_02),biblo-v347,図鑑・ボックス・寝顔、または確認待ちギャラリーから参照,,False
assets/sleep/biblo-v347/0386.webp,使用中,25134,c17a1e96b8a90a420fc4f218a09f2136638f31584873a807831937d02df72fce,0195_default,195(3).png,0195_default ヌオー:★1 にこにこ寝 (0195_01),biblo-v347,図鑑・ボックス・寝顔、または確認待ちギャラリーから参照,,False
assets/sleep/biblo-v347/0387.webp,使用中,51488,af97e47a58b576b014da5d5c395a2c3124cfc2b64a6c85c24682e261fb2e853e,0195_default,195(5).png,0195_default ヌオー:★3 どろにうかび寝 (0195_03),biblo-v347,図鑑・ボックス・寝顔、または確認待ちギャラリーから参照,,False
assets/sleep/biblo-v347/0388.webp,使用中,38530,94c7fc61ecad6f77fce2cc4990dc0ec6c03c56de83d9cd3cfe3484c9185083b1,0195_default,195(6).png,0195_default ヌオー:★4 おなかのうえ寝 (0195_04),biblo-v347,図鑑・ボックス・寝顔、または確認待ちギャラリーから参照,,False
assets/sleep/biblo-v347/0389.webp,使用中,40694,a8ac8079a6a079a73fc7827d58f92fe34c2c1eff478836361f119771b0ecc84c,0196_default,196(3).png,0196_default エーフィ:★1 よち寝 (0196_01),biblo-v347,図鑑・ボックス・寝顔、または確認待ちギャラリーから参照,,False
assets/sleep/biblo-v347/0390.webp,使用中,32302,e71339410752e1d601f91a3efd0b32a5e7c800a5a4179b7b3734a84294a544db,0196_default,196(4).png,0196_default エーフィ:★2 おすわり寝 (0196_02),biblo-v347,図鑑・ボックス・寝顔、または確認待ちギャラリーから参照,,False
assets/sleep/biblo-v347/0391.webp,使用中,45032,dd2987bf20de1a78d7cec3c5b5efd5e155e51f1ecf81208db0e812e83ffb4b52,0196_default,196(5).png,0196_default エーフィ:★3 へそてん寝 (0196_03),biblo-v347,図鑑・ボックス・寝顔、または確認待ちギャラリーから参照,,False
assets/sleep/biblo-v347/0392.webp,使用中,48306,5542cd7417bc6cbd73669f00071e9a0e7be316ed83c3b0022fd76c48d647ec3e,0196_default,196(6).png,0196_default エーフィ:★4 おなかのうえ寝 (0196_04),biblo-v347,図鑑・ボックス・寝顔、または確認待ちギャラリーから参照,,False
assets/sleep/biblo-v347/0393.webp,使用中,30490,75f3c667c9f13dd061fbef39cb0b4893df72c3114a74fd72a8f9bcadd331aed1,0133_holiday,133-holiday(2).png,0133_holiday イーブイ(ホリデー):★1 まるまり寝 (0133_holiday_01),biblo-v347,図鑑・ボックス・寝顔、または確認待ちギャラリーから参照,,False
assets/sleep/biblo-v347/0394.webp,使用中,45930,7dcb2d5c7fb166371fe326264b4298684832c43f9b09a93c2cb7f792b62f4f3e,0133_holiday,133-holiday(3).png,0133_holiday イーブイ(ホリデー):★2 プレゼント寝 (0133_holiday_02),biblo-v347,図鑑・ボックス・寝顔、または確認待ちギャラリーから参照,,False
assets/sleep/biblo-v347/0395.webp,使用中,42386,fa3d6b8908999a04ee3e2ef3499ae33e7857491bed3ad5f4343a951a45e1ae1b,0133_halloween,133-halloween(2).png,0133_halloween イーブイ(ハロウィン):★1 まるまり寝 (0133_halloween_01),biblo-v347,図鑑・ボックス・寝顔、または確認待ちギャラリーから参照,,False
assets/sleep/biblo-v347/0396.webp,使用中,36008,2be69a4f0c66129257704a2745eb92c3f82b6505352167b6dec7e52921f6cd77,0133_halloween,133-halloween(3).png,0133_halloween イーブイ(ハロウィン):★2 たれみみ寝 (0133_halloween_02),biblo-v347,図鑑・ボックス・寝顔、または確認待ちギャラリーから参照,,False
assets/sleep/biblo-v347/0397.webp,使用中,35028,79f2bb9cf0f50a92ee4194c73213325e41eb5f02fd2a9b626499dffac5b7650e,0197_default,197(3).png,0197_default ブラッキー:★1 みかづき寝 (0197_01),biblo-v347,図鑑・ボックス・寝顔、または確認待ちギャラリーから参照,,False
assets/sleep/biblo-v347/0398.webp,使用中,30728,d73f5e10645516c110c6c942ce05c9b0a973b99b74c8d56c59dba1c312d07bba,0197_default,197(4).png,0197_default ブラッキー:★2 おすわり寝 (0197_02),biblo-v347,図鑑・ボックス・寝顔、または確認待ちギャラリーから参照,,False
assets/sleep/biblo-v347/0399.webp,使用中,34700,8be3fb69c7d53c1c530ae0b6a818ce4adff840fbcd8b55a08ba0a213ea32f726,0197_default,197(5).png,0197_default ブラッキー:★3 へそてん寝 (0197_03),biblo-v347,図鑑・ボックス・寝顔、または確認待ちギャラリーから参照,,False
assets/sleep/biblo-v347/0400.webp,使用中,43840,12222dabc434a01f614a8f01210f8d5cb3b177f421c6f9d277d56b3b208ed254,0197_default,197(6).png,0197_default ブラッキー:★4 おなかのうえ寝 (0197_04),biblo-v347,図鑑・ボックス・寝顔、または確認待ちギャラリーから参照,,False
assets/sleep/biblo-v347/0401.webp,使用中,34162,6f171bc2b23d9c3422839e73f5eb4edad227b24e6ff47eb1a662507f561c6183,0198_default,198(3).png,0198_default ヤミカラス:★1 はづくろい寝 (0198_01),biblo-v347,図鑑・ボックス・寝顔、または確認待ちギャラリーから参照,,False
assets/sleep/biblo-v347/0402.webp,使用中,29182,974c55b38e45cfedf759a1a045d04a9e3370e5f101af38608e52926e24222cb4,0198_default,198(4).png,0198_default ヤミカラス:★2 おおあくび寝 (0198_02),biblo-v347,図鑑・ボックス・寝顔、または確認待ちギャラリーから参照,,False
assets/sleep/biblo-v347/0403.webp,使用中,48894,723b519e5d81a716c4e921beff0933bc4748ff8dd4b329c4f4e652e7a1269eb3,0198_default,198(5).png,0198_default ヤミカラス:★3 ほうせきあつめ寝 (0198_03),biblo-v347,図鑑・ボックス・寝顔、または確認待ちギャラリーから参照,,False
assets/sleep/biblo-v347/0404.webp,使用中,39266,d3a0d9fe163a811699ab07753918c86205d3e0f4fcc8de72d39bd58f890e3721,0198_default,198(6).png,0198_default ヤミカラス:★4 おなかのうえ寝 (0198_04),biblo-v347,図鑑・ボックス・寝顔、または確認待ちギャラリーから参照,,False
assets/sleep/biblo-v347/0405.webp,使用中,36456,523069a8e50a337b6a7d7a5b2db55426ad0065e31a2ae8b3c8148138cc073dc4,0199_default,199(4).png,0199_default ヤドキング:★1 ぐうたら寝 (0199_01),biblo-v347,図鑑・ボックス・寝顔、または確認待ちギャラリーから参照,,False
assets/sleep/biblo-v347/0406.webp,使用中,27098,8689dc3aec1e9d763061db11b38f76f95041330459a971314dfc67ef318a09ba,0199_default,199(5).png,0199_default ヤドキング:★2 けんじゃ寝 (0199_02),biblo-v347,図鑑・ボックス・寝顔、または確認待ちギャラリーから参照,,False
assets/sleep/biblo-v347/0407.webp,使用中,42746,285c18deade6d297e7131965c2b3521d77d05c468055901c0aee1a102467a5a4,0199_default,199(6).png,0199_default ヤドキング:★3 ひらめき寝 (0199_03),biblo-v347,図鑑・ボックス・寝顔、または確認待ちギャラリーから参照,,False
assets/sleep/biblo-v347/0408.webp,使用中,42922,783c1416b735e919521a8e9c500cfb73fa540def8904b73884a4110a087d12a2,0199_default,199(7).png,0199_default ヤドキング:★4 おなかのうえ寝 (0199_04),biblo-v347,図鑑・ボックス・寝顔、または確認待ちギャラリーから参照,,False
assets/sleep/biblo-v347/0409.webp,使用中,30770,29256f0fd8750668927a2f9bd7335c6bbdfc37362fe8f59ffc3f3cf53a23d123,0202_default,202(3).png,0202_default ソーナンス:★1 しっぽかくし寝 (0202_01),biblo-v347,図鑑・ボックス・寝顔、または確認待ちギャラリーから参照,,False
assets/sleep/biblo-v347/0410.webp,使用中,23820,46700d6b81f23b44ce4cb7ac13d55643df7028436ab471994cbc6fbbf14bbb95,0202_default,202(4).png,0202_default ソーナンス:★2 がまん寝 (0202_02),biblo-v347,図鑑・ボックス・寝顔、または確認待ちギャラリーから参照,,False
assets/sleep/biblo-v347/0411.webp,使用中,35740,4e314b9227fbe1e066ad205c886f24b2670a961467dc555335ee23193e08a7d2,0202_default,202(5).png,0202_default ソーナンス:★3 きめポーズ寝 (0202_03),biblo-v347,図鑑・ボックス・寝顔、または確認待ちギャラリーから参照,,False
assets/sleep/biblo-v347/0412.webp,使用中,41560,e7b2a59e2ea708f31acb3bd6b94396cee1b138396d3daaa04b5128de20c55f12,0202_default,202(6).png,0202_default ソーナンス:★4 おなかのうえ寝 (0202_04),biblo-v347,図鑑・ボックス・寝顔、または確認待ちギャラリーから参照,,False
assets/sleep/biblo-v347/0413.webp,使用中,40812,eede53595c91379ff650ca60f07fc9a239880324d9b37959d1630eccdf759f7e,0208_default,208(4).png,0208_default ハガネール:★1 うずまき寝 (0208_01),biblo-v347,図鑑・ボックス・寝顔、または確認待ちギャラリーから参照,,False
assets/sleep/biblo-v347/0414.webp,使用中,34224,8de97f981571bd9dda2634a273145b289770d6b374217cc5435f8d24c26fe88e,0208_default,208(6).png,0208_default ハガネール:★3 ほりすすみ寝 (0208_03),biblo-v347,図鑑・ボックス・寝顔、または確認待ちギャラリーから参照,,False
assets/sleep/biblo-v347/0415.webp,使用中,52938,3b9952a5e2e178bfdc9123f6b91a4f01b5ce3c7351cb8bea3ec9724fb8b173d9,0208_default,208(5).png,0208_default ハガネール:★2 ぐらぐら寝 (0208_02),biblo-v347,図鑑・ボックス・寝顔、または確認待ちギャラリーから参照,,False
assets/sleep/biblo-v347/0416.webp,使用中,43742,35b106e90d47aba0e8f48b11b80b1b5f53758942dcdffaa2742a989258dbe9bd,0213_default,213(3).png,0213_default ツボツボ:★1 からにこもる寝 (0213_01),biblo-v347,図鑑・ボックス・寝顔、または確認待ちギャラリーから参照,,False
assets/sleep/biblo-v347/0417.webp,使用中,38782,478c4873547408e61d3f024392ee9712f7ddec05c815dbcb766ef9027549baee,0213_default,213(4).png,0213_default ツボツボ:★2 こもらない寝 (0213_02),biblo-v347,図鑑・ボックス・寝顔、または確認待ちギャラリーから参照,,False
assets/sleep/biblo-v347/0418.webp,使用中,40172,45fe43d02da6c69835c300ba6c0e7d72cb1f3d89a217d483f1564c739d095259,0213_default,213(5).png,0213_default ツボツボ:★3 ジュースこぼれ寝 (0213_03),biblo-v347,図鑑・ボックス・寝顔、または確認待ちギャラリーから参照,,False
assets/sleep/biblo-v347/0419.webp,使用中,34730,e99bfdabbc65bc6876fb3542f4afadced80d4e4cd784cac9614687da7a2f2384,0213_default,213(6).png,0213_default ツボツボ:★4 おなかのうえ寝 (0213_04),biblo-v347,図鑑・ボックス・寝顔、または確認待ちギャラリーから参照,,False
assets/sleep/biblo-v347/0420.webp,使用中,28158,bb33cc0f2868b3eb9108f0087215c7abbb887098e3c4a10c0a90118781438e39,0214_default,214(3).png,0214_default ヘラクロス:★1 ツノふり寝 (0214_01),biblo-v347,図鑑・ボックス・寝顔、または確認待ちギャラリーから参照,,False
assets/sleep/biblo-v347/0421.webp,使用中,27862,fee849c0ff882c8007383f329248bdafe1ba402628d4fc04c1d2fed71a020a4e,0214_default,214(4).png,0214_default ヘラクロス:★2 ぼうだち寝 (0214_02),biblo-v347,図鑑・ボックス・寝顔、または確認待ちギャラリーから参照,,False
assets/sleep/biblo-v347/0422.webp,使用中,35478,4105734b2c06d68c2dc292535ac4762fb395b85af3fe32dd2c28872af2a0dbc3,0214_default,214(5).png,0214_default ヘラクロス:★3 ミツなめ寝 (0214_03),biblo-v347,図鑑・ボックス・寝顔、または確認待ちギャラリーから参照,,False
assets/sleep/biblo-v347/0423.webp,使用中,42562,27a82296c9c793c7437d07e77ad6b117474b18852ebc22476b59eb5fb00461c7,0214_default,214(6).png,0214_default ヘラクロス:★4 おなかのうえ寝 (0214_04),biblo-v347,図鑑・ボックス・寝顔、または確認待ちギャラリーから参照,,False
assets/sleep/biblo-v347/0424.webp,使用中,26298,407a8a1380adbf9d4ffd7200d7bf547577d16f973a40bfd5417a036f5c32d370,0215_default,215(3).png,0215_default ニューラ:★1 まるまり寝 (0215_01),biblo-v347,図鑑・ボックス・寝顔、または確認待ちギャラリーから参照,,False
assets/sleep/biblo-v347/0425.webp,使用中,25436,273811a9880d7e298c5051a2a8548bc1faa0a145ee5655f24d4188be654120ea,0215_default,215(4).png,0215_default ニューラ:★2 ぼうだち寝 (0215_02),biblo-v347,図鑑・ボックス・寝顔、または確認待ちギャラリーから参照,,False
assets/sleep/biblo-v347/0426.webp,使用中,44280,87b4af408cc2b9642d81701e79043bea6e6cfa3a18626a29de8314531eabd827,0215_default,215(5).png,0215_default ニューラ:★3 へそてん寝 (0215_03),biblo-v347,図鑑・ボックス・寝顔、または確認待ちギャラリーから参照,,False
assets/sleep/biblo-v347/0427.webp,使用中,38498,8be0026f486ab59071dda12c648546d7ab2122348b383d887bcd76fddf87e0c4,0215_default,215(6).png,0215_default ニューラ:★4 おなかのうえ寝 (0215_04),biblo-v347,図鑑・ボックス・寝顔、または確認待ちギャラリーから参照,,False
assets/sleep/biblo-v347/0428.webp,使用中,30406,955ea6157260b17f5aefc37211bcde007f6b47b95e2e19844261719388b9e85a,0225_default,225(2).png,0225_default デリバード:★1 おだやか寝 (0225_01),biblo-v347,図鑑・ボックス・寝顔、または確認待ちギャラリーから参照,,False
assets/sleep/biblo-v347/0429.webp,使用中,29428,a670324986729149bc7b449293143c395c943aec43f28e443167eb9f771b6e43,0225_default,225(3).png,0225_default デリバード:★2 ぼうだち寝 (0225_02),biblo-v347,図鑑・ボックス・寝顔、または確認待ちギャラリーから参照,,False
assets/sleep/biblo-v347/0430.webp,使用中,45946,5993b860f1961770706382e644d2615363e85084df0158ab54236fbb970dfb49,0225_default,225(4).png,0225_default デリバード:★3 プレゼント寝 (0225_03),biblo-v347,図鑑・ボックス・寝顔、または確認待ちギャラリーから参照,,False
assets/sleep/biblo-v347/0431.webp,使用中,40942,0a6cb2d7b726af9cd1c7f0ebcf3bfd02d669b9c109d3379c7eb8bb9ade009c35,0225_default,225(20261003-135431).png,0225_default デリバード:★4 おなかのうえ寝 (0225_04),biblo-v347,図鑑・ボックス・寝顔、または確認待ちギャラリーから参照,,False
assets/sleep/biblo-v347/0432.webp,使用中,39462,014d78292a2aefc89f4a4d361547dffbb095076ee52acbc08a8be446b0363ac0,0228_default,228(3).png,0228_default デルビル:★1 とおぼえ寝 (0228_01),biblo-v347,図鑑・ボックス・寝顔、または確認待ちギャラリーから参照,,False
assets/sleep/biblo-v347/0433.webp,使用中,35498,9da7388a88149af5cbd49925ffd2682bce3eee29330f71786ebaed616b3045bf,0228_default,228(4).png,0228_default デルビル:★2 のび寝 (0228_02),biblo-v347,図鑑・ボックス・寝顔、または確認待ちギャラリーから参照,,False
assets/sleep/biblo-v347/0434.webp,使用中,46192,057aef8482c9f285fca3665627a6062367a37401f94ed5308d923656ee1edcff,0228_default,228(5).png,0228_default デルビル:★3 へそてん寝 (0228_03),biblo-v347,図鑑・ボックス・寝顔、または確認待ちギャラリーから参照,,False
assets/sleep/biblo-v347/0435.webp,使用中,41592,872623c4fb62381cc4e3171d03414109adaa92a5abdb00caf508c0553130f51e,0228_default,228(6).png,0228_default デルビル:★4 おなかのうえ寝 (0228_04),biblo-v347,図鑑・ボックス・寝顔、または確認待ちギャラリーから参照,,False
assets/sleep/biblo-v347/0436.webp,使用中,44318,28270def9d959628e0d83274c9c20d9ea45d9483903bd96ec31ce603c53cdea4,0229_default,229(3).png,0229_default ヘルガー:★1 しっぽゆらゆら寝 (0229_01),biblo-v347,図鑑・ボックス・寝顔、または確認待ちギャラリーから参照,,False
assets/sleep/biblo-v347/0437.webp,使用中,39924,aeb7d82962cc9b9eeebc23f6fbcf7825ee05cf09e5432545cac610c74d2b7ad5,0229_default,229(4).png,0229_default ヘルガー:★2 ふんばり寝 (0229_02),biblo-v347,図鑑・ボックス・寝顔、または確認待ちギャラリーから参照,,False
assets/sleep/biblo-v347/0438.webp,使用中,46032,4857badf360fa7f3948349177159dc6a0764b613fa9e3523cad5dca899047fbc,0229_default,229(5).png,0229_default ヘルガー:★3 ほのおはき寝 (0229_03),biblo-v347,図鑑・ボックス・寝顔、または確認待ちギャラリーから参照,,False
assets/sleep/biblo-v347/0439.webp,使用中,46660,47da3da4e7b2ef1ec396c441374a265364871481107f7ebbd07f26536077e029,0229_default,229(6).png,0229_default ヘルガー:★4 おなかのうえ寝 (0229_04),biblo-v347,図鑑・ボックス・寝顔、または確認待ちギャラリーから参照,,False
assets/sleep/biblo-v347/0440.webp,使用中,33834,0f798aa3f21dcae93d75b8898109aa8b0a70bc65fed01deb0ee3e4fde4c36166,0242_default,242(3).png,0242_default ハピナス:★1 すわり寝 (0242_01),biblo-v347,図鑑・ボックス・寝顔、または確認待ちギャラリーから参照,,False
assets/sleep/biblo-v347/0441.webp,使用中,32234,645863c97343490093657b726f8e268f850f9468d06b593819fb631eb536e12f,0242_default,242(4).png,0242_default ハピナス:★2 ゆらゆら寝 (0242_02),biblo-v347,図鑑・ボックス・寝顔、または確認待ちギャラリーから参照,,False
assets/sleep/biblo-v347/0442.webp,使用中,31904,b65dc79646754e1c6a72e5e9c8dd499c354ae8e7fc3b5c97a88777c98b7b2d82,0242_default,242(5).png,0242_default ハピナス:★3 タマゴだいじ寝 (0242_03),biblo-v347,図鑑・ボックス・寝顔、または確認待ちギャラリーから参照,,False
assets/sleep/biblo-v347/0443.webp,使用中,33556,645f52f114edc01b9f099cc3f6e93ba20a15ce6eba779632bc132ba4d3c085db,0242_default,242(6).png,0242_default ハピナス:★4 おなかのうえ寝 (0242_04),biblo-v347,図鑑・ボックス・寝顔、または確認待ちギャラリーから参照,,False
assets/sleep/biblo-v347/0444.webp,使用中,45446,c8c04fb4f61e3081d71471d3bfa08803255ecb1c6d02a8732370bfaed9e3ede3,0243_default,243(3).png,0243_default ライコウ:★1 ちからため寝 (0243_01),biblo-v347,図鑑・ボックス・寝顔、または確認待ちギャラリーから参照,,False
assets/sleep/biblo-v347/0445.webp,使用中,41224,edd939dffc4b08ab227457d533478f51e4118f43fb02cc035360fedda5e59698,0243_default,243(4).png,0243_default ライコウ:★2 めいそう寝 (0243_02),biblo-v347,図鑑・ボックス・寝顔、または確認待ちギャラリーから参照,,False
assets/sleep/biblo-v347/0446.webp,使用中,53546,08581b6b16182bf74dd8c1fc40f377d25c8ab7f6f8827400011792f02850e5ec,0243_default,243(5).png,0243_default ライコウ:★3 いかずち寝 (0243_03),biblo-v347,図鑑・ボックス・寝顔、または確認待ちギャラリーから参照,,False
assets/sleep/biblo-v347/0447.webp,使用中,50468,edb8fb00aa83e972df9b7ce5325bb65bbe24cec604d752238df11d21095b1c5f,0244_default,244(2).png,0244_default エンテイ:★1 ちからため寝 (0244_01),biblo-v347,図鑑・ボックス・寝顔、または確認待ちギャラリーから参照,,False
assets/sleep/biblo-v347/0448.webp,使用中,48180,aba0c1641639c326bc2d493bd7aeedf19d507e209c21da5fd35036277898d8f8,0244_default,244(3).png,0244_default エンテイ:★2 めいそう寝 (0244_02),biblo-v347,図鑑・ボックス・寝顔、または確認待ちギャラリーから参照,,False
assets/sleep/biblo-v347/0449.webp,使用中,64274,3947f141cb2d430098db8c813c7546ff70ecdad40d94971e152766f4ab89187e,0244_default,244(4).png,0244_default エンテイ:★3 かざん寝 (0244_03),biblo-v347,図鑑・ボックス・寝顔、または確認待ちギャラリーから参照,,False
assets/sleep/biblo-v347/0450.webp,使用中,50960,b690ee27e1d44551863e2a86fe83a0ef9c8fa6dc1ecf9874ffb333f39acd9373,0245_default,245(3).png,0245_default スイクン:★1 ちからため寝 (0245_01),biblo-v347,図鑑・ボックス・寝顔、または確認待ちギャラリーから参照,,False
assets/sleep/biblo-v347/0451.webp,使用中,47158,c3ec5536d7efb24c1cf262c53025456f3023b993f4ead3db217c39a950d16de6,0245_default,245(4).png,0245_default スイクン:★2 めいそう寝 (0245_02),biblo-v347,図鑑・ボックス・寝顔、または確認待ちギャラリーから参照,,False
assets/sleep/biblo-v347/0452.webp,使用中,60710,6fa10aff80b8da2d41fa8a93d7353f1f951b42c1e7ad03362226b91caa174647,0245_default,245(5).png,0245_default スイクン:★3 きたかぜ寝 (0245_03),biblo-v347,図鑑・ボックス・寝顔、または確認待ちギャラリーから参照,,False
assets/sleep/biblo-v347/0453.webp,使用中,28150,425ecc66bea73e7abf82b62e898154d14f9ac7a9616e9543e3ddd879d444b435,0246_default,246(3).png,0246_default ヨーギラス:★1 のび寝 (0246_01),biblo-v347,図鑑・ボックス・寝顔、または確認待ちギャラリーから参照,,False
assets/sleep/biblo-v347/0454.webp,使用中,25548,850d96dfd5c0b90fa908d4c51e70283e39e470d2fa364d6f8919da31b762645e,0246_default,246(4).png,0246_default ヨーギラス:★2 かおごしごし寝 (0246_02),biblo-v347,図鑑・ボックス・寝顔、または確認待ちギャラリーから参照,,False
assets/sleep/biblo-v347/0455.webp,使用中,50668,c5e15fc42380d64bb37483d3560d344a48f8f104d60f8727621c1b278e286e87,0246_default,246(5).png,0246_default ヨーギラス:★3 つちたべ寝 (0246_03),biblo-v347,図鑑・ボックス・寝顔、または確認待ちギャラリーから参照,,False
assets/sleep/biblo-v347/0456.webp,使用中,36430,2068b63a55ac4d61580b4074ecc8f708440b0359c2cbf6eda26f8cc96519f8ce,0246_default,246(6).png,0246_default ヨーギラス:★4 おなかのうえ寝 (0246_04),biblo-v347,図鑑・ボックス・寝顔、または確認待ちギャラリーから参照,,False
assets/sleep/biblo-v347/0457.webp,使用中,32276,e5a9b3acaf5562f7eb994c1071c731d2515bdba26614dd2493feb80dbfaf3463,0247_default,247(3).png,0247_default サナギラス:★1 たおれ寝 (0247_01),biblo-v347,図鑑・ボックス・寝顔、または確認待ちギャラリーから参照,,False
assets/sleep/biblo-v347/0458.webp,使用中,29886,ccb30a6f6b74b17b28022f325d03765c19da91334f7ea9ae8745eafa247fa42b,0247_default,247(4).png,0247_default サナギラス:★2 ぶるぶる寝 (0247_02),biblo-v347,図鑑・ボックス・寝顔、または確認待ちギャラリーから参照,,False
assets/sleep/biblo-v347/0459.webp,使用中,43032,79d7e55c83d22e3c8fa717cdcb173f977ad126ba2de9787171a532d588b6f912,0247_default,247(5).png,0247_default サナギラス:★3 ガスぬき寝 (0247_03),biblo-v347,図鑑・ボックス・寝顔、または確認待ちギャラリーから参照,,False
assets/sleep/biblo-v347/0460.webp,使用中,38918,cc6af57a129a449aa3261ce31c7a6b05d9948ae62a58f3dd680e68fe716e3027,0247_default,247(6).png,0247_default サナギラス:★4 おなかのうえ寝 (0247_04),biblo-v347,図鑑・ボックス・寝顔、または確認待ちギャラリーから参照,,False
assets/sleep/biblo-v347/0461.webp,使用中,39676,eb45008d9c5a5d3e02c42b5f8141bde462d5854e16b572d5c1069d6ac1767154,0248_default,248(3).png,0248_default バンギラス:★1 はらばい寝 (0248_01),biblo-v347,図鑑・ボックス・寝顔、または確認待ちギャラリーから参照,,False
assets/sleep/biblo-v347/0462.webp,使用中,38398,02947f7cb88a2085360a2c719aad6ed670c354639fce7bf89e2fbf5f78a07003,0248_default,248(4).png,0248_default バンギラス:★2 におうだち寝 (0248_02),biblo-v347,図鑑・ボックス・寝顔、または確認待ちギャラリーから参照,,False
assets/sleep/biblo-v347/0463.webp,使用中,53384,84f175b02e2762354ab23d28dc881d540fa18bbf11eafcdde8c45a1521f2e96f,0248_default,248(5).png,0248_default バンギラス:★3 だいのじ寝 (0248_03),biblo-v347,図鑑・ボックス・寝顔、または確認待ちギャラリーから参照,,False
assets/sleep/biblo-v347/0464.webp,使用中,50838,b1218165b26bd68452ba0f50ed7f52692d3072ba22cb40f9d65cc308ec41b038,0248_default,248(6).png,0248_default バンギラス:★4 おなかのうえ寝 (0248_04),biblo-v347,図鑑・ボックス・寝顔、または確認待ちギャラリーから参照,,False
assets/sleep/biblo-v347/0465.webp,使用中,39122,3396af6d2f8fc4dedc3e0a46626f0e88339d09097777d60f10979939b5c281a4,0252_default,252(3).png,0252_default キモリ:★1 すわり寝 (0252_01),biblo-v347,図鑑・ボックス・寝顔、または確認待ちギャラリーから参照,,False
assets/sleep/biblo-v347/0466.webp,使用中,34004,e191832d3bb341eb11423372f87c20e9d9993376e333d68ac2bce3fdb032cbcf,0252_default,252(2).png,0252_default キモリ:★2 かおごしごし寝 (0252_02),biblo-v347,図鑑・ボックス・寝顔、または確認待ちギャラリーから参照,,False
assets/sleep/biblo-v347/0467.webp,使用中,37738,76f93a2d08f2f2e04cd1518104c4c13cf48c0de2d86503da53257397e8b91d67,0252_default,252(4).png,0252_default キモリ:★3 ゆめでのぼり寝 (0252_03),biblo-v347,図鑑・ボックス・寝顔、または確認待ちギャラリーから参照,,False
assets/sleep/biblo-v347/0468.webp,使用中,35318,34de79c8b73b423d3908c989e471c0808916a8c61fa1be4a1ad615e6aacdc3c5,0252_default,252(5).png,0252_default キモリ:★4 おなかのうえ寝 (0252_04),biblo-v347,図鑑・ボックス・寝顔、または確認待ちギャラリーから参照,,False
assets/sleep/biblo-v347/0469.webp,使用中,41820,7c6da88104b05c0497ccdd83979888b1bacd8bcae5289ad1c7a8abc7738ffff8,0253_default,253(3).png,0253_default ジュプトル:★1 かたひざたて寝 (0253_01),biblo-v347,図鑑・ボックス・寝顔、または確認待ちギャラリーから参照,,False
assets/sleep/biblo-v347/0470.webp,使用中,39526,4469f89a9c2f34d7b5b88a507605df952acbf8d30d01a167d82ac35e2bd51518,0253_default,253(4).png,0253_default ジュプトル:★2 ゆめでかまえ寝 (0253_02),biblo-v347,図鑑・ボックス・寝顔、または確認待ちギャラリーから参照,,False
assets/sleep/biblo-v347/0471.webp,使用中,63626,68fa90139a19450b9a5a3bf940434d87451b54a01c9dba197eabfb1fdd6d404a,0253_default,253(5).png,0253_default ジュプトル:★3 はっぱつつまれ寝 (0253_03),biblo-v347,図鑑・ボックス・寝顔、または確認待ちギャラリーから参照,,False
assets/sleep/biblo-v347/0472.webp,使用中,48852,e014e3cb2f3b9c09582103ff7712f21b85bbe982dc437cc04492aaf6dd4fbb04,0253_default,253(6).png,0253_default ジュプトル:★4 おなかのうえ寝 (0253_04),biblo-v347,図鑑・ボックス・寝顔、または確認待ちギャラリーから参照,,False
assets/sleep/biblo-v347/0473.webp,使用中,50384,2e88ad343511028736fd86f13a0f56a331942380ca8f1789a36c602e3a9adf8a,0254_default,254(3).png,0254_default ジュカイン:★1 どっしり寝 (0254_01),biblo-v347,図鑑・ボックス・寝顔、または確認待ちギャラリーから参照,,False
assets/sleep/biblo-v347/0474.webp,使用中,55046,12e4f9b786cc9a002ac539502b0340e5e882da8497077700a21e69f4bdde2f78,0254_default,254(4).png,0254_default ジュカイン:★2 ゆめでかまえ寝 (0254_02),biblo-v347,図鑑・ボックス・寝顔、または確認待ちギャラリーから参照,,False
assets/sleep/biblo-v347/0475.webp,使用中,51668,90e399d4c7cf6cb5ab306fd0c506103ed1d94f0135218eb6f881e3fecdaae6a7,0254_default,254(5).png,0254_default ジュカイン:★3 わかぎそだて寝 (0254_03),biblo-v347,図鑑・ボックス・寝顔、または確認待ちギャラリーから参照,,False
assets/sleep/biblo-v347/0476.webp,使用中,51176,91878bdf84abc10d658aee78391dde1a8fbe7ff4019a9534426f10eede818a26,0254_default,254(6).png,0254_default ジュカイン:★4 おなかのうえ寝 (0254_04),biblo-v347,図鑑・ボックス・寝顔、または確認待ちギャラリーから参照,,False
assets/sleep/biblo-v347/0477.webp,使用中,37186,789ab4284cbd90adacded5f28382f2fd1cf31de4a40593cb9d758b2379803173,0255_default,255(3).png,0255_default アチャモ:★1 まるまり寝 (0255_01),biblo-v347,図鑑・ボックス・寝顔、または確認待ちギャラリーから参照,,False
assets/sleep/biblo-v347/0478.webp,使用中,26188,8644405ed0f85fa62fca6d999c35c9b0e8b39b305bb3307a387891b310d2c256,0255_default,255(4).png,0255_default アチャモ:★2 ぽかぽか寝 (0255_02),biblo-v347,図鑑・ボックス・寝顔、または確認待ちギャラリーから参照,,False
assets/sleep/biblo-v347/0479.webp,使用中,41068,53288ae5389e0f26aa9476062b4b77299b111a16ae366d36e006487ae0055568,0255_default,255(6).png,0255_default アチャモ:★3 ころころ寝 (0255_03),biblo-v347,図鑑・ボックス・寝顔、または確認待ちギャラリーから参照,,False
assets/sleep/biblo-v347/0480.webp,使用中,28552,efff82ad2fb6c85f740a84f957a901defeb7f4bb0bc8664558b10aaabd43c786,0255_default,255(5).png,0255_default アチャモ:★4 おなかのうえ寝 (0255_04),biblo-v347,図鑑・ボックス・寝顔、または確認待ちギャラリーから参照,,False
assets/sleep/biblo-v347/0481.webp,使用中,29822,6ffa1982171d717f546a743709636869b6cb5c784fd8b6f8b7d9f11d9f4e5a0c,0256_default,256(3).png,0256_default ワカシャモ:★1 すわり寝 (0256_01),biblo-v347,図鑑・ボックス・寝顔、または確認待ちギャラリーから参照,,False
assets/sleep/biblo-v347/0482.webp,使用中,34930,40bf1c817e299fd79326587948963a32018f08e106896bd118e862f46305f956,0256_default,256(4).png,0256_default ワカシャモ:★2 ジャンプ寝 (0256_02),biblo-v347,図鑑・ボックス・寝顔、または確認待ちギャラリーから参照,,False
assets/sleep/biblo-v347/0483.webp,使用中,42776,4f5f1834207887191147f2968502f8f6c712c804f7bdcf18c2c47fb7d731fc5d,0256_default,256(5).png,0256_default ワカシャモ:★3 キック寝 (0256_03),biblo-v347,図鑑・ボックス・寝顔、または確認待ちギャラリーから参照,,False
assets/sleep/biblo-v347/0484.webp,使用中,40792,47f88f2faa1c81a5ce7bdc73eb37f66263727a6cb09309c2105e6156ecf32d23,0256_default,256(6).png,0256_default ワカシャモ:★4 おなかのうえ寝 (0256_04),biblo-v347,図鑑・ボックス・寝顔、または確認待ちギャラリーから参照,,False
assets/sleep/biblo-v347/0485.webp,使用中,46456,ef280533cce4767925b54bf8741412f9ee27c0f4dfba6f88c87b77a1b0641006,0257_default,257(2).png,0257_default バシャーモ:★1 かたひざたて寝 (0257_01),biblo-v347,図鑑・ボックス・寝顔、または確認待ちギャラリーから参照,,False
assets/sleep/biblo-v347/0486.webp,使用中,35436,004dce4a4511bc431fa9aad26b590e67778604b89efc3de8324ca470f69cad5a,0257_default,257(3).png,0257_default バシャーモ:★2 きあいだめ寝 (0257_02),biblo-v347,図鑑・ボックス・寝顔、または確認待ちギャラリーから参照,,False
assets/sleep/biblo-v347/0487.webp,使用中,46832,f6c166da8431139ad7171d38c9fb4f2757e4af87d4d61e2425b5341df7280f74,0257_default,257(5).png,0257_default バシャーモ:★3 ブレイズキック寝 (0257_03),biblo-v347,図鑑・ボックス・寝顔、または確認待ちギャラリーから参照,,False
assets/sleep/biblo-v347/0488.webp,使用中,48220,3d9ea931fd5976ae7d2041d1475405fef361325c79df208cc708d941d0c40da5,0257_default,257(6).png,0257_default バシャーモ:★4 おなかのうえ寝 (0257_04),biblo-v347,図鑑・ボックス・寝顔、または確認待ちギャラリーから参照,,False
assets/sleep/biblo-v347/0489.webp,使用中,29126,9826331506d7e35c0b9ae8911165d29d0d27ef68fef9224920e3965a24dee098,0258_default,258(3).png,0258_default ミズゴロウ:★1 ヒレふり寝 (0258_01),biblo-v347,図鑑・ボックス・寝顔、または確認待ちギャラリーから参照,,False
assets/sleep/biblo-v347/0490.webp,使用中,27774,ed46ea83aea9c983a1f20ef9a5e86090d3edb2acd5e0fc29a92cce96d7c9487e,0258_default,258(4).png,0258_default ミズゴロウ:★2 こっくり寝 (0258_02),biblo-v347,図鑑・ボックス・寝顔、または確認待ちギャラリーから参照,,False
assets/sleep/biblo-v347/0491.webp,使用中,43860,f1bda4c03eb9719cf3b6c45a7a618753d1a676fa6400415a324fa334b506b45e,0258_default,258(5).png,0258_default ミズゴロウ:★3 いわだき寝 (0258_03),biblo-v347,図鑑・ボックス・寝顔、または確認待ちギャラリーから参照,,False
assets/sleep/biblo-v347/0492.webp,使用中,32748,af98a7d4c9abf8943846e9e07ad91c0d5a46facf0931d834ab23cad9989926cf,0258_default,258(6).png,0258_default ミズゴロウ:★4 おなかのうえ寝 (0258_04),biblo-v347,図鑑・ボックス・寝顔、または確認待ちギャラリーから参照,,False
assets/sleep/biblo-v347/0493.webp,使用中,35076,4f5334b1c911aa9cf06bcc76e667a2a3e25d1b6fe22e0ebad1e3fb9f67cde201,0259_default,259(6).png,0259_default ヌマクロー:★1 すわり寝 (0259_01),biblo-v347,図鑑・ボックス・寝顔、または確認待ちギャラリーから参照,,False
assets/sleep/biblo-v347/0494.webp,使用中,33362,89726048a236b801f80a00d3f81b2902ae10213f3398e7d6280852aaa0d32ca6,0259_default,259(3).png,0259_default ヌマクロー:★2 ばんざい寝 (0259_02),biblo-v347,図鑑・ボックス・寝顔、または確認待ちギャラリーから参照,,False
assets/sleep/biblo-v347/0495.webp,使用中,54996,3a9219498f1026bc0d01cf8216910d8b709e5963208ce7cf2c6d426413203070,0259_default,259(4).png,0259_default ヌマクロー:★3 どろにうまり寝 (0259_03),biblo-v347,図鑑・ボックス・寝顔、または確認待ちギャラリーから参照,,False
assets/sleep/biblo-v347/0496.webp,使用中,42944,9e963dc168738d9945b0f1411ef1ca4bfe144414f77e6aa367355874598adab1,0259_default,259(5).png,0259_default ヌマクロー:★4 おなかのうえ寝 (0259_04),biblo-v347,図鑑・ボックス・寝顔、または確認待ちギャラリーから参照,,False
assets/sleep/biblo-v347/0497.webp,使用中,41242,5a00067a1c773567fb54cadcabaea8f55cca1f938806d797c0f07a8db856f8d8,0260_default,260(3).png,0260_default ラグラージ:★1 ゆめでおよぎ寝 (0260_01),biblo-v347,図鑑・ボックス・寝顔、または確認待ちギャラリーから参照,,False
assets/sleep/biblo-v347/0498.webp,使用中,38862,6f1e7d6b94ea526c9ffa4e6b83fa03c3b725e96b5792a0f09fd1c642a5826461,0260_default,260(4).png,0260_default ラグラージ:★2 ふんばり寝 (0260_02),biblo-v347,図鑑・ボックス・寝顔、または確認待ちギャラリーから参照,,False
assets/sleep/biblo-v347/0499.webp,使用中,55384,16844965e70e53f2fdbf0687f800a98a3b288dac652f07082bdbfea873f23ac0,0260_default,260(5).png,0260_default ラグラージ:★3 どろあそび寝 (0260_03),biblo-v347,図鑑・ボックス・寝顔、または確認待ちギャラリーから参照,,False
assets/sleep/biblo-v347/0500.webp,使用中,40260,017c5eb962ffe6530c63570bdce8f37c00b5404e368e3ca70ef91caefc1a78e5,0260_default,260(6).png,0260_default ラグラージ:★4 おなかのうえ寝 (0260_04),biblo-v347,図鑑・ボックス・寝顔、または確認待ちギャラリーから参照,,False
assets/sleep/biblo-v347/0501.webp,使用中,36534,a3b201984656ac48d38e625136c0e792f3c34c2f7a818446e45cd4de75c14aa7,0280_default,280(3).png,0280_default ラルトス:★1 つっぷし寝 (0280_01),biblo-v347,図鑑・ボックス・寝顔、または確認待ちギャラリーから参照,,False
assets/sleep/biblo-v347/0502.webp,使用中,23170,0e91a89c4832334a3e1099ed2a082b5f74ff6b56a93ef5b116224fc7154ef63d,0280_default,280(4).png,0280_default ラルトス:★2 もじもじ寝 (0280_02),biblo-v347,図鑑・ボックス・寝顔、または確認待ちギャラリーから参照,,False
assets/sleep/biblo-v347/0503.webp,使用中,37562,9a87f086a1f6b21eb419fff6c0e7f5d557f273e34377719df6b111d2a3f8417e,0280_default,280(5).png,0280_default ラルトス:★3 にこにこ寝 (0280_03),biblo-v347,図鑑・ボックス・寝顔、または確認待ちギャラリーから参照,,False
assets/sleep/biblo-v347/0504.webp,使用中,34746,4d8711d094261c48ac77deb774cef476032f80ca887fead4a42f27ffd8498fd8,0280_default,280(6).png,0280_default ラルトス:★4 おなかのうえ寝 (0280_04),biblo-v347,図鑑・ボックス・寝顔、または確認待ちギャラリーから参照,,False
assets/sleep/biblo-v347/0505.webp,使用中,38164,83baf2dc9f5c656f5cc661e0d22e5e8c78bfef98d7fae6144e3f521ba5f998e7,0281_default,281(20261003-141418).png,0281_default キルリア:★1 すわりおじぎ寝 (0281_01),biblo-v347,図鑑・ボックス・寝顔、または確認待ちギャラリーから参照,,False
assets/sleep/biblo-v347/0506.webp,使用中,30262,3890ccb9ad8d9b55c3b42f07018dac0b1bd4246ce174d7d6a2e68a89568cce67,0281_default,281(3).png,0281_default キルリア:★2 レヴェランス寝 (0281_02),biblo-v347,図鑑・ボックス・寝顔、または確認待ちギャラリーから参照,,False
assets/sleep/biblo-v347/0507.webp,使用中,47608,6645adba837b4864e5e2c6d66c7471213d9afc20f9fca2f9dadc80bfc56e58bb,0281_default,281(4).png,0281_default キルリア:★3 おどりながら寝 (0281_03),biblo-v347,図鑑・ボックス・寝顔、または確認待ちギャラリーから参照,,False
assets/sleep/biblo-v347/0508.webp,使用中,39648,26b40cb59b7fb4d20fac088520e4aba3d21439eeaa4d74176000dd7fa27f7dc4,0281_default,281(5).png,0281_default キルリア:★4 おなかのうえ寝 (0281_04),biblo-v347,図鑑・ボックス・寝顔、または確認待ちギャラリーから参照,,False
assets/sleep/biblo-v347/0509.webp,使用中,32312,f6faf74024bf0830aaf8e848a45bd678414f287a95b372f4984fb91bc973694c,0282_default,282(3).png,0282_default サーナイト:★1 すそゆらし寝 (0282_01),biblo-v347,図鑑・ボックス・寝顔、または確認待ちギャラリーから参照,,False
assets/sleep/biblo-v347/0510.webp,使用中,25464,d94de3107e8f2fb44aa488ccf137c837803147aefcebd304c7c7fd5ff0f2b587,0282_default,282(20261003-141559).png,0282_default サーナイト:★2 はずかしい寝 (0282_02),biblo-v347,図鑑・ボックス・寝顔、または確認待ちギャラリーから参照,,False
assets/sleep/biblo-v347/0511.webp,使用中,36010,49d7d8f3150b380ee9661cd1d1854fe3ab536c2e9a28896b57b3754f31460488,0282_default,282(4).png,0282_default サーナイト:★3 すそひろがり寝 (0282_03),biblo-v347,図鑑・ボックス・寝顔、または確認待ちギャラリーから参照,,False
assets/sleep/biblo-v347/0512.webp,使用中,40006,865dc6567024bda5090ed6e30d04a6b9b5be50ae456f973b07d6b5efd5909de5,0282_default,282(5).png,0282_default サーナイト:★4 おなかのうえ寝 (0282_04),biblo-v347,図鑑・ボックス・寝顔、または確認待ちギャラリーから参照,,False
assets/sleep/biblo-v347/0513.webp,使用中,26000,8f405aba8e7b8ac52a46ebf71ba8d8d91c4acd3a04bb9e026a159a10d7ffc405,0287_default,287(3).png,0287_default ナマケロ:★1 なまけ寝 (0287_01),biblo-v347,図鑑・ボックス・寝顔、または確認待ちギャラリーから参照,,False
assets/sleep/biblo-v347/0514.webp,使用中,33202,b9bc0d806a0b9f24b639cc00c94f00a55565e0de610603e88500780a04810b53,0287_default,287(4).png,0287_default ナマケロ:★2 けづくろい寝 (0287_02),biblo-v347,図鑑・ボックス・寝顔、または確認待ちギャラリーから参照,,False
assets/sleep/biblo-v347/0515.webp,使用中,43860,3c9c847c2d7fe36da88aecebca2dc411c1e660a168dcd0278ddceccd07edcfff,0287_default,287(5).png,0287_default ナマケロ:★3 つまみぐい寝 (0287_03),biblo-v347,図鑑・ボックス・寝顔、または確認待ちギャラリーから参照,,False
assets/sleep/biblo-v347/0516.webp,使用中,32780,9eac158eae9ef94bbe58a17a5629165366a8b5cb789f12b405852c84393f44fb,0287_default,287(6).png,0287_default ナマケロ:★4 おなかのうえ寝 (0287_04),biblo-v347,図鑑・ボックス・寝顔、または確認待ちギャラリーから参照,,False
assets/sleep/biblo-v347/0517.webp,使用中,34354,65df8e2ecc165dba8411e3e22d840ebc557eff58a9e4275647ca73fdcb2f9405,0288_default,288(3).png,0288_default ヤルキモノ:★1 ウズウズ寝 (0288_01),biblo-v347,図鑑・ボックス・寝顔、または確認待ちギャラリーから参照,,False
assets/sleep/biblo-v347/0518.webp,使用中,30952,90a41e5082c152fc4a9afc2818759b027db6db1daeeddf26274064eab10f2499,0288_default,288(4).png,0288_default ヤルキモノ:★2 たいそう寝 (0288_02),biblo-v347,図鑑・ボックス・寝顔、または確認待ちギャラリーから参照,,False
assets/sleep/biblo-v347/0519.webp,使用中,24176,0c0c9010b15c49ceffa067a7c475e16dac28c293e56111642c38c35ba2bbe0c4,0288_default,288(5).png,0288_default ヤルキモノ:★3 なまけ寝 (0288_03),biblo-v347,図鑑・ボックス・寝顔、または確認待ちギャラリーから参照,,False
assets/sleep/biblo-v347/0520.webp,使用中,40840,0672d5ca4a433f2532eadb5bc3d2f9fa9205c73a547bff0b70f285f05f504390,0288_default,288(6).png,0288_default ヤルキモノ:★4 おなかのうえ寝 (0288_04),biblo-v347,図鑑・ボックス・寝顔、または確認待ちギャラリーから参照,,False
assets/sleep/biblo-v347/0521.webp,使用中,38158,b178bcd57d378da6d3894598d6781af2a1061ed622df32c584cfc4dfb0662780,0289_default,289(3).png,0289_default ケッキング:★1 だいのじ寝 (0289_01),biblo-v347,図鑑・ボックス・寝顔、または確認待ちギャラリーから参照,,False
assets/sleep/biblo-v347/0522.webp,使用中,36342,773a6445fe6d22fd84f33c1523e71651dcca1f2a9ac65be0743803ee5bbbdd92,0289_default,289(4).png,0289_default ケッキング:★2 ぐうたら寝 (0289_02),biblo-v347,図鑑・ボックス・寝顔、または確認待ちギャラリーから参照,,False
assets/sleep/biblo-v347/0523.webp,使用中,55390,d0f3cf8dd39957cc54a0ad4a9853f79fba7b948920465bad5260644f81093dd8,0289_default,289(5).png,0289_default ケッキング:★3 つまみぐい寝 (0289_03),biblo-v347,図鑑・ボックス・寝顔、または確認待ちギャラリーから参照,,False
assets/sleep/biblo-v347/0524.webp,使用中,42544,61eea4ea882e52307dd72f307ea705b8d5c2c0b6a7bf394d5194465326859ccd,0289_default,289(6).png,0289_default ケッキング:★4 おなかのうえ寝 (0289_04),biblo-v347,図鑑・ボックス・寝顔、または確認待ちギャラリーから参照,,False
assets/sleep/biblo-v347/0525.webp,使用中,38660,bbc5333f9461a2d1516c7afaa13fce8da3d8ebd2b88b3f6d9ad5a70c9af0e392,0302_default,302(3).png,0302_default ヤミラミ:★1 だいのじ寝 (0302_01),biblo-v347,図鑑・ボックス・寝顔、または確認待ちギャラリーから参照,,False
assets/sleep/biblo-v347/0526.webp,使用中,33496,4289b198c46682e5da910b57c70e9552c53dc1a2b18177b5980e5dd309082651,0302_default,302(4).png,0302_default ヤミラミ:★2 がくがく寝 (0302_02),biblo-v347,図鑑・ボックス・寝顔、または確認待ちギャラリーから参照,,False
assets/sleep/biblo-v347/0527.webp,使用中,42936,1f4e1c65ac68bde47d9e4e2fde556ae6444a6cbc1bf4801bd4c9282208ef483a,0302_default,302(5).png,0302_default ヤミラミ:★3 ほうせきたべ寝 (0302_03),biblo-v347,図鑑・ボックス・寝顔、または確認待ちギャラリーから参照,,False
assets/sleep/biblo-v347/0528.webp,使用中,34594,52c9f7ec5f1bf0510bd5ffc442bdb6128cc449c8ca8a993921ff934a4b05d8b6,0302_default,302(6).png,0302_default ヤミラミ:★4 おなかのうえ寝 (0302_04),biblo-v347,図鑑・ボックス・寝顔、または確認待ちギャラリーから参照,,False
assets/sleep/biblo-v347/0529.webp,使用中,29394,24d45df6f283a4709d8b44329a51755fff4bf3b531e9d00d2cdb6e97f1764015,0303_default,303(3).png,0303_default クチート:★1 つっぷし寝 (0303_01),biblo-v347,図鑑・ボックス・寝顔、または確認待ちギャラリーから参照,,False
assets/sleep/biblo-v347/0530.webp,使用中,30554,023ba542be57adc680dc57c222b71a5d0e95af438d7bf3eac4c92f76018bb628,0303_default,303(4).png,0303_default クチート:★2 おおあごふり寝 (0303_02),biblo-v347,図鑑・ボックス・寝顔、または確認待ちギャラリーから参照,,False
assets/sleep/biblo-v347/0531.webp,使用中,43642,6d08ce6d84021c343124d4f95c4fb659daa13f3bceaca3c2f5a0c4c9ca5a66ae,0303_default,303(5).png,0303_default クチート:★3 おおあごだき寝 (0303_03),biblo-v347,図鑑・ボックス・寝顔、または確認待ちギャラリーから参照,,False
assets/sleep/biblo-v347/0532.webp,使用中,42842,de08abf56c844f05a58e8b0be698cb27306a9180b0dc7e73ac8f4c44ef0ced41,0303_default,303(6).png,0303_default クチート:★4 おなかのうえ寝 (0303_04),biblo-v347,図鑑・ボックス・寝顔、または確認待ちギャラリーから参照,,False
assets/sleep/biblo-v347/0533.webp,使用中,33566,3977b165eebe5fe7457afbaccca38e0f7b5c02d7f16d703d20dc05b93a3c9e46,0304_default,304(3).png,0304_default ココドラ:★1 かおかき寝 (0304_01),biblo-v347,図鑑・ボックス・寝顔、または確認待ちギャラリーから参照,,False
assets/sleep/biblo-v347/0534.webp,使用中,31234,53218834ad5d15f62b6f306b86a33f9bf9157e4113ac6bb2938adc9bfa242472,0304_default,304(4).png,0304_default ココドラ:★2 ストレッチ寝 (0304_02),biblo-v347,図鑑・ボックス・寝顔、または確認待ちギャラリーから参照,,False
assets/sleep/biblo-v347/0535.webp,使用中,53044,2b23a436e6b7736aa96d72e3d5b0ae0e2837e51d9b4bffe8677fb1d7ea3baeff,0304_default,304(5).png,0304_default ココドラ:★3 てつたべ寝 (0304_03),biblo-v347,図鑑・ボックス・寝顔、または確認待ちギャラリーから参照,,False
assets/sleep/biblo-v347/0536.webp,使用中,37754,92b31986f355e103668f6b862042c024820387ac59877fc6deaae891b22d70dd,0304_default,304(6).png,0304_default ココドラ:★4 おなかのうえ寝 (0304_04),biblo-v347,図鑑・ボックス・寝顔、または確認待ちギャラリーから参照,,False
assets/sleep/biblo-v347/0537.webp,使用中,40768,dd369d573ffa0d2530b0a1e7cf0f288c5e1535e20628af7c0370abc23d821a13,0305_default,305(2).png,0305_default コドラ:★1 つっぷし寝 (0305_01),biblo-v347,図鑑・ボックス・寝顔、または確認待ちギャラリーから参照,,False
assets/sleep/biblo-v347/0538.webp,使用中,38304,e2f155f51781e1913d9edeb43963cb7b61ef9d9c2ff2562ee5a0bda107666bb3,0305_default,305(3).png,0305_default コドラ:★2 ふんばり寝 (0305_02),biblo-v347,図鑑・ボックス・寝顔、または確認待ちギャラリーから参照,,False
assets/sleep/biblo-v347/0539.webp,使用中,42810,4a43495347738bd809174858a66cb297648dfab4020724d544399d8963c132cb,0305_default,305(4).png,0305_default コドラ:★3 てつたべ寝 (0305_03),biblo-v347,図鑑・ボックス・寝顔、または確認待ちギャラリーから参照,,False
assets/sleep/biblo-v347/0540.webp,使用中,42934,72301da370cb100da89bccf5a01c1c8384fe498f5eb5490f05ef7a7a9dcd703f,0305_default,305(5).png,0305_default コドラ:★4 おなかのうえ寝 (0305_04),biblo-v347,図鑑・ボックス・寝顔、または確認待ちギャラリーから参照,,False
assets/sleep/biblo-v347/0541.webp,使用中,30690,80ddbba6304184d3e6e75a5dca2fc9947f4af30774df18bb48d1acf9aa6ed7f1,0306_default,306(3).png,0306_default ボスゴドラ:★1 おなかさすり寝 (0306_01),biblo-v347,図鑑・ボックス・寝顔、または確認待ちギャラリーから参照,,False
assets/sleep/biblo-v347/0542.webp,使用中,32582,8080d41b804d6e5110adf66e2ddb09848f76ba5bc618ce86a293ad9d8dc72ecf,0306_default,306(6).png,0306_default ボスゴドラ:★2 におうだち寝 (0306_02),biblo-v347,図鑑・ボックス・寝顔、または確認待ちギャラリーから参照,,False
assets/sleep/biblo-v347/0543.webp,使用中,34808,255bc4fe15a6eabc7ff2fca03ef03ee9a784189010302016da1bed89e427dc9b,0306_default,306(4).png,0306_default ボスゴドラ:★3 てつたべ寝 (0306_03),biblo-v347,図鑑・ボックス・寝顔、または確認待ちギャラリーから参照,,False
assets/sleep/biblo-v347/0544.webp,使用中,41572,7f0398cfe3a970a95c7ccba1f42527224a0fb795d577f18693a1e214b16400d9,0306_default,306(5).png,0306_default ボスゴドラ:★4 おなかのうえ寝 (0306_04),biblo-v347,図鑑・ボックス・寝顔、または確認待ちギャラリーから参照,,False
assets/sleep/biblo-v347/0545.webp,使用中,35382,75ac3623143e9c3ddbc46e4847a9ca6b35cb5aab4689f42a4f9e4d6410d1f522,0311_default,311(3).png,0311_default プラスル:★1 おだやか寝 (0311_default_01),biblo-v347,図鑑・ボックス・寝顔、または確認待ちギャラリーから参照,,False
assets/sleep/biblo-v347/0546.webp,使用中,31028,87c28f1565913255e0c44257dd26a0c7226a651afe0136590b41c44959e9198a,0311_default,311(4).png,0311_default プラスル:★2 こっくり寝 (0311_default_02),biblo-v347,図鑑・ボックス・寝顔、または確認待ちギャラリーから参照,,False
assets/sleep/biblo-v347/0547.webp,使用中,36710,da9f668d5cb04155a6bd2d1a94f299926cca6cf7b8b0ad88acbffebeb26dfb9c,0311_default,311(5).png,0311_default プラスル:★3 ボンボンふり寝 (0311_default_03),biblo-v347,図鑑・ボックス・寝顔、または確認待ちギャラリーから参照,,False
assets/sleep/biblo-v347/0548.webp,使用中,36384,31fbc969765386db4c6299bde1476f167f1b430bc4e0a7885e742178e3333028,0311_default,311(6).png,0311_default プラスル:★4 おなかのうえ寝 (0311_default_04),biblo-v347,図鑑・ボックス・寝顔、または確認待ちギャラリーから参照,,False
assets/sleep/biblo-v347/0549.webp,使用中,36286,7da3108f90dd4e5f5f1d0ba140d2f7a60efddfa98a8f4e52ecd0282f297541e3,0312_default,312(3).png,0312_default マイナン:★1 おだやか寝 (0312_default_01),biblo-v347,図鑑・ボックス・寝顔、または確認待ちギャラリーから参照,,False
assets/sleep/biblo-v347/0550.webp,使用中,30060,ff2098189963ed756b07fe9b91af48d6ec8693c100922dd1863963ab15ba0ccd,0312_default,312(4).png,0312_default マイナン:★2 こっくり寝 (0312_default_02),biblo-v347,図鑑・ボックス・寝顔、または確認待ちギャラリーから参照,,False
assets/sleep/biblo-v347/0551.webp,使用中,38780,4f5d3bd485d34ee5dd177ed609665ad8819bb4027bb99ad472d253fd8a97f833,0312_default,312(5).png,0312_default マイナン:★3 ボンボンふり寝 (0312_default_03),biblo-v347,図鑑・ボックス・寝顔、または確認待ちギャラリーから参照,,False
assets/sleep/biblo-v347/0552.webp,使用中,37236,9b2c7588589db53b87792d7645c61e75d1a9d322d8ab729b3dd35c7b0ba90370,0312_default,312(6).png,0312_default マイナン:★4 おなかのうえ寝 (0312_default_04),biblo-v347,図鑑・ボックス・寝顔、または確認待ちギャラリーから参照,,False
assets/sleep/biblo-v347/0553.webp,使用中,25760,8936747064f5812d59b6138b841fd6c77ee1640baf925ac5126a2ae8a5d6a427,0316_default,316(3).png,0316_default ゴクリン:★1 ふうせん寝 (0316_01),biblo-v347,図鑑・ボックス・寝顔、または確認待ちギャラリーから参照,,False
assets/sleep/biblo-v347/0554.webp,使用中,21436,50f8dbbd764445f20a1a379a06a2997c9ea0b143c5399467405fd92bb748dd8b,0316_default,316(4).png,0316_default ゴクリン:★2 うなずき寝 (0316_02),biblo-v347,図鑑・ボックス・寝顔、または確認待ちギャラリーから参照,,False
assets/sleep/biblo-v347/0555.webp,使用中,33606,e8d284ee02d222ab40d6ead37331e745e3435c16a9d37d725b2be0699f260900,0316_default,316(5).png,0316_default ゴクリン:★3 おおぐちあけ寝 (0316_03),biblo-v347,図鑑・ボックス・寝顔、または確認待ちギャラリーから参照,,False
assets/sleep/biblo-v347/0556.webp,使用中,37376,aedfbe461f517b356bbc04d39d68b9e375ba7f08f25bcd94c40ad0e1563d61f3,0316_default,316(6).png,0316_default ゴクリン:★4 おなかのうえ寝 (0316_04),biblo-v347,図鑑・ボックス・寝顔、または確認待ちギャラリーから参照,,False
assets/sleep/biblo-v347/0557.webp,使用中,29028,027d027749592ba9148706bfed222325dfccaca7e595e784a128a06742b4a717,0317_default,317(3).png,0317_default マルノーム:★1 のけぞり寝 (0317_01),biblo-v347,図鑑・ボックス・寝顔、または確認待ちギャラリーから参照,,False
assets/sleep/biblo-v347/0558.webp,使用中,28270,a0a0150fa8c247ca0794e2aaebcd751857468a81da805883e7a902fa4d09b85a,0317_default,317(4).png,0317_default マルノーム:★2 うなずき寝 (0317_02),biblo-v347,図鑑・ボックス・寝顔、または確認待ちギャラリーから参照,,False
assets/sleep/biblo-v347/0559.webp,使用中,38536,48d3f2799db7f8ab3c1e13acf6a4f405f61d989dbf9f59f0beaa9e14ed5a619f,0317_default,317(5).png,0317_default マルノーム:★3 おおぐちあけ寝 (0317_03),biblo-v347,図鑑・ボックス・寝顔、または確認待ちギャラリーから参照,,False
assets/sleep/biblo-v347/0560.webp,使用中,43648,f52ba603ee72d68badb41016287d58b9a3b6e5035fb553aa964120cfbe54283c,0317_default,317(6).png,0317_default マルノーム:★4 おなかのうえ寝 (0317_04),biblo-v347,図鑑・ボックス・寝顔、または確認待ちギャラリーから参照,,False
assets/sleep/biblo-v347/0561.webp,使用中,32262,67bd8e80b6dfe4e43da6a9f2836f6fa1edde7a8338bdf7039fd0518dee9a4b62,0328_default,328(3).png,0328_default ナックラー:★1 ぺったり寝 (0328_01),biblo-v347,図鑑・ボックス・寝顔、または確認待ちギャラリーから参照,,False
assets/sleep/biblo-v347/0562.webp,使用中,32636,518bf49797febb6924dcf05c79ab51dd5027920aebca9569051013a0220b9f3e,0328_default,328(4).png,0328_default ナックラー:★2 ストレッチ寝 (0328_02),biblo-v347,図鑑・ボックス・寝顔、または確認待ちギャラリーから参照,,False
assets/sleep/biblo-v347/0563.webp,使用中,40800,65ae4c50015b875321055a95ee1a447668151fb339888e76de37e790aacc8442,0328_default,328(5).png,0328_default ナックラー:★3 もぐり寝 (0328_03),biblo-v347,図鑑・ボックス・寝顔、または確認待ちギャラリーから参照,,False
assets/sleep/biblo-v347/0564.webp,使用中,38158,16cad000ed11e2e405d2adb03606dd69e26c8ff61faae3738821df1178a0fc73,0328_default,328(6).png,0328_default ナックラー:★4 おなかのうえ寝 (0328_04),biblo-v347,図鑑・ボックス・寝顔、または確認待ちギャラリーから参照,,False
assets/sleep/biblo-v347/0565.webp,使用中,36316,025377599c2047256eeacb6396d16ded7489da92d0e7b5ea1afd45707fcdfa94,0329_default,329(3).png,0329_default ビブラーバ:★1 はねやすめ寝 (0329_01),biblo-v347,図鑑・ボックス・寝顔、または確認待ちギャラリーから参照,,False
assets/sleep/biblo-v347/0566.webp,使用中,33042,68ccf449033c9da1c781bc641d5e5fb88828d409f0e929984aa129edcd9b6e17,0329_default,329(4).png,0329_default ビブラーバ:★2 ホバリング寝 (0329_02),biblo-v347,図鑑・ボックス・寝顔、または確認待ちギャラリーから参照,,False
assets/sleep/biblo-v347/0567.webp,使用中,52730,e3c42f15970fac8b45912cddbb7da6b80f0960daf025817f5c6bf954f39b3e43,0329_default,329(5).png,0329_default ビブラーバ:★3 はねこすり寝 (0329_03),biblo-v347,図鑑・ボックス・寝顔、または確認待ちギャラリーから参照,,False
assets/sleep/biblo-v347/0568.webp,使用中,42488,df987d85f0916fe5e3a31b5c142024d5a8a8a0d5d039154acec0217b69e3be3f,0329_default,329(6).png,0329_default ビブラーバ:★4 おなかのうえ寝 (0329_04),biblo-v347,図鑑・ボックス・寝顔、または確認待ちギャラリーから参照,,False
assets/sleep/biblo-v347/0569.webp,使用中,54326,c4728b1529f09da985e0576c91e39bbfe1799af0753d30c1cdc2180335e3f4b1,0330_default,330(3).png,0330_default フライゴン:★1 まるまり寝 (0330_01),biblo-v347,図鑑・ボックス・寝顔、または確認待ちギャラリーから参照,,False
assets/sleep/biblo-v347/0570.webp,使用中,30858,bd129fefcaac3ddd7b2a916f11353d01ba69b86b1355bbeee0a8265f12730f35,0330_default,330(4).png,0330_default フライゴン:★2 はばたき寝 (0330_02),biblo-v347,図鑑・ボックス・寝顔、または確認待ちギャラリーから参照,,False
assets/sleep/biblo-v347/0571.webp,使用中,46858,c75194738ebdcdecc6a6f0cf98c6e24e3f00d57fe5d7ce7faeb6a202b606950b,0330_default,330(5).png,0330_default フライゴン:★3 おなかだし寝 (0330_03),biblo-v347,図鑑・ボックス・寝顔、または確認待ちギャラリーから参照,,False
assets/sleep/biblo-v347/0572.webp,使用中,45876,9a98fabb795a9a7b28ffb084965b193c71c1af730cb3ea179ea222a3deb61888,0330_default,330(6).png,0330_default フライゴン:★4 おなかのうえ寝 (0330_04),biblo-v347,図鑑・ボックス・寝顔、または確認待ちギャラリーから参照,,False
assets/sleep/biblo-v347/0573.webp,使用中,30274,00be02554d16e0e2ad14d1e872d4d1cd32e3bad95a5ade5c55ca837e11c70fe3,0333_default,333(3).png,0333_default チルット:★1 はねやすめ寝 (0333_01),biblo-v347,図鑑・ボックス・寝顔、または確認待ちギャラリーから参照,,False
assets/sleep/biblo-v347/0574.webp,使用中,33754,639f37802f2aa473a57bfb97e1b419bd4b80faea4172a8c1790fb2afa8216a6b,0333_default,333(4).png,0333_default チルット:★2 ぱたぱた寝 (0333_02),biblo-v347,図鑑・ボックス・寝顔、または確認待ちギャラリーから参照,,False
assets/sleep/biblo-v347/0575.webp,使用中,26986,9e3637e12de4e227d774492353ec5357e9525f5a6a47e18187a4bfaf94ddb02b,0333_default,333(5).png,0333_default チルット:★3 わたぐも寝 (0333_03),biblo-v347,図鑑・ボックス・寝顔、または確認待ちギャラリーから参照,,False
assets/sleep/biblo-v347/0576.webp,使用中,40688,e4ed2a57f9ec4ad595e77812e50316927441b2a17cc527ca80b24995d7a37436,0333_default,333(6).png,0333_default チルット:★4 おなかのうえ寝 (0333_04),biblo-v347,図鑑・ボックス・寝顔、または確認待ちギャラリーから参照,,False
assets/sleep/biblo-v347/0577.webp,使用中,29330,dd7bf49df1586ae7159a8a79310f3c94e1742633104833f3c3d0236c749f0872,0334_default,334(3).png,0334_default チルタリス:★1 はねうまり寝 (0334_01),biblo-v347,図鑑・ボックス・寝顔、または確認待ちギャラリーから参照,,False
assets/sleep/biblo-v347/0578.webp,使用中,27946,063ac8c1aa6e0b36b7612529668e24d39eedaef9a52bccde14c7fa6955dfc69a,0334_default,334(4).png,0334_default チルタリス:★2 はねやすめ寝 (0334_02),biblo-v347,図鑑・ボックス・寝顔、または確認待ちギャラリーから参照,,False
assets/sleep/biblo-v347/0579.webp,使用中,26212,a323357d5c0b5740e3257266c10937773f267eefa8f3df8cc89706e6f7d6afeb,0334_default,334(5).png,0334_default チルタリス:★3 わたぐも寝 (0334_03),biblo-v347,図鑑・ボックス・寝顔、または確認待ちギャラリーから参照,,False
assets/sleep/biblo-v347/0580.webp,使用中,38112,921bf4c9a08b5fb9058d787804d7f59e167a3a1314e59b8fe87ef15cfb843cdf,0334_default,334(6).png,0334_default チルタリス:★4 おなかのうえ寝 (0334_04),biblo-v347,図鑑・ボックス・寝顔、または確認待ちギャラリーから参照,,False
assets/sleep/biblo-v347/0581.webp,使用中,17386,3f987f82558c4f3e1748a8e766fea4a8004f9c697fdb6f980ff18e420bf980f9,0353_default,353(3).png,0353_default カゲボウズ:★1 ねがえりふゆう寝 (0353_01),biblo-v347,図鑑・ボックス・寝顔、または確認待ちギャラリーから参照,,False
assets/sleep/biblo-v347/0582.webp,使用中,15974,01a228238ed3d6d6e18cc574b450f6df63b0b3dcb012593a1b6b7ffbbc9d2aae,0353_default,353(4).png,0353_default カゲボウズ:★2 こっくりふゆう寝 (0353_02),biblo-v347,図鑑・ボックス・寝顔、または確認待ちギャラリーから参照,,False
assets/sleep/biblo-v347/0583.webp,使用中,16192,ffa565c553a6cce9070a179332b6bbdec3f5b6d01f334661fe4f0b1ca768b04f,0353_default,353(5).png,0353_default カゲボウズ:★3 さかさふゆう寝 (0353_03),biblo-v347,図鑑・ボックス・寝顔、または確認待ちギャラリーから参照,,False
assets/sleep/biblo-v347/0584.webp,使用中,26402,6bb8f8bd5984491f654551cbfa87d252494f6e048479657c60b19c74f0983947,0354_default,354(3).png,0354_default ジュペッタ:★1 くびひねり寝 (0354_01),biblo-v347,図鑑・ボックス・寝顔、または確認待ちギャラリーから参照,,False
assets/sleep/biblo-v347/0585.webp,使用中,24354,14da4908a06d73a7bc0cf99dac776c72fb7bd8f0a29be740c5ee40dcfc1936ec,0354_default,354(4).png,0354_default ジュペッタ:★2 うでふり寝 (0354_02),biblo-v347,図鑑・ボックス・寝顔、または確認待ちギャラリーから参照,,False
assets/sleep/biblo-v347/0586.webp,使用中,35940,ae736f801b48de14736dc8dad752ae21537c5c997a917f54679b89287397436a,0354_default,354(5).png,0354_default ジュペッタ:★3 おおわらい寝 (0354_03),biblo-v347,図鑑・ボックス・寝顔、または確認待ちギャラリーから参照,,False
assets/sleep/biblo-v347/0587.webp,使用中,32294,5747bbecf24763c054f96bf3c115a461bbbd43905a8d756e6f2d51bec6d5fd6d,0354_default,354(6).png,0354_default ジュペッタ:★4 おなかのうえ寝 (0354_04),biblo-v347,図鑑・ボックス・寝顔、または確認待ちギャラリーから参照,,False
assets/sleep/biblo-v347/0588.webp,使用中,30202,e6277038be4197dca77e0b9e94d709c8615c683f5e47d4b1c8c69b3bfc29d310,0359_default,359(3).png,0359_default アブソル:★1 こうばこずわり寝 (0359_01),biblo-v347,図鑑・ボックス・寝顔、または確認待ちギャラリーから参照,,False
assets/sleep/biblo-v347/0589.webp,使用中,32196,ea02fa41151e7a06281dba0d5b9ba78d01a97a47a68734605c065024a95840cf,0359_default,359(4).png,0359_default アブソル:★2 きけんさっち寝 (0359_02),biblo-v347,図鑑・ボックス・寝顔、または確認待ちギャラリーから参照,,False
assets/sleep/biblo-v347/0590.webp,使用中,32088,cf6453bc2898816c45f535f33a053528eab7cd2ec3bb0b177f3f327244680036,0359_default,359(5).png,0359_default アブソル:★3 へそてん寝 (0359_03),biblo-v347,図鑑・ボックス・寝顔、または確認待ちギャラリーから参照,,False
assets/sleep/biblo-v347/0591.webp,使用中,40332,d199fdb3e4898513741cf43a99176f9a3a412a18c5ae7eddc20f40de45e5bae7,0359_default,359(6).png,0359_default アブソル:★4 おなかのうえ寝 (0359_04),biblo-v347,図鑑・ボックス・寝顔、または確認待ちギャラリーから参照,,False
assets/sleep/biblo-v347/0592.webp,使用中,35150,dccfc27fd03c1ac36bb5f1512444c8e7586189660d02af6779403693646a65f6,0360_default,360(3).png,0360_default ソーナノ:★1 しっぽもどし寝 (0360_01),biblo-v347,図鑑・ボックス・寝顔、または確認待ちギャラリーから参照,,False
assets/sleep/biblo-v347/0593.webp,使用中,31208,bdff23d9e18f74f14b79509e98c36ae84049ef7f7db43259bd9f087c880586cc,0360_default,360(4).png,0360_default ソーナノ:★2 がまん寝 (0360_02),biblo-v347,図鑑・ボックス・寝顔、または確認待ちギャラリーから参照,,False
assets/sleep/biblo-v347/0594.webp,使用中,35212,ae2674c07c1434b894ca3db218be56cf719149775caf5ab70eb10a61fe826cc9,0360_default,360(5).png,0360_default ソーナノ:★3 きめポーズ寝 (0360_03),biblo-v347,図鑑・ボックス・寝顔、または確認待ちギャラリーから参照,,False
assets/sleep/biblo-v347/0595.webp,使用中,41892,74ca83d1866f8081fce090c057834a0328800f69e531779d4f06776bdc2de379,0360_default,360(6).png,0360_default ソーナノ:★4 おなかのうえ寝 (0360_04),biblo-v347,図鑑・ボックス・寝顔、または確認待ちギャラリーから参照,,False
assets/sleep/biblo-v347/0596.webp,使用中,29056,1e210b99695925b1f9f0fa62dcc067a0b7be1080bcd86f775531de1c021019cf,0363_default,363(3).png,0363_default タマザラシ:★1 こてん寝 (0363_01),biblo-v347,図鑑・ボックス・寝顔、または確認待ちギャラリーから参照,,False
assets/sleep/biblo-v347/0597.webp,使用中,27770,c12a212826b5f6a5dcc6ed7d17ebf2ce956b3c13d6fbaf1bc071e95c271b43cd,0363_default,363(4).png,0363_default タマザラシ:★2 おおあくび寝 (0363_02),biblo-v347,図鑑・ボックス・寝顔、または確認待ちギャラリーから参照,,False
assets/sleep/biblo-v347/0598.webp,使用中,29232,21a9b487b6f46c6376934d56d57c7de3ec964abe7420cc0e61fdf2aef5529a06,0363_default,363(5).png,0363_default タマザラシ:★3 てたたき寝 (0363_03),biblo-v347,図鑑・ボックス・寝顔、または確認待ちギャラリーから参照,,False
assets/sleep/biblo-v347/0599.webp,使用中,40618,45c9b24c0342c4c9f9de546de7753d1e9cf32cd21893ff4f62f0b9d0002f109a,0363_default,363(6).png,0363_default タマザラシ:★4 おなかのうえ寝 (0363_04),biblo-v347,図鑑・ボックス・寝顔、または確認待ちギャラリーから参照,,False
assets/sleep/biblo-v347/0600.webp,使用中,44272,fcca22c49b909d93545d5e6ff9391d69c7a95a4789f2ed84ed574d23a9f0dacf,0363_holiday,363-holiday(2).png,0363_holiday タマザラシ(ホリデー):★1 こてん寝 (0363_holiday_01),biblo-v347,図鑑・ボックス・寝顔、または確認待ちギャラリーから参照,,False
assets/sleep/biblo-v347/0601.webp,使用中,38806,1c434915c9f9f4572d66db8b5d026efefeb43e09be7693433087bc8b60844be5,0363_holiday,363-holiday(3).png,0363_holiday タマザラシ(ホリデー):★2 プレゼント寝 (0363_holiday_02),biblo-v347,図鑑・ボックス・寝顔、または確認待ちギャラリーから参照,,False
assets/sleep/biblo-v347/0602.webp,使用中,34244,ff63768dfecb2272dbb5c9a2eb20429b87a485a1fe60f05f540468b94d707294,0364_default,364(3).png,0364_default トドグラー:★1 あしトントン寝 (0364_01),biblo-v347,図鑑・ボックス・寝顔、または確認待ちギャラリーから参照,,False
assets/sleep/biblo-v347/0603.webp,使用中,29800,af4e59a35c213253fa3f3f87eb4fea32b07eac74a43dd0c9b8eecde8c5f2aae7,0364_default,364(4).png,0364_default トドグラー:★2 おおあくび寝 (0364_02),biblo-v347,図鑑・ボックス・寝顔、または確認待ちギャラリーから参照,,False
assets/sleep/biblo-v347/0604.webp,使用中,36060,bdc8f095feaa0e3f2c9500a2657376c0fd97648fd066425acc71c09124f866c0,0364_default,364(5).png,0364_default トドグラー:★3 ひっくりかえり寝 (0364_03),biblo-v347,図鑑・ボックス・寝顔、または確認待ちギャラリーから参照,,False
assets/sleep/biblo-v347/0605.webp,使用中,39344,d865d5b82e0dba7e83eeb2aa83b4ad7b5654e2085742c2ad76e992a906ab1c8f,0364_default,364(6).png,0364_default トドグラー:★4 おなかのうえ寝 (0364_04),biblo-v347,図鑑・ボックス・寝顔、または確認待ちギャラリーから参照,,False
assets/sleep/biblo-v347/0606.webp,使用中,36654,382f0b58c2c2a46d9ae118e79c5b056da3219612c26d1cc1b01a1a7e5a54d0e4,0365_default,365(3).png,0365_default トドゼルガ:★1 ぐうたら寝 (0365_01),biblo-v347,図鑑・ボックス・寝顔、または確認待ちギャラリーから参照,,False
assets/sleep/biblo-v347/0607.webp,使用中,35538,ea8e7a1b2c836c0aef6996276b0c648c8f5d061ea02edf01e45e120dc2a3e67a,0365_default,365(4).png,0365_default トドゼルガ:★2 かんろく寝 (0365_02),biblo-v347,図鑑・ボックス・寝顔、または確認待ちギャラリーから参照,,False
assets/sleep/biblo-v347/0608.webp,使用中,39602,65d8df33e2c590f41a9bfefbd4c5a0e15c638b102b05d49a79486bca870e6114,0365_default,365(5).png,0365_default トドゼルガ:★3 キバささり寝 (0365_03),biblo-v347,図鑑・ボックス・寝顔、または確認待ちギャラリーから参照,,False
assets/sleep/biblo-v347/0609.webp,使用中,45992,e9da9e4ef333eac29e3db691b9ca3b5b1be1c1385dbd8510f00ac405ec2d8459,0365_default,365(6).png,0365_default トドゼルガ:★4 おなかのうえ寝 (0365_04),biblo-v347,図鑑・ボックス・寝顔、または確認待ちギャラリーから参照,,False
assets/sleep/biblo-v347/0610.webp,使用中,41096,c2c5a8817e5d8f6455ebfc876018cbaf5e93d8f09fad180ebd65db28c7c53cf5,0371_default,371(3).png,0371_default タツベイ:★1 そらとびたい寝 (0371_01),biblo-v347,図鑑・ボックス・寝顔、または確認待ちギャラリーから参照,,False
assets/sleep/biblo-v347/0611.webp,使用中,28506,1d0ee31beb12c6e329b16b747b61ba0c23e1c79b6eecb8da25df37fed5bcddea,0371_default,371(4).png,0371_default タツベイ:★2 おおあくび寝 (0371_02),biblo-v347,図鑑・ボックス・寝顔、または確認待ちギャラリーから参照,,False
assets/sleep/biblo-v347/0612.webp,使用中,38650,4b4d17ae51d9f30c90fc5d5f6c46c4b3606e906d0de28d6a2e5fa905fcf4910f,0371_default,371(5).png,0371_default タツベイ:★3 おちたまま寝 (0371_03),biblo-v347,図鑑・ボックス・寝顔、または確認待ちギャラリーから参照,,False
assets/sleep/biblo-v347/0613.webp,使用中,36064,f0462d56a50a4fa717d01f488627e5156289e86bc1113e4b57ee799097c16283,0371_default,371(6).png,0371_default タツベイ:★4 おなかのうえ寝 (0371_04),biblo-v347,図鑑・ボックス・寝顔、または確認待ちギャラリーから参照,,False
assets/sleep/biblo-v347/0614.webp,使用中,29402,78990d8acd71eb9c3403a3c02bc3e53737f972fbb17267ce6dd4ce0489a92989,0372_default,372(3).png,0372_default コモルー:★1 そらとびたい寝 (0372_01),biblo-v347,図鑑・ボックス・寝顔、または確認待ちギャラリーから参照,,False
assets/sleep/biblo-v347/0615.webp,使用中,27698,8d7c39d552605cad7e3b5985689f7f4493ef994bf7cb4d2d19e9406933bcbd03,0372_default,372(4).png,0372_default コモルー:★2 のび寝 (0372_02),biblo-v347,図鑑・ボックス・寝顔、または確認待ちギャラリーから参照,,False
assets/sleep/biblo-v347/0616.webp,使用中,33198,102ee3ecafbb00ee2fd253c3069e489d20a2b22b84dbb0a71c29e3fa41982fab,0372_default,372(6).png,0372_default コモルー:★3 ゆめではしり寝 (0372_03),biblo-v347,図鑑・ボックス・寝顔、または確認待ちギャラリーから参照,,False
assets/sleep/biblo-v347/0617.webp,使用中,36232,8f21094012665fbc1e8d19221e8bb4fb7bef50480cf324f0dec8daac7ff52913,0372_default,372(5).png,0372_default コモルー:★4 おなかのうえ寝 (0372_04),biblo-v347,図鑑・ボックス・寝顔、または確認待ちギャラリーから参照,,False
assets/sleep/biblo-v347/0618.webp,使用中,35934,da5b83d840aba8cc345cdd8c481d466795b19a7229661582d0b6533c1326325c,0373_default,373(3).png,0373_default ボーマンダ:★1 はばたき寝 (0373_01),biblo-v347,図鑑・ボックス・寝顔、または確認待ちギャラリーから参照,,False
assets/sleep/biblo-v347/0619.webp,使用中,37624,9c17e20b26315ccf6ad5cc22b89af0212552b79f28b5f840c4f7797a52ac4dbe,0373_default,373(4).png,0373_default ボーマンダ:★2 おおあくび寝 (0373_02),biblo-v347,図鑑・ボックス・寝顔、または確認待ちギャラリーから参照,,False
assets/sleep/biblo-v347/0620.webp,使用中,57682,95a3055e25412eddb3a301c5b89732c4117e9c71b4a3df970c60b206c5d435cc,0373_default,373(5).png,0373_default ボーマンダ:★3 かえんほうしゃ寝 (0373_03),biblo-v347,図鑑・ボックス・寝顔、または確認待ちギャラリーから参照,,False
assets/sleep/biblo-v347/0621.webp,使用中,43758,a9f9628f860f466fda8a0365c2e4ad22d135d632375274e79960c3d40caf17fe,0373_default,373(6).png,0373_default ボーマンダ:★4 おなかのうえ寝 (0373_04),biblo-v347,図鑑・ボックス・寝顔、または確認待ちギャラリーから参照,,False
assets/sleep/biblo-v347/0622.webp,使用中,29476,22724a3f75de0ee82ddb907d36bdbe5ebbd4576507e8bb7eb52d82aa8b5f3cc7,0380_default,380(3).png,0380_default ラティアス:★1 うかびはばたき寝 (0380_default_01),biblo-v347,図鑑・ボックス・寝顔、または確認待ちギャラリーから参照,,False
assets/sleep/biblo-v347/0623.webp,使用中,25976,d793b1e6f615750f795d9254a22589d1b65917b994331fd00b0ae5fb2621d8e9,0380_default,380(4).png,0380_default ラティアス:★2 ゆうがにひこう寝 (0380_default_02),biblo-v347,図鑑・ボックス・寝顔、または確認待ちギャラリーから参照,,False
assets/sleep/biblo-v347/0624.webp,使用中,30252,cd63b4fcc006e6707cba9d78a2894575a379d3a40a668a8b06455a79c533dc05,0380_default,380(5).png,0380_default ラティアス:★3 むげんのひかり寝 (0380_default_03),biblo-v347,図鑑・ボックス・寝顔、または確認待ちギャラリーから参照,,False
assets/sleep/biblo-v347/0625.webp,使用中,49208,4a6e3af3bd90d3bf59079331f4df38837ba2aa47c63d73d675d3b753c020e05d,0380_default,380(6).png,0380_default ラティアス:★5 なかまおもい寝 (0380_default_05) | 0381_default ラティオス:★5 なかまおもい寝 (0381_default_05),biblo-v347,図鑑・ボックス・寝顔、または確認待ちギャラリーから参照,,False
assets/sleep/biblo-v347/0626.webp,使用中,35982,cc084e0228331ef8e16de81baa96c3a1d73be0815009b75dea306d4f08b4656e,0381_default,381(3).png,0381_default ラティオス:★1 うかびはばたき寝 (0381_default_01),biblo-v347,図鑑・ボックス・寝顔、または確認待ちギャラリーから参照,,False
assets/sleep/biblo-v347/0627.webp,使用中,30690,b06c919452938d3413177c65be3ae65a035f195b9f7220105e76d6a91004b80a,0381_default,381(4).png,0381_default ラティオス:★2 ゆうがにひこう寝 (0381_default_02),biblo-v347,図鑑・ボックス・寝顔、または確認待ちギャラリーから参照,,False
assets/sleep/biblo-v347/0628.webp,使用中,38328,148d283accc880a0253e52aa6708c1c0c952dd7a4c00aa68d26350e0317970dd,0381_default,381(5).png,0381_default ラティオス:★3 むげんのオーラ寝 (0381_default_03),biblo-v347,図鑑・ボックス・寝顔、または確認待ちギャラリーから参照,,False
assets/sleep/biblo-v347/0629.webp,使用中,38496,d7a39b75111e8dc5294060c559c4e2cb4a931ce6eaeb5a250d998b0702efffdc,0387_default,387(3).png,0387_default ナエトル:★1 つっぷし寝 (0387_01),biblo-v347,図鑑・ボックス・寝顔、または確認待ちギャラリーから参照,,False
assets/sleep/biblo-v347/0630.webp,使用中,30346,f9a34d644e1cb38b520f1de267e3981cb89e073b4371519652d8f7a24bf12351,0387_default,387(4).png,0387_default ナエトル:★2 ふみふみ寝 (0387_02),biblo-v347,図鑑・ボックス・寝顔、または確認待ちギャラリーから参照,,False
assets/sleep/biblo-v347/0631.webp,使用中,31836,d3aa5dafeff604492a2dc197fd3a0155a511ef37ad0b669a9fa0e45c37f31b1e,0387_default,387(5).png,0387_default ナエトル:★3 しずくたれ寝 (0387_03),biblo-v347,図鑑・ボックス・寝顔、または確認待ちギャラリーから参照,,False
assets/sleep/biblo-v347/0632.webp,使用中,38790,d2edcb042d8cd7e9ff7f118b29b18213a05970191c723021e237d7ba8acbda20,0387_default,387(6).png,0387_default ナエトル:★4 おなかのうえ寝 (0387_04),biblo-v347,図鑑・ボックス・寝顔、または確認待ちギャラリーから参照,,False
assets/sleep/biblo-v347/0633.webp,使用中,46548,0490e52abeeae1e43929468ed5f1f22a10e5b46cb0c49d756ef12ce5b03ff835,0388_default,388(3).png,0388_default ハヤシガメ:★1 こっくり寝 (0388_01),biblo-v347,図鑑・ボックス・寝顔、または確認待ちギャラリーから参照,,False
assets/sleep/biblo-v347/0634.webp,使用中,46332,6e934f4a3fd9da9c875a3f894b8075548c342c1f0f9d6172f9cab954b88ee2d5,0388_default,388(4).png,0388_default ハヤシガメ:★2 あしぶみ寝 (0388_02),biblo-v347,図鑑・ボックス・寝顔、または確認待ちギャラリーから参照,,False
assets/sleep/biblo-v347/0635.webp,使用中,55660,5c30edde2448f7e60a50cc412b8c182bd8cbc7d5dad36196b741f654e3e03887,0388_default,388(5).png,0388_default ハヤシガメ:★3 はっぱあそび寝 (0388_03),biblo-v347,図鑑・ボックス・寝顔、または確認待ちギャラリーから参照,,False
assets/sleep/biblo-v347/0636.webp,使用中,43716,44a5af1b0886738e6bf56dab20fc19f40f113a5ebb05a2f8495e7c4a44ab8fd3,0388_default,388(6).png,0388_default ハヤシガメ:★4 おなかのうえ寝 (0388_04),biblo-v347,図鑑・ボックス・寝顔、または確認待ちギャラリーから参照,,False
assets/sleep/biblo-v347/0637.webp,使用中,43396,38e7151c6a26ab217a420de6c8b5f8494dd8cc7a67e9e4223f8b96a28f62779b,0389_default,389(3).png,0389_default ドダイトス:★1 どっしり寝 (0389_01),biblo-v347,図鑑・ボックス・寝顔、または確認待ちギャラリーから参照,,False
assets/sleep/biblo-v347/0638.webp,使用中,37520,22c5dab3b0c235601c3635bb55d4b3ca4464bc9e8223d1f35abbe81a237e22e9,0389_default,389(4).png,0389_default ドダイトス:★2 あしぶみ寝 (0389_02),biblo-v347,図鑑・ボックス・寝顔、または確認待ちギャラリーから参照,,False
assets/sleep/biblo-v347/0639.webp,使用中,44776,851cd3234ccdcfef629cfc33b1977792560a5672a1ce8ddf8a1948d88ec2f0a7,0389_default,389(5).png,0389_default ドダイトス:★3 せなかすまわせ寝 (0389_03),biblo-v347,図鑑・ボックス・寝顔、または確認待ちギャラリーから参照,,False
assets/sleep/biblo-v347/0640.webp,使用中,43420,f70d66b24553e1c647b8e01a987668e0d95dd757c2c46866c34df6154c0a669b,0390_default,390(3).png,0390_default ヒコザル:★1 おしりかき寝 (0390_01),biblo-v347,図鑑・ボックス・寝顔、または確認待ちギャラリーから参照,,False
assets/sleep/biblo-v347/0641.webp,使用中,31026,2bb89b47a59cba5bbead20afd3851ce23cf0ac8338caa1ae8623c729f3b1c748,0390_default,390(4).png,0390_default ヒコザル:★2 おおあくび寝 (0390_02),biblo-v347,図鑑・ボックス・寝顔、または確認待ちギャラリーから参照,,False
assets/sleep/biblo-v347/0642.webp,使用中,46274,51b2ab19a78603480382ad5e487b8c378e27622966a9b92304aa35f7f81f1cd5,0390_default,390(5).png,0390_default ヒコザル:★3 おしりもやし寝 (0390_03),biblo-v347,図鑑・ボックス・寝顔、または確認待ちギャラリーから参照,,False
assets/sleep/biblo-v347/0643.webp,使用中,35990,8ade32ad77e7ee040c92d0618359de403799921a0e27ae6c7332ed159c8f2d92,0390_default,390(6).png,0390_default ヒコザル:★4 おなかのうえ寝 (0390_04),biblo-v347,図鑑・ボックス・寝顔、または確認待ちギャラリーから参照,,False
assets/sleep/biblo-v347/0644.webp,使用中,50220,c962cd6291967b50c820d4be3dc2383416db4de27aacaee6dbdc20a9709c668f,0391_default,391(3).png,0391_default モウカザル:★1 うでまくら寝 (0391_01),biblo-v347,図鑑・ボックス・寝顔、または確認待ちギャラリーから参照,,False
assets/sleep/biblo-v347/0645.webp,使用中,33446,04eda1db9f2bbda73e88f294aa753572eed43213b36a28a5828c84a19e0133c1,0391_default,391(4).png,0391_default モウカザル:★2 おおあくび寝 (0391_02),biblo-v347,図鑑・ボックス・寝顔、または確認待ちギャラリーから参照,,False
assets/sleep/biblo-v347/0646.webp,使用中,57822,e50d332e17133713b2ed29f2236d97a7198609f4ac2356a6c8ab238e8b44fee6,0391_default,391(5).png,0391_default モウカザル:★3 しっぽもやし寝 (0391_03),biblo-v347,図鑑・ボックス・寝顔、または確認待ちギャラリーから参照,,False
assets/sleep/biblo-v347/0647.webp,使用中,49316,c7d1d2cd561a864dee14672a5f1bc60fbc975d6ac127a8215887690c21c10c2f,0392_default,392(2).png,0392_default ゴウカザル:★1 かたひざたて寝 (0392_01),biblo-v347,図鑑・ボックス・寝顔、または確認待ちギャラリーから参照,,False
assets/sleep/biblo-v347/0648.webp,使用中,39962,16f18377a67a77f9e9741c6a6f49f77bd6b07546760090d4ee50289f3a23cd4e,0392_default,392(3).png,0392_default ゴウカザル:★2 おおあくび寝 (0392_02),biblo-v347,図鑑・ボックス・寝顔、または確認待ちギャラリーから参照,,False
assets/sleep/biblo-v347/0649.webp,使用中,56332,9a3510f2a3cb015e2e2a1b2205dda1950357171db285d7000fcf75fed4547362,0392_default,392(4).png,0392_default ゴウカザル:★3 ほのおふきあげ寝 (0392_03),biblo-v347,図鑑・ボックス・寝顔、または確認待ちギャラリーから参照,,False
assets/sleep/biblo-v347/0650.webp,使用中,49924,67f0c65e2dd5e7b6ae4afed579c49e9e21bccd6153cef48e68c23cd7bbfb1f36,0392_default,392(5).png,0392_default ゴウカザル:★4 おなかのうえ寝 (0392_04),biblo-v347,図鑑・ボックス・寝顔、または確認待ちギャラリーから参照,,False
assets/sleep/biblo-v347/0651.webp,使用中,37820,d92c5cbd3638cc9a8aa8a4660ba180b35109bc76c0ad8a0276a84d89ef68146f,0391_default,391(6).png,0391_default モウカザル:★4 おなかのうえ寝 (0391_04),biblo-v347,図鑑・ボックス・寝顔、または確認待ちギャラリーから参照,,False
assets/sleep/biblo-v347/0652.webp,使用中,32568,15423452c6e66a8db35473dc563619969f8fb3854f7f40e11b9a2df174078879,0393_default,393(2).png,0393_default ポッチャマ:★1 すわり寝 (0393_01),biblo-v347,図鑑・ボックス・寝顔、または確認待ちギャラリーから参照,,False
assets/sleep/biblo-v347/0653.webp,使用中,34236,f10aa597b4058651253808a3c8ce7ad1128d4991310d9628c74046c59e5a3ae0,0393_default,393(3).png,0393_default ポッチャマ:★2 よたよた寝 (0393_02),biblo-v347,図鑑・ボックス・寝顔、または確認待ちギャラリーから参照,,False
assets/sleep/biblo-v347/0654.webp,使用中,40670,eaf5111a130b8b58f6232ee7aecf43bbd4b281048f62d4a1b1d913f81d21bfec,0393_default,393(4).png,0393_default ポッチャマ:★3 えらそう寝 (0393_03),biblo-v347,図鑑・ボックス・寝顔、または確認待ちギャラリーから参照,,False
assets/sleep/biblo-v347/0655.webp,使用中,36076,25250ea2616a78d5da8eddf11d49d45e4b325170c7a21365a4631b4f4765e299,0393_default,393(5).png,0393_default ポッチャマ:★4 おなかのうえ寝 (0393_04),biblo-v347,図鑑・ボックス・寝顔、または確認待ちギャラリーから参照,,False
assets/sleep/biblo-v347/0656.webp,使用中,35854,2c1c5b89a6204b1eb421809a049e01e890a61ba6291f8341a321af474eba3962,0394_default,394(3).png,0394_default ポッタイシ:★1 すわり寝 (0394_01),biblo-v347,図鑑・ボックス・寝顔、または確認待ちギャラリーから参照,,False
assets/sleep/biblo-v347/0657.webp,使用中,38012,941f7fcae7b4234d795fe73c7dee95c941cf3c8bbfa2eefa8ce67d423a2ba75e,0394_default,394(4).png,0394_default ポッタイシ:★2 バランスだち寝 (0394_02),biblo-v347,図鑑・ボックス・寝顔、または確認待ちギャラリーから参照,,False
assets/sleep/biblo-v347/0658.webp,使用中,39158,b3fc382f44243db8c9a43cab47588e59747ec1ea14b64223cdbc0d6e7658d1cc,0394_default,394(5).png,0394_default ポッタイシ:★3 えらそう寝 (0394_03),biblo-v347,図鑑・ボックス・寝顔、または確認待ちギャラリーから参照,,False
assets/sleep/biblo-v347/0659.webp,使用中,40300,038ae46470bb0013a927f9eaf599a2df4c01d870641f7793408bf32025b00aab,0394_default,394(6).png,0394_default ポッタイシ:★4 おなかのうえ寝 (0394_04),biblo-v347,図鑑・ボックス・寝顔、または確認待ちギャラリーから参照,,False
assets/sleep/biblo-v347/0660.webp,使用中,37680,4335dbcb9b93b5d59315322eaf35e75019798a03f73dc21b43e89f77f89660f8,0395_default,395(3).png,0395_default エンペルト:★1 どっしり寝 (0395_01),biblo-v347,図鑑・ボックス・寝顔、または確認待ちギャラリーから参照,,False
assets/sleep/biblo-v347/0661.webp,使用中,35290,46bd678bf0cf342dc55d23738bf0e0cb05ef497f2a517faf2c49c91d0ba38a6b,0395_default,395(4).png,0395_default エンペルト:★2 ばんざい寝 (0395_02),biblo-v347,図鑑・ボックス・寝顔、または確認待ちギャラリーから参照,,False
assets/sleep/biblo-v347/0662.webp,使用中,50438,22d70a4e8a267802a8dd4b762e22dccc7cccf5d626fd3e7620a98a268224e560,0395_default,395(5).png,0395_default エンペルト:★3 つばさなぎはらい寝 (0395_03),biblo-v347,図鑑・ボックス・寝顔、または確認待ちギャラリーから参照,,False
assets/sleep/biblo-v347/0663.webp,使用中,44180,d4d5cef41baccadee3e2d2899fb31471513285499ee400c3f075474ac7475e2a,0395_default,395(6).png,0395_default エンペルト:★4 おなかのうえ寝 (0395_04),biblo-v347,図鑑・ボックス・寝顔、または確認待ちギャラリーから参照,,False
assets/sleep/biblo-v347/0664.webp,使用中,37466,c632950be3c30e4afada8a3b45bca40345d60fa9824064deba9bb0335219801c,0403_default,403(3).png,0403_default コリンク:★1 ゆめではしり寝 (0403_01),biblo-v347,図鑑・ボックス・寝顔、または確認待ちギャラリーから参照,,False
assets/sleep/biblo-v347/0665.webp,使用中,40814,111e53b77e6a027d0d6109e8563dde70e2de2c41d1e90f70bb17c298d3e80bde,0403_default,403(4).png,0403_default コリンク:★2 ふんばり寝 (0403_02),biblo-v347,図鑑・ボックス・寝顔、または確認待ちギャラリーから参照,,False
assets/sleep/biblo-v347/0666.webp,使用中,42430,bfe8499d8bd67209c8bd251600f8f0eb997180f5420d0a9c08974506c86d8ed1,0403_default,403(5).png,0403_default コリンク:★3 スパーク寝 (0403_03),biblo-v347,図鑑・ボックス・寝顔、または確認待ちギャラリーから参照,,False
assets/sleep/biblo-v347/0667.webp,使用中,45488,911c4ab2a74330856b6db13b6826a87d4d7168ead2b86628abb900c2a089956d,0403_default,403(6).png,0403_default コリンク:★4 おなかのうえ寝 (0403_04),biblo-v347,図鑑・ボックス・寝顔、または確認待ちギャラリーから参照,,False
assets/sleep/biblo-v347/0668.webp,使用中,46288,0897b7ef26a1c56050540cf9ba682f907dc7aef047d3dc3ef2b054742eaa7826,0404_default,404(3).png,0404_default ルクシオ:★1 まるまり寝 (0404_01),biblo-v347,図鑑・ボックス・寝顔、または確認待ちギャラリーから参照,,False
assets/sleep/biblo-v347/0669.webp,使用中,47940,2bc740f88bc6a3efd3650b0851ced16e9b2ad3abd4de839b7c32f89ce842403e,0404_default,404(4).png,0404_default ルクシオ:★2 ふんばり寝 (0404_02),biblo-v347,図鑑・ボックス・寝顔、または確認待ちギャラリーから参照,,False
assets/sleep/biblo-v347/0670.webp,使用中,50222,e3b49256c2586e718b05ef0be5ba9c293059b06d734559aab576888bf0049644,0404_default,404(5).png,0404_default ルクシオ:★3 スパーク寝 (0404_03),biblo-v347,図鑑・ボックス・寝顔、または確認待ちギャラリーから参照,,False
assets/sleep/biblo-v347/0671.webp,使用中,48234,efaed9e786aaa30070ca8c44ea0d1d995ff6dc49480be5916496eb0d0fb5d9e4,0404_default,404(6).png,0404_default ルクシオ:★4 おなかのうえ寝 (0404_04),biblo-v347,図鑑・ボックス・寝顔、または確認待ちギャラリーから参照,,False
assets/sleep/biblo-v347/0672.webp,使用中,39424,6caadcbc467bcd309d68a30079b8fef52bce0e6ac0dad9af366fa1f3d26e14e0,0405_default,405(3).png,0405_default レントラー:★1 まるまり寝 (0405_01),biblo-v347,図鑑・ボックス・寝顔、または確認待ちギャラリーから参照,,False
assets/sleep/biblo-v347/0673.webp,使用中,40872,34350d7affa4562afeb635801eaf8ed3fe5bd7de9afa0533996bea855435ab1f,0405_default,405(4).png,0405_default レントラー:★2 ふんばり寝 (0405_02),biblo-v347,図鑑・ボックス・寝顔、または確認待ちギャラリーから参照,,False
assets/sleep/biblo-v347/0674.webp,使用中,47898,9653520e12a0c315542e155b20cbd84ae0fb06f2615222e23cf4ffa26e8ab62c,0405_default,405(5).png,0405_default レントラー:★3 スパーク寝 (0405_03),biblo-v347,図鑑・ボックス・寝顔、または確認待ちギャラリーから参照,,False
assets/sleep/biblo-v347/0675.webp,使用中,43104,76a589efaea89d1f974abdb3ccadc21a533f826ca55e29678a22dcf24dae57dc,0405_default,405(6).png,0405_default レントラー:★4 おなかのうえ寝 (0405_04),biblo-v347,図鑑・ボックス・寝顔、または確認待ちギャラリーから参照,,False
assets/sleep/biblo-v347/0676.webp,使用中,18336,cc08c632fb20717ee93a469bf9b9b9bc9c8d5620336b994c7b0d5ced77ee0d4c,0425_default,425(3).png,0425_default フワンテ:★1 かいてん寝 (0425_default_01),biblo-v347,図鑑・ボックス・寝顔、または確認待ちギャラリーから参照,,False
assets/sleep/biblo-v347/0677.webp,使用中,15820,b300c7f3766b91c87f0e3e833cd7c348b4446b6b41e7b02324fc0537e53687a4,0425_default,425(4).png,0425_default フワンテ:★2 ふゆう寝 (0425_default_02),biblo-v347,図鑑・ボックス・寝顔、または確認待ちギャラリーから参照,,False
assets/sleep/biblo-v347/0678.webp,使用中,20410,2b245ca07d52a3ee3d5ecca9fe9ce0ccf5df24073e5338278a09e06ed051f17e,0425_default,425(5).png,0425_default フワンテ:★3 あやし寝 (0425_default_03),biblo-v347,図鑑・ボックス・寝顔、または確認待ちギャラリーから参照,,False
assets/sleep/biblo-v347/0679.webp,使用中,23418,1a65cc415b80fb45b7a661c52ae8c3ebcae95052fc818dcb006efbcce8b252cb,0426_default,426(4).png,0426_default フワライド:★3 あやし寝 (0426_default_03),biblo-v347,図鑑・ボックス・寝顔、または確認待ちギャラリーから参照,,False
assets/sleep/biblo-v347/0680.webp,使用中,31356,b99ad3d8833451a44d8e8c373613994acb055698331558ec7ac82f72e843bf0c,0430_default,430(4).png,0430_default ドンカラス:★1 はづくろい寝 (0430_01),biblo-v347,図鑑・ボックス・寝顔、または確認待ちギャラリーから参照,,False
assets/sleep/biblo-v347/0681.webp,使用中,29580,ad1648f691708d5839b7d49f654ca51b19349a6ab715b8de401ab955842e04d1,0430_default,430(5).png,0430_default ドンカラス:★2 はねやすめ寝 (0430_02),biblo-v347,図鑑・ボックス・寝顔、または確認待ちギャラリーから参照,,False
assets/sleep/biblo-v347/0682.webp,使用中,54796,0a0e8cc3ddf2ae7e323e0312df05abf18d3393e2927623aeb24d975a228fbf80,0430_default,430(6).png,0430_default ドンカラス:★3 ほうせきまもり寝 (0430_03),biblo-v347,図鑑・ボックス・寝顔、または確認待ちギャラリーから参照,,False
assets/sleep/biblo-v347/0683.webp,使用中,38678,d0f3b590a843fc2ffff1096de1fd8729e18bc020111f8d90144315c529253568,0430_default,430(7).png,0430_default ドンカラス:★4 おなかのうえ寝 (0430_04),biblo-v347,図鑑・ボックス・寝顔、または確認待ちギャラリーから参照,,False
assets/sleep/biblo-v347/0684.webp,使用中,27372,7586ec522fa759a9bbfd3c24dfe24e4cfb084bd1062a732cce37a9f30bc1d687,0426_default,eyJidWNrZXQiOiJnYW1lcmNoLWltZy1jb250ZW50cyIsImtleSI6Indpa2lcLzQ1NjVcL2VudHJ5XC9Bbzl1S3NvUi5wbmciLCJlZGl0cyI6eyJ3ZWJwIjp7InF1YWxpdHkiOjg1fSwidG9Gb3JtYXQiOiJ3ZWJwIn19.webp,0426_default フワライド:★2 ふゆう寝 (0426_default_02),biblo-v347,図鑑・ボックス・寝顔、または確認待ちギャラリーから参照,,False
assets/sleep/biblo-v347/0685.webp,使用中,33002,c71ef7a6a308b05abcfb2bf3fe2f60bce8054f179a6916ef5e0e4d5117b9c0bd,0426_default,eyJidWNrZXQiOiJnYW1lcmNoLWltZy1jb250ZW50cyIsImtleSI6Indpa2lcLzQ1NjVcL2VudHJ5XC8zRURGenB0eS5wbmciLCJlZGl0cyI6eyJ3ZWJwIjp7InF1YWxpdHkiOjg1fSwidG9Gb3JtYXQiOiJ3ZWJwIn19.webp,0426_default フワライド:★1 だいかいてん寝 (0426_default_01),biblo-v347,図鑑・ボックス・寝顔、または確認待ちギャラリーから参照,,False
assets/sleep/biblo-v347/0686.webp,使用中,34174,535902b080f0e7ab3dc3e63b3f3ba1e046a7e6db291c7c57edb98f5d7feb8411,0442_default,442(2).png,0442_default ミカルゲ:★1 かなめいし寝 (0442_01),biblo-v347,図鑑・ボックス・寝顔、または確認待ちギャラリーから参照,,False
assets/sleep/biblo-v347/0687.webp,使用中,51336,a7676ae469c23d112295664fadc204572aaa627f5d6394692f59db20cd356bd4,0442_default,442(3).png,0442_default ミカルゲ:★2 こっくり寝 (0442_02),biblo-v347,図鑑・ボックス・寝顔、または確認待ちギャラリーから参照,,False
assets/sleep/biblo-v347/0688.webp,使用中,31550,f6ff447e4d986f945fa05db182b90a7d037487628d6dcbc01b37b93c02901b25,0442_default,442(4).png,0442_default ミカルゲ:★3 じめんぺったり寝 (0442_03),biblo-v347,図鑑・ボックス・寝顔、または確認待ちギャラリーから参照,,False
assets/sleep/biblo-v347/0689.webp,使用中,32494,1a21e2398a0ced3b01b3447e50fb0fef9438b1a1b2683996a153c975a2648546,0442_default,442(20261003-150702).png,0442_default ミカルゲ:★4 おなかのうえ寝 (0442_04),biblo-v347,図鑑・ボックス・寝顔、または確認待ちギャラリーから参照,,False
assets/sleep/biblo-v347/0690.webp,使用中,39668,f08eba8e24ee475add6c073ee17a4071fbee1e10f7c5ae3e49b6c795f530c8f1,0461_default,461(3).png,0461_default マニューラ:★1 すわり寝 (0461_01),biblo-v347,図鑑・ボックス・寝顔、または確認待ちギャラリーから参照,,False
assets/sleep/biblo-v347/0691.webp,使用中,36070,98939bfad591eba4f7fe156439b9cfa0b5e03783ac4b7212fa22ab674bf2fded,0461_default,461(4).png,0461_default マニューラ:★2 ちょうはつ寝 (0461_02),biblo-v347,図鑑・ボックス・寝顔、または確認待ちギャラリーから参照,,False
assets/sleep/biblo-v347/0692.webp,使用中,49848,bee6dcc7ed96223527bec334c4318cf1699a7775b3c47dd1cd8b820176fc4725,0461_default,461(5).png,0461_default マニューラ:★3 ぐうたら寝 (0461_03),biblo-v347,図鑑・ボックス・寝顔、または確認待ちギャラリーから参照,,False
assets/sleep/biblo-v347/0693.webp,使用中,45096,a94d2cf58d714c044b6312dd2c649692c82a9156a8b203329c3b6cf1050babbd,0461_default,461(6).png,0461_default マニューラ:★4 おなかのうえ寝 (0461_04),biblo-v347,図鑑・ボックス・寝顔、または確認待ちギャラリーから参照,,False
assets/sleep/biblo-v347/0694.webp,使用中,40486,8069e5a18a619a80be2eb94cc834ad09d9aba20a02488a6e2d9572fca7ba1b15,0470_default,470(3).png,0470_default リーフィア:★1 しっぽをふる寝 (0470_01),biblo-v347,図鑑・ボックス・寝顔、または確認待ちギャラリーから参照,,False
assets/sleep/biblo-v347/0695.webp,使用中,33250,18d0b7ea01b281d8c9cc5bb53d3a747637ce5b30a8670576007084b1c42936a1,0470_default,470(4).png,0470_default リーフィア:★2 ふんばり寝 (0470_02),biblo-v347,図鑑・ボックス・寝顔、または確認待ちギャラリーから参照,,False
assets/sleep/biblo-v347/0696.webp,使用中,48522,b08196ed60ccf0c76796bc3059ea99c5263a6c61a17fee1c270a8ad67cc42f51,0470_default,470(5).png,0470_default リーフィア:★3 はっぱつかみ寝 (0470_03),biblo-v347,図鑑・ボックス・寝顔、または確認待ちギャラリーから参照,,False
assets/sleep/biblo-v347/0697.webp,使用中,42082,30988bc9dd9f08fb37764e99fc9d494303d1c93cf74fe33f30fa827caf9fba7f,0470_default,470(6).png,0470_default リーフィア:★4 おなかのうえ寝 (0470_04),biblo-v347,図鑑・ボックス・寝顔、または確認待ちギャラリーから参照,,False
assets/sleep/biblo-v347/0698.webp,使用中,37168,fb3635af0d71d7f12e04a0b3eb79fc2b26099d860f3add773d355d85de37b56c,0710_small / 0710_medium / 0710_large / 0710_jumbo,710(3).png,0710_large バケッチャ(おおだま):★1 うまり寝 (0710_sizes_01) | 0710_small バケッチャ(こだま):★1 うまり寝 (0710_sizes_01) | 0710_medium バケッチャ(ちゅうだま):★1 うまり寝 (0710_sizes_01) | 0710_jumbo バケッチャ(ギガだま):★1 うまり寝 (0710_sizes_01),biblo-v347,図鑑・ボックス・寝顔、または確認待ちギャラリーから参照,,False
assets/sleep/biblo-v347/0699.webp,使用中,25172,891cc9d1a9e89cd4a57f6a54f2ceaab71d941ad0c48b0e6a6b9c3209c6265f9e,0710_small / 0710_medium / 0710_large / 0710_jumbo,710(4).png,0710_large バケッチャ(おおだま):★2 うかびぱたぱた寝 (0710_sizes_02) | 0710_small バケッチャ(こだま):★2 うかびぱたぱた寝 (0710_sizes_02) | 0710_medium バケッチャ(ちゅうだま):★2 うかびぱたぱた寝 (0710_sizes_02) | 0710_jumbo バケッチャ(ギガだま):★2 うかびぱたぱた寝 (0710_sizes_02),biblo-v347,図鑑・ボックス・寝顔、または確認待ちギャラリーから参照,,False
assets/sleep/biblo-v347/0700.webp,使用中,41008,da3b8bcf9838f6c503517d57d6a48af7dd5053837ffa54101d81ff12ecb59df5,0710_small / 0710_medium / 0710_large / 0710_jumbo,710(5).png,0710_large バケッチャ(おおだま):★3 ひかりてらし寝 (0710_sizes_03) | 0710_small バケッチャ(こだま):★3 ひかりてらし寝 (0710_sizes_03) | 0710_medium バケッチャ(ちゅうだま):★3 ひかりてらし寝 (0710_sizes_03) | 0710_jumbo バケッチャ(ギガだま):★3 ひかりてらし寝 (0710_sizes_03),biblo-v347,図鑑・ボックス・寝顔、または確認待ちギャラリーから参照,,False
assets/sleep/biblo-v347/0701.webp,使用中,32320,76feb90c55a497ae6e198fb2b26d0fc00adb6cadf1ef63c48f9c09b72125cff7,0710_small / 0710_medium / 0710_large / 0710_jumbo,710(6).png,0710_large バケッチャ(おおだま):★4 おなかのうえ寝 (0710_sizes_04) | 0710_small バケッチャ(こだま):★4 おなかのうえ寝 (0710_sizes_04) | 0710_medium バケッチャ(ちゅうだま):★4 おなかのうえ寝 (0710_sizes_04) | 0710_jumbo バケッチャ(ギガだま):★4 おなかのうえ寝 (0710_sizes_04),biblo-v347,図鑑・ボックス・寝顔、または確認待ちギャラリーから参照,,False
assets/sleep/biblo-v347/0702.webp,使用中,38582,78cf8c8ead7379bf81888e1ff8dae980e6283460ea7789bac6a777e44f83bedb,0711_small / 0711_medium / 0711_large / 0711_jumbo,711(3).png,0711_large パンプジン(おおだま):★1 だきしめ寝 (0711_sizes_01) | 0711_small パンプジン(こだま):★1 だきしめ寝 (0711_sizes_01) | 0711_medium パンプジン(ちゅうだま):★1 だきしめ寝 (0711_sizes_01) | 0711_jumbo パンプジン(ギガだま):★1 だきしめ寝 (0711_sizes_01),biblo-v347,図鑑・ボックス・寝顔、または確認待ちギャラリーから参照,,False
assets/sleep/biblo-v347/0703.webp,使用中,27620,5f82bb0c1eb8a939941feffdec2056f82677afd237ca385f22086037fedb6081,0711_small / 0711_medium / 0711_large / 0711_jumbo,711(4).png,0711_large パンプジン(おおだま):★2 うでひろげ寝 (0711_sizes_02) | 0711_small パンプジン(こだま):★2 うでひろげ寝 (0711_sizes_02) | 0711_medium パンプジン(ちゅうだま):★2 うでひろげ寝 (0711_sizes_02) | 0711_jumbo パンプジン(ギガだま):★2 うでひろげ寝 (0711_sizes_02),biblo-v347,図鑑・ボックス・寝顔、または確認待ちギャラリーから参照,,False
assets/sleep/biblo-v347/0704.webp,使用中,48816,9417bde72768f543f0571c9119f400e357dac8fccd3f65a1880b7453236e02e1,0711_small / 0711_medium / 0711_large / 0711_jumbo,711(5).png,0711_large パンプジン(おおだま):★3 おどろかし寝 (0711_sizes_03) | 0711_small パンプジン(こだま):★3 おどろかし寝 (0711_sizes_03) | 0711_medium パンプジン(ちゅうだま):★3 おどろかし寝 (0711_sizes_03) | 0711_jumbo パンプジン(ギガだま):★3 おどろかし寝 (0711_sizes_03),biblo-v347,図鑑・ボックス・寝顔、または確認待ちギャラリーから参照,,False
assets/sleep/biblo-v347/0705.webp,使用中,27144,112702ad473475127b42a790fa09b51f205693ac7f17b6a92bc2efdb3a5e9a05,0711_small / 0711_medium / 0711_large / 0711_jumbo,711(6).png,0711_large パンプジン(おおだま):★4 おなかのうえ寝 (0711_sizes_04) | 0711_small パンプジン(こだま):★4 おなかのうえ寝 (0711_sizes_04) | 0711_medium パンプジン(ちゅうだま):★4 おなかのうえ寝 (0711_sizes_04) | 0711_jumbo パンプジン(ギガだま):★4 おなかのうえ寝 (0711_sizes_04),biblo-v347,図鑑・ボックス・寝顔、または確認待ちギャラリーから参照,,False
assets/sleep/biblo-v347/0706.webp,使用中,38764,a052bac1e2f9090f2396b8d9ed235ae86287a67b3489a8c4f2ad096f53f02856,0714_default,714(3).png,0714_default オンバット:★1 はねやすめ寝 (0714_01),biblo-v347,図鑑・ボックス・寝顔、または確認待ちギャラリーから参照,,False
assets/sleep/biblo-v347/0707.webp,使用中,32560,6be375d43d72b52313e57472be36ec6a81b772fc4328933ea3c74395a10ec8bf,0714_default,714(4).png,0714_default オンバット:★2 おおあくび寝 (0714_02),biblo-v347,図鑑・ボックス・寝顔、または確認待ちギャラリーから参照,,False
assets/sleep/biblo-v347/0708.webp,使用中,44740,b4bf04c62c3127254d0d713b91831642c861a0bd2f3441eb429124141d1616a9,0714_default,714(5).png,0714_default オンバット:★3 エコロケーション寝 (0714_03),biblo-v347,図鑑・ボックス・寝顔、または確認待ちギャラリーから参照,,False
assets/sleep/biblo-v347/0709.webp,使用中,42300,749a6d167ef9586dbdff49d7aff00eb81631e561076ec8c49b5b74c4abefdbc8,0714_default,714(6).png,0714_default オンバット:★4 おなかのうえ寝 (0714_04),biblo-v347,図鑑・ボックス・寝顔、または確認待ちギャラリーから参照,,False
assets/sleep/biblo-v347/0710.webp,使用中,37962,4de5db39b76cf96e030e25826d2a4cc038234cbe82e615ffcade414b8210ca18,0715_default,715(3).png,0715_default オンバーン:★1 みみふるわせ寝 (0715_01),biblo-v347,図鑑・ボックス・寝顔、または確認待ちギャラリーから参照,,False
assets/sleep/biblo-v347/0711.webp,使用中,42044,3c4245160a8cc554457a2c0f3417fdaf9ef49b00b645383278383942435c19f4,0715_default,715(4).png,0715_default オンバーン:★2 おおあくび寝 (0715_02),biblo-v347,図鑑・ボックス・寝顔、または確認待ちギャラリーから参照,,False
assets/sleep/biblo-v347/0712.webp,使用中,42200,e87dae61b906ccc8a1ef426cd47ac4bf29a539de8ec146f8b50c25ddfa321c5d,0715_default,715(5).png,0715_default オンバーン:★3 ばくおんぱ寝 (0715_03),biblo-v347,図鑑・ボックス・寝顔、または確認待ちギャラリーから参照,,False
assets/sleep/biblo-v347/0713.webp,使用中,48532,1747cdfed32ec815e587fcadb64a0a99fae10d6ab5cc046e20d5e15f0167b426,0715_default,715(6).png,0715_default オンバーン:★4 おなかのうえ寝 (0715_04),biblo-v347,図鑑・ボックス・寝顔、または確認待ちギャラリーから参照,,False
assets/sleep/biblo-v347/0714.webp,使用中,34784,a7d6b72a3cbd1f5807b8dbb2ab2e6b97f01dd0141c6c239d1104df1cc9238a4a,0778_default,778(3).png,0778_default ミミッキュ:★1 まるまりたい寝 (0778_default_01),biblo-v347,図鑑・ボックス・寝顔、または確認待ちギャラリーから参照,,False
assets/sleep/biblo-v347/0715.webp,使用中,31946,4a027400e7f10dbf6919f44e9119045df3a4298a2fb454abf21471e0c1c16463,0778_default,778(4).png,0778_default ミミッキュ:★2 ばればれ寝 (0778_default_02),biblo-v347,図鑑・ボックス・寝顔、または確認待ちギャラリーから参照,,False
assets/sleep/biblo-v347/0716.webp,使用中,49392,95ae94db2aa13c038eb0b600fbace5bd82cfbb6c4a80d3887dfdf40829f2b04b,0778_default,778(5).png,0778_default ミミッキュ:★3 まねっこ寝 (0778_default_03),biblo-v347,図鑑・ボックス・寝顔、または確認待ちギャラリーから参照,,False
assets/sleep/biblo-v347/0717.webp,使用中,34926,24844e40178a9f6901916975a527c4cd2baccd78559c21f51a74b59c968263c9,0778_default,778(6).png,0778_default ミミッキュ:★4 おなかのうえ寝 (0778_default_04),biblo-v347,図鑑・ボックス・寝顔、または確認待ちギャラリーから参照,,False
assets/sleep/biblo-v347/0718.webp,使用中,42214,adf9a71b526aa3c22dc60fc7e4f0b9afcfc0a84f61a359c8e2ef2cf6dd90b0e6,0780_default,780(3).png,0780_default ジジーロン:★1 くびのばし寝 (0780_01),biblo-v347,図鑑・ボックス・寝顔、または確認待ちギャラリーから参照,,False
assets/sleep/biblo-v347/0719.webp,使用中,46962,19085c33cd300507d160684428bbb1603155e2101352a9eef32f11f1a5364f8b,0780_default,780(4).png,0780_default ジジーロン:★2 くねく寝 (0780_02),biblo-v347,図鑑・ボックス・寝顔、または確認待ちギャラリーから参照,,False
assets/sleep/biblo-v347/0720.webp,使用中,44012,5930bb74012827ae66f7fbfa394a76f082b75d25f46c7ad708318f68cc01e6ff,0780_default,780(5).png,0780_default ジジーロン:★3 せなかまくら寝 (0780_03),biblo-v347,図鑑・ボックス・寝顔、または確認待ちギャラリーから参照,,False
assets/sleep/biblo-v347/0721.webp,使用中,38772,cfe66079ce8b5ef8db1ef488deebc2e707e9c723046077918be162de7bf3b515,0780_default,780(6).png,0780_default ジジーロン:★4 おなかのうえ寝 (0780_04),biblo-v347,図鑑・ボックス・寝顔、または確認待ちギャラリーから参照,,False
assets/sleep/biblo-v347/0722.webp,使用中,36242,22c6ace5420d27ba12a4b84e44d5aeaf8b62baa8428a3402c3fc1541d413146c,0849_amped,849-toxtricityampedform(3).png,0849_amped ストリンダー(ハイ):★1 すわり寝 (0849_amped_01),biblo-v347,図鑑・ボックス・寝顔、または確認待ちギャラリーから参照,,False
assets/sleep/biblo-v347/0723.webp,使用中,30928,81bf78f31aef26db2280acf278e15b046d9d21cde1dceeabfc1517b85f635b96,0849_amped,849-toxtricityampedform(4).png,0849_amped ストリンダー(ハイ):★2 きめポーズ寝 (0849_amped_02),biblo-v347,図鑑・ボックス・寝顔、または確認待ちギャラリーから参照,,False
assets/sleep/biblo-v347/0724.webp,使用中,48540,c291c04a1eafe6dc00f517dec19bdcd0a93e6e0629d9d7686ca249ba74c53648,0849_amped,849-toxtricityampedform(5).png,0849_amped ストリンダー(ハイ):★3 ゆめでギター寝 (0849_amped_03),biblo-v347,図鑑・ボックス・寝顔、または確認待ちギャラリーから参照,,False
assets/sleep/biblo-v347/0725.webp,使用中,30510,c5ac4d60c24e334e4ed00fda401e71719bd8e1d475a739565972c9cc5dfe26d1,0849_low_key,849-toxtricitylowkeyform(3).png,0849_low_key ストリンダー(ロー):★1 すわり寝 (0849_low_key_01),biblo-v347,図鑑・ボックス・寝顔、または確認待ちギャラリーから参照,,False
assets/sleep/biblo-v347/0726.webp,使用中,29384,c98d7a048601236738dbb870315db3edba8f477d56f868428e32c42b462b3c26,0849_low_key,849-toxtricitylowkeyform(4).png,0849_low_key ストリンダー(ロー):★2 ゆめでベース寝 (0849_low_key_02),biblo-v347,図鑑・ボックス・寝顔、または確認待ちギャラリーから参照,,False
assets/sleep/biblo-v347/0727.webp,使用中,45086,331ea2a74e00bf74211d7bdf46f586bab96ffc7ee90df6cfa9ec69ce85f1ce72,0849_low_key,849-toxtricitylowkeyform(5).png,0849_low_key ストリンダー(ロー):★3 ぐうたら寝 (0849_low_key_03),biblo-v347,図鑑・ボックス・寝顔、または確認待ちギャラリーから参照,,False
assets/sleep/biblo-v347/0728.webp,使用中,43676,e5db20b37a7be2ba38b9a58bb0942a88aae0fae388add5c1168a8ff33f8b2e80,0849_low_key,849-toxtricitylowkeyform(6).png,0849_low_key ストリンダー(ロー):★4 おなかのうえ寝 (0849_low_key_04),biblo-v347,図鑑・ボックス・寝顔、または確認待ちギャラリーから参照,,False
assets/sleep/biblo-v347/0729.webp,使用中,31608,be1ae51a209f46216958f8ff606cd2bd84a13f6ef1c7f02d41d74cd0acf002ae,0848_default,848(3).png,0848_default エレズン:★1 おしゃぶり寝 (0848_01),biblo-v347,図鑑・ボックス・寝顔、または確認待ちギャラリーから参照,,False
assets/sleep/biblo-v347/0730.webp,使用中,28924,89cb6a3a0781041164cb944c7b77a17ef475264156423c78bfbcdcbcb080ece6,0848_default,848(4).png,0848_default エレズン:★2 のび寝 (0848_02),biblo-v347,図鑑・ボックス・寝顔、または確認待ちギャラリーから参照,,False
assets/sleep/biblo-v347/0731.webp,使用中,49778,d41c694951e9f179f682b42f3cfed283396cb33450a0c876151eaddf6658b0f4,0848_default,848(5).png,0848_default エレズン:★3 だだこ寝 (0848_03),biblo-v347,図鑑・ボックス・寝顔、または確認待ちギャラリーから参照,,False
assets/sleep/biblo-v347/0732.webp,使用中,32314,c0b32381beaf76b3e4321f10c8ea1f5341db7362d5f5f3778c8a8fe3f8376b7f,0848_default,848(6).png,0848_default エレズン:★4 おなかのうえ寝 (0848_04),biblo-v347,図鑑・ボックス・寝顔、または確認待ちギャラリーから参照,,False
assets/sleep/biblo-v347/0733.webp,使用中,37748,6d6c0d629d480da498ef64e01a70b4e4c126125092b1c5082ad3bb919278b17a,0906_default,906(3).png,0906_default ニャオハ:★1 こうばこずわり寝 (0906_01),biblo-v347,図鑑・ボックス・寝顔、または確認待ちギャラリーから参照,,False
assets/sleep/biblo-v347/0734.webp,使用中,34474,0f79d5e0db18d0ca3fc148804e96fa283ae8120b85c701cc5c372c5388a372a7,0906_default,906(20261003-152147).png,0906_default ニャオハ:★2 ふみふみ寝 (0906_02),biblo-v347,図鑑・ボックス・寝顔、または確認待ちギャラリーから参照,,False
assets/sleep/biblo-v347/0735.webp,使用中,47660,3b31efb1e9d5e3e5c17c18c1ba0fb1432e950d9dce75ad4d7b3ec5aafc3459c0,0906_default,906(4).png,0906_default ニャオハ:★3 へそてん寝 (0906_03),biblo-v347,図鑑・ボックス・寝顔、または確認待ちギャラリーから参照,,False
assets/sleep/biblo-v347/0736.webp,使用中,36128,6a4e96705c87cfec6d223d05c510bf13f5c9e4ed7702cd93a9f168bc6ef2e905,0906_default,906(5).png,0906_default ニャオハ:★4 おなかのうえ寝 (0906_04),biblo-v347,図鑑・ボックス・寝顔、または確認待ちギャラリーから参照,,False
assets/sleep/biblo-v347/0737.webp,使用中,41406,8e60b4240cb249adfbe5dbec360e32ab59a3f7e2f4d066f8cfab2252005b6610,0907_default,907(3).png,0907_default ニャローテ:★1 まるまり寝 (0907_01),biblo-v347,図鑑・ボックス・寝顔、または確認待ちギャラリーから参照,,False
assets/sleep/biblo-v347/0738.webp,使用中,31872,1fbb6c3a11b9ae6649d154d26cabbbd075efd6227d2803af73c9bf582f4c2d19,0907_default,907(4).png,0907_default ニャローテ:★2 ぼうだち寝 (0907_02),biblo-v347,図鑑・ボックス・寝顔、または確認待ちギャラリーから参照,,False
assets/sleep/biblo-v347/0739.webp,使用中,62782,0307894e053285088065402bb3edef2b0441577abb8a8bcd27044c9b592df70a,0907_default,907(5).png,0907_default ニャローテ:★3 じゃれつく寝 (0907_03),biblo-v347,図鑑・ボックス・寝顔、または確認待ちギャラリーから参照,,False
assets/sleep/biblo-v347/0740.webp,使用中,34866,d4002efd5ed89cb10fe93e0573a81da5b3a76630e95ae5a1e741b93f15cce203,0907_default,907(6).png,0907_default ニャローテ:★4 おなかのうえ寝 (0907_04),biblo-v347,図鑑・ボックス・寝顔、または確認待ちギャラリーから参照,,False
assets/sleep/biblo-v347/0741.webp,使用中,37180,a14347ffab8db5125ad30009c8a8c8133e235d5f69174ab108beba0f4fefd10e,0908_default,908(3).png,0908_default マスカーニャ:★1 まるまり寝 (0908_01),biblo-v347,図鑑・ボックス・寝顔、または確認待ちギャラリーから参照,,False
assets/sleep/biblo-v347/0742.webp,使用中,32398,fdfa274528a648ab16c944a78201a7992f6635c53b8988174960c94fb720a05f,0908_default,908(4).png,0908_default マスカーニャ:★2 おじぎ寝 (0908_02),biblo-v347,図鑑・ボックス・寝顔、または確認待ちギャラリーから参照,,False
assets/sleep/biblo-v347/0743.webp,使用中,48154,7f8c1bf014d7b35aa98bac06498377f882439fd7c89712513d0c1f988c6eaee8,0908_default,908(5).png,0908_default マスカーニャ:★3 マジシャン寝 (0908_03),biblo-v347,図鑑・ボックス・寝顔、または確認待ちギャラリーから参照,,False
assets/sleep/biblo-v347/0744.webp,使用中,40298,b2b5decd1bf2dc04f0a6ad78b52e0ef7ec42d038cc9fecf4065abe9a697fc8ee,0908_default,908(20261003-152456).png,0908_default マスカーニャ:★4 おなかのうえ寝 (0908_04),biblo-v347,図鑑・ボックス・寝顔、または確認待ちギャラリーから参照,,False
assets/sleep/biblo-v347/0745.webp,使用中,37758,855e72a2afe49312b95392a54d55e00ed6038f06f68934e418d02bcce86159e1,0909_default,909(4).png,0909_default ホゲータ:★1 はんきゅう寝 (0909_01),biblo-v347,図鑑・ボックス・寝顔、または確認待ちギャラリーから参照,,False
assets/sleep/biblo-v347/0746.webp,使用中,29488,776858ce27fe9b648c4cb88506b876b3ddb0ce815f619846ed7bcbd1f099fdc8,0909_default,909(5).png,0909_default ホゲータ:★2 もぐもぐ寝 (0909_02),biblo-v347,図鑑・ボックス・寝顔、または確認待ちギャラリーから参照,,False
assets/sleep/biblo-v347/0747.webp,使用中,47814,d9e4fdad2b2cc690d3bc2cd2a88f75c559767c0a86b23dc6c612de18806c88e5,0909_default,909(6).png,0909_default ホゲータ:★3 へそてん寝 (0909_03),biblo-v347,図鑑・ボックス・寝顔、または確認待ちギャラリーから参照,,False
assets/sleep/biblo-v347/0748.webp,使用中,39586,65bc8e1cb905397968c44363092e2534bf111aa80e7519e9a44905af39e7950e,0909_default,909(7).png,0909_default ホゲータ:★4 おなかのうえ寝 (0909_04),biblo-v347,図鑑・ボックス・寝顔、または確認待ちギャラリーから参照,,False
assets/sleep/biblo-v347/0749.webp,使用中,47174,b23141bbb1c0c0cb4af24d6574348574648935e34e37c6e75f841f56760dcfc5,0910_default,910(3).png,0910_default アチゲータ:★1 はんきゅう寝 (0910_01),biblo-v347,図鑑・ボックス・寝顔、または確認待ちギャラリーから参照,,False
assets/sleep/biblo-v347/0750.webp,使用中,38052,3ffbc6f0fe2e8f08f8eb05ee382bdf11411b4e9a23d14c5a97abdd57397c09d2,0910_default,910(4).png,0910_default アチゲータ:★2 るんるん寝 (0910_02),biblo-v347,図鑑・ボックス・寝顔、または確認待ちギャラリーから参照,,False
assets/sleep/biblo-v347/0751.webp,使用中,48976,51d07bcaecf7f467dc1198a697f12237054f6d0c66cb226f8143230d89236dbd,0910_default,910(5).png,0910_default アチゲータ:★3 ひだまかかえ寝 (0910_03),biblo-v347,図鑑・ボックス・寝顔、または確認待ちギャラリーから参照,,False
assets/sleep/biblo-v347/0752.webp,使用中,39626,6e7860231298af17a75a93308bbc41464e6e7d082931843c96a71a2cb08400e5,0910_default,910(6).png,0910_default アチゲータ:★4 おなかのうえ寝 (0910_04),biblo-v347,図鑑・ボックス・寝顔、または確認待ちギャラリーから参照,,False
assets/sleep/biblo-v347/0753.webp,使用中,43752,2205d6638607bc8dd6295e0a68e3603ae6ee62bdf8ef7b245f034f979bf261f2,0911_default,911(3).png,0911_default ラウドボーン:★1 はんきゅう寝 (0911_01),biblo-v347,図鑑・ボックス・寝顔、または確認待ちギャラリーから参照,,False
assets/sleep/biblo-v347/0754.webp,使用中,48592,b044dc7becb253d817395dcff5368039e1dd8cb1b37d213dce34a012e6c9ed15,0911_default,911(4).png,0911_default ラウドボーン:★2 ふんばり寝 (0911_02),biblo-v347,図鑑・ボックス・寝顔、または確認待ちギャラリーから参照,,False
assets/sleep/biblo-v347/0755.webp,使用中,47402,db6d82786ad1a077858ecfcd9a3d788749d7d91c45246d3b660fe4cfc26f8de7,0911_default,911(5).png,0911_default ラウドボーン:★3 なかよし寝 (0911_03),biblo-v347,図鑑・ボックス・寝顔、または確認待ちギャラリーから参照,,False
assets/sleep/biblo-v347/0756.webp,使用中,44140,87c56b3b88595f9b6c99d53e1c0cedd39a956f7a634850eb351efb48d3a8e76b,0911_default,911(6).png,0911_default ラウドボーン:★4 おなかのうえ寝 (0911_04),biblo-v347,図鑑・ボックス・寝顔、または確認待ちギャラリーから参照,,False
assets/sleep/biblo-v347/0757.webp,使用中,35382,9834bfee98e0917c88ac15bf5249eee9ee5078a1fb4ad91529976fea414bd7a1,0980_default,980(3).png,0980_default ドオー:★1 おおぐちあけ寝 (0980_01),biblo-v347,図鑑・ボックス・寝顔、または確認待ちギャラリーから参照,,False
assets/sleep/biblo-v347/0758.webp,使用中,33306,affcfc664260956511b21d30713d147d1aa9ae269c933da5c1ec91b4a7364ffc,0980_default,980(4).png,0980_default ドオー:★2 ぺったり寝 (0980_02),biblo-v347,図鑑・ボックス・寝顔、または確認待ちギャラリーから参照,,False
assets/sleep/biblo-v347/0759.webp,使用中,45138,84fa74e976066466ac32758eb6bc990aa21b33fe936026c6c218cdb269b5cf27,0980_default,980(5).png,0980_default ドオー:★3 どろにうまり寝 (0980_03),biblo-v347,図鑑・ボックス・寝顔、または確認待ちギャラリーから参照,,False
assets/sleep/biblo-v347/0760.webp,使用中,32958,0112751f87d5a6e73c8b00e97cb03bdd25437ec9a482fc261c41405cf7cf15b5,0980_default,980(6).png,0980_default ドオー:★4 おなかのうえ寝 (0980_04),biblo-v347,図鑑・ボックス・寝顔、または確認待ちギャラリーから参照,,False
assets/sleep/biblo-v347/0761.webp,使用中,34478,7df73a5f615324a5e5f838074962dfea00cf559e930c2598b9202c611ac4660a,0438_default,438(3).png,0438_default ウソハチ:★1 こてん寝 (0438_01),biblo-v347,図鑑・ボックス・寝顔、または確認待ちギャラリーから参照,,False
assets/sleep/biblo-v347/0762.webp,使用中,26322,5a30fd8ca9b1baddf32f3e54689b4610b800684a2acbb3ad0923621602ab06ce,0438_default,438(4).png,0438_default ウソハチ:★2 ぼうだち寝 (0438_02),biblo-v347,図鑑・ボックス・寝顔、または確認待ちギャラリーから参照,,False
assets/sleep/biblo-v347/0763.webp,使用中,37766,d2594c789b55fc240ff6c6276d60f755b3934cbc9a8f8fef730834bfc5cb5e09,0438_default,438(5).png,0438_default ウソハチ:★3 めからみず寝 (0438_03),biblo-v347,図鑑・ボックス・寝顔、または確認待ちギャラリーから参照,,False
assets/sleep/biblo-v347/0764.webp,使用中,34302,a4697474c8e14d3c44450ed43be8128a3a8d45de3901479ce473c45ee703beba,0438_default,438(6).png,0438_default ウソハチ:★4 おなかのうえ寝 (0438_04),biblo-v347,図鑑・ボックス・寝顔、または確認待ちギャラリーから参照,,False
assets/sleep/biblo-v347/0765.webp,使用中,30602,65d983d0d0c1808e3f6f466a28b99327ca3228e53db522a1d46e62c69f6b6ac6,0439_default,439(3).png,0439_default マネネ:★1 ばんざい寝 (0439_01),biblo-v347,図鑑・ボックス・寝顔、または確認待ちギャラリーから参照,,False
assets/sleep/biblo-v347/0766.webp,使用中,24746,7e4c6d504768ed26602d8d274403333250af4167e65d60d8677e99101fc840f6,0439_default,439(4).png,0439_default マネネ:★2 ぼうだち寝 (0439_02),biblo-v347,図鑑・ボックス・寝顔、または確認待ちギャラリーから参照,,False
assets/sleep/biblo-v347/0767.webp,使用中,38996,709989e92f88cff3b64eb11ad4bb1b88533ee7b551d5cc88437af5f461931778,0439_default,439(5).png,0439_default マネネ:★3 マイムのベッド寝 (0439_03),biblo-v347,図鑑・ボックス・寝顔、または確認待ちギャラリーから参照,,False
assets/sleep/biblo-v347/0768.webp,使用中,40838,91f444da21cbc08e623108729fd937b02ba1ed6bfa367088e00ee41b4f89a8aa,0439_default,439(6).png,0439_default マネネ:★4 おなかのうえ寝 (0439_04),biblo-v347,図鑑・ボックス・寝顔、または確認待ちギャラリーから参照,,False
assets/sleep/biblo-v347/0769.webp,使用中,30088,d266cec7a230340c59d388902d117c03f7f11f389cda3875c094e6c13bce045b,0447_default,447(3).png,0447_default リオル:★1 ひざかかえ寝 (0447_01),biblo-v347,図鑑・ボックス・寝顔、または確認待ちギャラリーから参照,,False
assets/sleep/biblo-v347/0770.webp,使用中,30864,39834e8825d0b400a59ca94d95bf6379c82616769905c56dd108b225f25c99b9,0447_default,447(4).png,0447_default リオル:★2 しゅぎょうちゅう寝 (0447_02),biblo-v347,図鑑・ボックス・寝顔、または確認待ちギャラリーから参照,,False
assets/sleep/biblo-v347/0771.webp,使用中,37584,24837f59cf6979605140c8064e53e11728bd211ef58472c2dffa7b3317bdd166,0447_default,447(5).png,0447_default リオル:★3 かたひざたて寝 (0447_03),biblo-v347,図鑑・ボックス・寝顔、または確認待ちギャラリーから参照,,False
assets/sleep/biblo-v347/0772.webp,使用中,37612,ad986b9c2dd649ab517910431717af332d499258bef75729d174cc46e55448a8,0447_default,447(6).png,0447_default リオル:★4 おなかのうえ寝 (0447_04),biblo-v347,図鑑・ボックス・寝顔、または確認待ちギャラリーから参照,,False
assets/sleep/biblo-v347/0773.webp,使用中,37752,4c2c59abdde7ca9dd195037f2fa5d1d6fd82b2371f0ff9ff04702b1911820988,0448_default,448(4).png,0448_default ルカリオ:★1 かたひざたて寝 (0448_01),biblo-v347,図鑑・ボックス・寝顔、または確認待ちギャラリーから参照,,False
assets/sleep/biblo-v347/0774.webp,使用中,30450,911a458cbde8cdaf2116e7e8fb999f2f1b16ddba490a92b52591020c48e65131,0448_default,448(5).png,0448_default ルカリオ:★2 しゅぎょうちゅう寝 (0448_02),biblo-v347,図鑑・ボックス・寝顔、または確認待ちギャラリーから参照,,False
assets/sleep/biblo-v347/0775.webp,使用中,48936,671da23d1845ececbae7176434b740578c6d95028eaa912408f89266a3d0dc7a,0448_default,448(6).png,0448_default ルカリオ:★3 しゅぎょうやすみ寝 (0448_03),biblo-v347,図鑑・ボックス・寝顔、または確認待ちギャラリーから参照,,False
assets/sleep/biblo-v347/0776.webp,使用中,37564,73f3d5317783206edf2b6a5709787aab70e866e1ad48d33f63fd48659c770704,0448_default,448(7).png,0448_default ルカリオ:★4 おなかのうえ寝 (0448_04),biblo-v347,図鑑・ボックス・寝顔、または確認待ちギャラリーから参照,,False
assets/sleep/biblo-v347/0777.webp,使用中,38206,9cb6d01a7f7d72137fbac058226dfb59933d3f04b29d4039ba3089aaafd49a3a,0453_default,453(3).png,0453_default グレッグル:★1 ぐうたら寝 (0453_01),biblo-v347,図鑑・ボックス・寝顔、または確認待ちギャラリーから参照,,False
assets/sleep/biblo-v347/0778.webp,使用中,35950,1eb87c58f6e8541f5952b0fbfff22cebde887f0f32447b9983af24ff1f3815c3,0453_default,453(4).png,0453_default グレッグル:★2 ほっぺぷくぷく寝 (0453_02),biblo-v347,図鑑・ボックス・寝顔、または確認待ちギャラリーから参照,,False
assets/sleep/biblo-v347/0779.webp,使用中,43920,269f09ad5c5e33be9867da568cc8ac943642cdc9165db2453b3ac0c1db3c68f4,0453_default,453(5).png,0453_default グレッグル:★3 せすじのばし寝 (0453_03),biblo-v347,図鑑・ボックス・寝顔、または確認待ちギャラリーから参照,,False
assets/sleep/biblo-v347/0780.webp,使用中,40908,e1d25acf50283818a97e1273d8317ddaf86b728770dd4fb187773a7173b305ee,0453_default,453(6).png,0453_default グレッグル:★4 おなかのうえ寝 (0453_04),biblo-v347,図鑑・ボックス・寝顔、または確認待ちギャラリーから参照,,False
assets/sleep/biblo-v347/0781.webp,使用中,44106,d23d02a134fbff7f15044601e08432ac8176cec8e45d629c9a1e6f91c7c56950,0454_default,454(3).png,0454_default ドクロッグ:★1 ぐうたら寝 (0454_01),biblo-v347,図鑑・ボックス・寝顔、または確認待ちギャラリーから参照,,False
assets/sleep/biblo-v347/0782.webp,使用中,40356,aea0b2c48aa8ad229928c62ba74caf60c3dbccf465bbc25279b0a73d0036bc43,0454_default,454(4).png,0454_default ドクロッグ:★2 のどぷくぷく寝 (0454_02),biblo-v347,図鑑・ボックス・寝顔、または確認待ちギャラリーから参照,,False
assets/sleep/biblo-v347/0783.webp,使用中,45636,3a046abdb5bd7fc9b1b75c4835cad82f7aae3aa9018b6e8a56b710347420bac8,0454_default,454(5).png,0454_default ドクロッグ:★3 どくぶくろまくら寝 (0454_03),biblo-v347,図鑑・ボックス・寝顔、または確認待ちギャラリーから参照,,False
assets/sleep/biblo-v347/0784.webp,使用中,53416,4bae33c4c417177c95a9d5a3bf55e82aae600227e067f49c3c81d296084ffc1e,0454_default,454(6).png,0454_default ドクロッグ:★4 おなかのうえ寝 (0454_04),biblo-v347,図鑑・ボックス・寝顔、または確認待ちギャラリーから参照,,False
assets/sleep/biblo-v347/0785.webp,使用中,29568,697b961638ec6609e930b6381c7a5ad46b1a911788c4614d68f349258dcc871e,0459_default,459(3).png,0459_default ユキカブリ:★1 すわり寝 (0459_01),biblo-v347,図鑑・ボックス・寝顔、または確認待ちギャラリーから参照,,False
assets/sleep/biblo-v347/0786.webp,誤画像・除外済み,36362,81675cdb7ef38c6d88004c7a9f68a1ff9f8c30716b44170776c054c0026c7b8f,0459_default,459(4).png,,biblo-v347,ユーザー確認で★2画像として不採用。ビルド復元対象,,False
assets/sleep/biblo-v347/0787.webp,使用中,38992,d3dd2575c8f5e64114e1186a677b57b9fb9d1e88935cb6fe72f21feb52e24deb,0459_default,459(5).png,0459_default ユキカブリ:★3 きのみ寝 (0459_03),biblo-v347,図鑑・ボックス・寝顔、または確認待ちギャラリーから参照,,False
assets/sleep/biblo-v347/0788.webp,使用中,32180,a7b95e49ce2963f174ebb122f4ffffc4ae9dbc08904f07a9532643f0e125db63,0459_default,459(6).png,0459_default ユキカブリ:★4 おなかのうえ寝 (0459_04),biblo-v347,図鑑・ボックス・寝顔、または確認待ちギャラリーから参照,,False
assets/sleep/biblo-v347/0789.webp,使用中,33954,b6098fbe4115e14850d9f17f6664ca3a53d2e2868214dbdee7212caf3ee1d76d,0460_default,460(3).png,0460_default ユキノオー:★1 といき寝 (0460_01),biblo-v347,図鑑・ボックス・寝顔、または確認待ちギャラリーから参照,,False
assets/sleep/biblo-v347/0790.webp,誤画像・除外済み,32126,7a52f42bd358ce442e0d2cf0bf4f06202f508e9bc2e9e7969d8c739b195e0127,0460_default,460(4).png,,biblo-v347,ユーザー確認で★2画像として不採用。ビルド復元対象,,False
assets/sleep/biblo-v347/0791.webp,使用中,33426,1df827ee6123394f052d3c5547c1067156b45b10b9d3db82a4c75143f26174a9,0460_default,460(5).png,0460_default ユキノオー:★3 ブリザード寝 (0460_03),biblo-v347,図鑑・ボックス・寝顔、または確認待ちギャラリーから参照,,False
assets/sleep/biblo-v347/0792.webp,使用中,34498,8a9424069452eadf0839c1bafe4c608245fe5ab441da32b48b79842c454e2053,0462_default,462(3).png,0462_default ジバコイル:★1 ゆらゆらふゆう寝 (0462_01),biblo-v347,図鑑・ボックス・寝顔、または確認待ちギャラリーから参照,,False
assets/sleep/biblo-v347/0793.webp,使用中,35970,0d9702a0199c65f75d6d0f2ede65b71b739f017f5a8526c3c21ba1d548e12352,0462_default,462(4).png,0462_default ジバコイル:★2 かんしふゆう寝 (0462_02),biblo-v347,図鑑・ボックス・寝顔、または確認待ちギャラリーから参照,,False
assets/sleep/biblo-v347/0794.webp,使用中,32438,7c2b359e68910b065e77ba81ebbbb9afb487c6f77cc1cf6f70f92c80cfb38d64,0462_default,462(5).png,0462_default ジバコイル:★3 さかさふゆう寝 (0462_03),biblo-v347,図鑑・ボックス・寝顔、または確認待ちギャラリーから参照,,False
assets/sleep/biblo-v347/0795.webp,使用中,21322,940d1404d45689e21060c62aca0ebc7574f7f13d681bb03ebd4509b38f840cbd,0468_default,468(3).png,0468_default トゲキッス:★1 じゆうひこう寝 (0468_01),biblo-v347,図鑑・ボックス・寝顔、または確認待ちギャラリーから参照,,False
assets/sleep/biblo-v347/0796.webp,使用中,24290,ef8c13658f3348de7536a7f0b60e4d790f673b2c48a093e919a1922dcfe17bcc,0468_default,468(4).png,0468_default トゲキッス:★2 たちはばたき寝 (0468_02),biblo-v347,図鑑・ボックス・寝顔、または確認待ちギャラリーから参照,,False
assets/sleep/biblo-v347/0797.webp,使用中,21100,f7822bb382dec6add5c0a53646d1651200ace8c357323bda42dc7c74f4513e87,0468_default,468(5).png,0468_default トゲキッス:★3 きょくげいひこう寝 (0468_03),biblo-v347,図鑑・ボックス・寝顔、または確認待ちギャラリーから参照,,False
assets/sleep/biblo-v347/0798.webp,使用中,33584,9aede42f7406fbcf9d795766cc8318259bd70fe6f42284817f421b0eeda7bddc,0468_default,468(6).png,0468_default トゲキッス:★4 おなかのうえ寝 (0468_04),biblo-v347,図鑑・ボックス・寝顔、または確認待ちギャラリーから参照,,False
assets/sleep/biblo-v347/0799.webp,使用中,38418,7a56802cff2bef7915de252e1d8fc47f2cd7ff4e6da83c569ab86f8d78845fcc,0471_default,471(3).png,0471_default グレイシア:★1 うでまくら寝 (0471_01),biblo-v347,図鑑・ボックス・寝顔、または確認待ちギャラリーから参照,,False
assets/sleep/biblo-v347/0800.webp,使用中,26398,cdf8d1fa93c5d09cf7c01de242a1f50bac8d6367f059adf119750287ffdf1767,0471_default,471(4).png,0471_default グレイシア:★2 ふんばり寝 (0471_02),biblo-v347,図鑑・ボックス・寝顔、または確認待ちギャラリーから参照,,False
assets/sleep/biblo-v347/0801.webp,使用中,41358,c91039f75ec443f4aaf4b443248bd849b9243fc3a215dc58a8dfa751e7a770ce,0471_default,471(5).png,0471_default グレイシア:★3 ぺったり寝 (0471_03),biblo-v347,図鑑・ボックス・寝顔、または確認待ちギャラリーから参照,,False
assets/sleep/biblo-v347/0802.webp,使用中,43208,af615076003ec6fc96c7fc0ef480bb68e6ebe2a5935fba4c76315aa502ea62a7,0471_default,471(6).png,0471_default グレイシア:★4 おなかのうえ寝 (0471_04),biblo-v347,図鑑・ボックス・寝顔、または確認待ちギャラリーから参照,,False
assets/sleep/biblo-v347/0803.webp,使用中,28534,2148051456b6137e94623b614893b77f612b949153e9c35d57e5e4e87573d89a,0475_default,475(3).png,0475_default エルレイド:★1 れいぎただしい寝 (0475_01),biblo-v347,図鑑・ボックス・寝顔、または確認待ちギャラリーから参照,,False
assets/sleep/biblo-v347/0804.webp,使用中,24914,f9b00d0d4b223e270f0fa359613b146afc128335a5abf8429d1e5ee2ce54a456,0475_default,475(4).png,0475_default エルレイド:★2 いあいぎり寝 (0475_02),biblo-v347,図鑑・ボックス・寝顔、または確認待ちギャラリーから参照,,False
assets/sleep/biblo-v347/0805.webp,使用中,39254,2674ae723b7dc1a4cf359f4e8dcedf03742f07bde31d826d7cc5ebd186a6503b,0475_default,475(5).png,0475_default エルレイド:★3 ゆめでいあいぎり寝 (0475_03),biblo-v347,図鑑・ボックス・寝顔、または確認待ちギャラリーから参照,,False
assets/sleep/biblo-v347/0806.webp,使用中,38600,d13afa3bef7ed8f1be7ac84b28b509deee49a6463427621acf1eff3faffdfbab,0475_default,475(6).png,0475_default エルレイド:★4 おなかのうえ寝 (0475_04),biblo-v347,図鑑・ボックス・寝顔、または確認待ちギャラリーから参照,,False
assets/sleep/biblo-v347/0807.webp,使用中,31860,3649389a0e9c3eb9355cdd73fb25cc80eb310f037bad4d4083041c5fa9aa9b57,0488_default,488(3).png,0488_default クレセリア:★1 つっぷし寝 (0488_default_01),biblo-v347,図鑑・ボックス・寝顔、または確認待ちギャラリーから参照,,False
assets/sleep/biblo-v347/0808.webp,使用中,26178,fa9d768210c6f074697fc637c4557735a0a565f24b2a4c25f67b9846aac87de2,0488_default,488(4).png,0488_default クレセリア:★2 こっくりふゆう寝 (0488_default_02),biblo-v347,図鑑・ボックス・寝顔、または確認待ちギャラリーから参照,,False
assets/sleep/biblo-v347/0809.webp,使用中,30208,2b4b7859d446c6c2b7d418280ad38d80e96f4775b35efc67cbbd008c0d937680,0488_default,488(5).png,0488_default クレセリア:★3 みかづきのいのり寝 (0488_default_03),biblo-v347,図鑑・ボックス・寝顔、または確認待ちギャラリーから参照,,False
assets/sleep/biblo-v347/0810.webp,使用中,38562,25e98600e71168a09bd39f551aa05dc4e6f2093ae0cc7b8a2754ac0f454869c0,0491_default,491(2).png,0491_default ダークライ:★1 ふゆううでぐみ寝 (0491_default_01),biblo-v347,図鑑・ボックス・寝顔、または確認待ちギャラリーから参照,,False
assets/sleep/biblo-v347/0811.webp,使用中,26452,bdf4ed4eda19a8925b13a0806ddc5674e0c912f2c4e9e5a1ccc9e3b90083181e,0491_default,491(3).png,0491_default ダークライ:★2 ふゆうかまえ寝 (0491_default_02),biblo-v347,図鑑・ボックス・寝顔、または確認待ちギャラリーから参照,,False
assets/sleep/biblo-v347/0812.webp,使用中,28398,7b2a13da95fcf3d4bce89fd06fd06c76c8efa7df027d39848febb832f7ee94ac,0491_default,491(4).png,0491_default ダークライ:★3 ダークホール寝 (0491_default_03),biblo-v347,図鑑・ボックス・寝顔、または確認待ちギャラリーから参照,,False
assets/sleep/biblo-v347/0813.webp,使用中,21546,1779ca3b97890f288f1808abe93cf2ec3257179f2553698de5114fe513d77eca,0517_default,517(3).png,0517_default ムンナ:★1 ゆめのけむり寝 (0517_01),biblo-v347,図鑑・ボックス・寝顔、または確認待ちギャラリーから参照,,False
assets/sleep/biblo-v347/0814.webp,使用中,17144,37748bc5959f6662ccacf7c7153736a2e94ed2ddefb1f7d66270716b2b3d9b66,0517_default,517(4).png,0517_default ムンナ:★2 ふゆうころころ寝 (0517_02),biblo-v347,図鑑・ボックス・寝顔、または確認待ちギャラリーから参照,,False
assets/sleep/biblo-v347/0815.webp,使用中,21490,59a2a777c5a13135bba106ba0d4bf578d943a1ec5587a3e7c621da25d5d46828,0517_default,517(5).png,0517_default ムンナ:★3 ゆめくい寝 (0517_03),biblo-v347,図鑑・ボックス・寝顔、または確認待ちギャラリーから参照,,False
assets/sleep/biblo-v347/0816.webp,使用中,19292,dbb3647e74a495e0bb08867231b6c11108e91aa01e6e042d94d170877025ce46,0518_default,518(3).png,0518_default ムシャーナ:★1 ふゆうすりすり寝 (0518_01),biblo-v347,図鑑・ボックス・寝顔、または確認待ちギャラリーから参照,,False
assets/sleep/biblo-v347/0817.webp,使用中,18340,d4407f27328e7da41b5a62b79a03f58f2f4ebbc19a02016986ce788ca3ee15fd,0518_default,518(4).png,0518_default ムシャーナ:★2 かおごしごし寝 (0518_02),biblo-v347,図鑑・ボックス・寝顔、または確認待ちギャラリーから参照,,False
assets/sleep/biblo-v347/0818.webp,使用中,23250,bba8dae905a6bd30c5b1070f8ade4552ed734a728a3c8435b08d2ec843e78c68,0518_default,518(5).png,0518_default ムシャーナ:★3 ゆめのけむり寝 (0518_03),biblo-v347,図鑑・ボックス・寝顔、または確認待ちギャラリーから参照,,False
assets/sleep/biblo-v347/0819.webp,使用中,26124,317a92843462d4a3eee87d8c50f0ff0fb6f143ad83c24674a9183368224bfcf3,0557_default,557(3).png,0557_default イシズマイ:★1 からにこもる寝 (0557_01),biblo-v347,図鑑・ボックス・寝顔、または確認待ちギャラリーから参照,,False
assets/sleep/biblo-v347/0820.webp,使用中,32064,1435bbc6e98ddfe411ddbe38980e68d7e7bfef447a755436e49d05faca5d5ca9,0557_default,557(4).png,0557_default イシズマイ:★2 こもらない寝 (0557_02),biblo-v347,図鑑・ボックス・寝顔、または確認待ちギャラリーから参照,,False
assets/sleep/biblo-v347/0821.webp,使用中,38672,9a3de92567750fb2cac7fd727a1a92ce29b5aabf358a72e82d6b3eb1dabca0d5,0557_default,557(5).png,0557_default イシズマイ:★3 からだいじ寝 (0557_03),biblo-v347,図鑑・ボックス・寝顔、または確認待ちギャラリーから参照,,False
assets/sleep/biblo-v347/0822.webp,使用中,31862,b9a2b8be5f82e5028cb16420499df9fc84d87bf12374af1433e0de6f398562b5,0557_default,557(6).png,0557_default イシズマイ:★4 おなかのうえ寝 (0557_04),biblo-v347,図鑑・ボックス・寝顔、または確認待ちギャラリーから参照,,False
assets/sleep/biblo-v347/0823.webp,使用中,32064,3238ed21af202a16134e005148c567b107ed56e439eee7e665d34ff2bffce8e5,0558_default,558(3).png,0558_default イワパレス:★1 からにこもる寝 (0558_01),biblo-v347,図鑑・ボックス・寝顔、または確認待ちギャラリーから参照,,False
assets/sleep/biblo-v347/0824.webp,使用中,37470,27c8160124d9d7cd801cc9d70430538aeb964f9bc7ede0e64e92f8d359b09c7d,0558_default,558(4).png,0558_default イワパレス:★2 こもらない寝 (0558_02),biblo-v347,図鑑・ボックス・寝顔、または確認待ちギャラリーから参照,,False
assets/sleep/biblo-v347/0825.webp,使用中,48954,87b154fa8935428f1515c8845f57b267d9bfc14daaa3bcc8316dd307a35b53a3,0558_default,558(5).png,0558_default イワパレス:★3 からのうえ寝 (0558_03),biblo-v347,図鑑・ボックス・寝顔、または確認待ちギャラリーから参照,,False
assets/sleep/biblo-v347/0826.webp,使用中,41184,d99a9452ea0e13194ca1799deb8f23f67cc1b89bc8a369b04601cc55c0bde5ab,0558_default,558(6).png,0558_default イワパレス:★4 おなかのうえ寝 (0558_04),biblo-v347,図鑑・ボックス・寝顔、または確認待ちギャラリーから参照,,False
assets/sleep/biblo-v347/0827.webp,使用中,35470,22cca792a46fcc73671457e9e07fb53295d31cc67b362b844e9f258fad979bd9,0627_default,627(3).png,0627_default ワシボン:★1 はねやすめ寝 (0627_01),biblo-v347,図鑑・ボックス・寝顔、または確認待ちギャラリーから参照,,False
assets/sleep/biblo-v347/0828.webp,使用中,26382,cfa3bb84e835870b2c1f718e60337df461e8a62f46c3daceefeee7e57d5162d1,0627_default,627(4).png,0627_default ワシボン:★2 はばたき寝 (0627_02),biblo-v347,図鑑・ボックス・寝顔、または確認待ちギャラリーから参照,,False
assets/sleep/biblo-v347/0829.webp,使用中,42676,6b565858b1cc5e8a95de019b0d415e5366eae9db283541d2914ddf4cf2ee99be,0627_default,627(5).png,0627_default ワシボン:★3 ぐずり寝 (0627_03),biblo-v347,図鑑・ボックス・寝顔、または確認待ちギャラリーから参照,,False
assets/sleep/biblo-v347/0830.webp,使用中,40090,5d2ff946e69e633c07c6397a18b52e81f016ecb525e841275bb51431f9eb83a8,0627_default,627(6).png,0627_default ワシボン:★4 おなかのうえ寝 (0627_04),biblo-v347,図鑑・ボックス・寝顔、または確認待ちギャラリーから参照,,False
assets/sleep/biblo-v347/0831.webp,使用中,34926,a2b7f8805a9f3a90b8896c128cdcf11bb33ef3e3c9013ed227f47165256d0020,0628_default,628(3).png,0628_default ウォーグル:★1 はねやすめ寝 (0628_01),biblo-v347,図鑑・ボックス・寝顔、または確認待ちギャラリーから参照,,False
assets/sleep/biblo-v347/0832.webp,使用中,33162,282bd97556f0e18653a50ca2e0c8d5f895ef17978b7fbe177bd9ba3b40e7bd38,0628_default,628(4).png,0628_default ウォーグル:★2 はばたき寝 (0628_02),biblo-v347,図鑑・ボックス・寝顔、または確認待ちギャラリーから参照,,False
assets/sleep/biblo-v347/0833.webp,使用中,51992,dd4d937100f4f89c7a24086ca3014a11f4a78b47c999fd764ca786a2f6e27f28,0628_default,628(6).png,0628_default ウォーグル:★3 はづくろい寝 (0628_03),biblo-v347,図鑑・ボックス・寝顔、または確認待ちギャラリーから参照,,False
assets/sleep/biblo-v347/0834.webp,使用中,45326,0a404130a684b374edb4d593b5baec36fdaa98abbf67ce8229619d873bd34fe4,0628_default,628(5).png,0628_default ウォーグル:★4 おなかのうえ寝 (0628_04),biblo-v347,図鑑・ボックス・寝顔、または確認待ちギャラリーから参照,,False
assets/sleep/biblo-v347/0835.webp,使用中,43594,f9afcd58d36bf3e039f373a0a34d903d982e071a5776fce3983a1fc96361b052,0696_default,696(3).png,0696_default チゴラス:★1 すわり寝 (0696_01),biblo-v347,図鑑・ボックス・寝顔、または確認待ちギャラリーから参照,,False
assets/sleep/biblo-v347/0836.webp,使用中,36136,7751381479ca690a2bc986286b83271381638b982811ce283d89a7280748a7c8,0696_default,696(4).png,0696_default チゴラス:★3 かみつく寝 (0696_03),biblo-v347,図鑑・ボックス・寝顔、または確認待ちギャラリーから参照,,False
assets/sleep/biblo-v347/0837.webp,使用中,42848,657cf128698ecc9fcebc05dff5376b465cd7e645446de91037da1da9db654f96,0696_default,696(5).png,0696_default チゴラス:★2 おおあくび寝 (0696_02),biblo-v347,図鑑・ボックス・寝顔、または確認待ちギャラリーから参照,,False
assets/sleep/biblo-v347/0838.webp,使用中,46894,8e4b21ce6be2bfd6e6e42137e60effd5fa1f6fcdfe6d0ce710fc1c91a96d7d5a,0697_default,697(3).png,0697_default ガチゴラス:★1 どっしり寝 (0697_01),biblo-v347,図鑑・ボックス・寝顔、または確認待ちギャラリーから参照,,False
assets/sleep/biblo-v347/0839.webp,使用中,33894,903daefeb3b22ca57af8bb2ab16db40820a0d31401fead0e2624fe69d3977b19,0696_default,tyrunt.png,0696_default チゴラス:★4 おなかのうえ寝 (0696_04),biblo-v347,図鑑・ボックス・寝顔、または確認待ちギャラリーから参照,,False
assets/sleep/biblo-v347/0840.webp,使用中,43436,2a3d5aef24baa26b0f8458e8cdf5c29a52876aa4eb902a0935bd2ca066b04f8a,0697_default,pokemon_697_drowse.png,0697_default ガチゴラス:★2 おおあくび寝 (0697_02),biblo-v347,図鑑・ボックス・寝顔、または確認待ちギャラリーから参照,,False
assets/sleep/biblo-v347/0841.webp,使用中,41730,62dd01b27e82b5514ab9aa3b12b165653f333b2319d3c9636ce0c70f875cbc31,0697_default,697(4).png,0697_default ガチゴラス:★3 ほうこう寝 (0697_03),biblo-v347,図鑑・ボックス・寝顔、または確認待ちギャラリーから参照,,False
assets/sleep/biblo-v347/0842.webp,使用中,39582,4a7c94ca0e8013b73fcaad53a88bcbc4c95348a602435cd0e0377e46d4129a9b,0700_default,700(3).png,0700_default ニンフィア:★1 まるまり寝 (0700_01),biblo-v347,図鑑・ボックス・寝顔、または確認待ちギャラリーから参照,,False
assets/sleep/biblo-v347/0843.webp,使用中,34750,ffcbb1fdfbc19b7ef096957cf06ce8ad683cf9d0d6f55689212b705c2d878e2a,0700_default,700(4).png,0700_default ニンフィア:★2 ふんばり寝 (0700_02),biblo-v347,図鑑・ボックス・寝顔、または確認待ちギャラリーから参照,,False
assets/sleep/biblo-v347/0844.webp,使用中,38262,ee74f159ec64cab374babee9e5f23d8d860911b6a3b6938904942a872beeb946,0700_default,700(5).png,0700_default ニンフィア:★3 リボンからまり寝 (0700_03),biblo-v347,図鑑・ボックス・寝顔、または確認待ちギャラリーから参照,,False
assets/sleep/biblo-v347/0845.webp,使用中,46104,44a8195622d0f05f1978f3bf77186c00b98086557bd96c5ebe2298867459fc24,0700_default,700(6).png,0700_default ニンフィア:★4 おなかのうえ寝 (0700_04),biblo-v347,図鑑・ボックス・寝顔、または確認待ちギャラリーから参照,,False
assets/sleep/biblo-v347/0846.webp,使用中,35890,e068b323dffbb9a857ade256571c5752bdde68351c33ac7597c2cd146c1f0f49,0701_default,701(3).png,0701_default ルチャブル:★1 くるまり寝 (0701_01),biblo-v347,図鑑・ボックス・寝顔、または確認待ちギャラリーから参照,,False
assets/sleep/biblo-v347/0847.webp,使用中,30256,65ac1164d84a323ac737ad6b3bb62d967a6d068b445a1c625455071207620dc8,0701_default,701(4).png,0701_default ルチャブル:★2 こぶしうちつけ寝 (0701_02),biblo-v347,図鑑・ボックス・寝顔、または確認待ちギャラリーから参照,,False
assets/sleep/biblo-v347/0848.webp,使用中,57744,c0f0b8d20a7ec75161c6ef4c37a80df1078336b312dabf56edc3fd15b7597703,0701_default,701(5).png,0701_default ルチャブル:★3 きめポーズ寝 (0701_03),biblo-v347,図鑑・ボックス・寝顔、または確認待ちギャラリーから参照,,False
assets/sleep/biblo-v347/0849.webp,使用中,41812,e1c79603a27c5830affc8ff8e6bd51f18ad555b0b4fb805818edf44270f93d57,0701_default,701(6).png,0701_default ルチャブル:★4 おなかのうえ寝 (0701_04),biblo-v347,図鑑・ボックス・寝顔、または確認待ちギャラリーから参照,,False
assets/sleep/biblo-v347/0850.webp,使用中,36616,ab8b48ca22fa07fce5a93eb55a1c49b874375475ba24a4aa79ae29f71358fbc9,0702_default,702(3).png,0702_default デデンネ:★1 しっぽまるまり寝 (0702_01),biblo-v347,図鑑・ボックス・寝顔、または確認待ちギャラリーから参照,,False
assets/sleep/biblo-v347/0851.webp,使用中,40102,81c69e7924790afd5e86dd712a0c73a844fe0eb2a9d04b99b95906b5dd0dc58d,0702_default,702(4).png,0702_default デデンネ:★2 かおごしごし寝 (0702_02),biblo-v347,図鑑・ボックス・寝顔、または確認待ちギャラリーから参照,,False
assets/sleep/biblo-v347/0852.webp,使用中,50522,d369f2e510f3501eb6282a65950300f2b63f7876700cf5554677933d856a29aa,0702_default,702(5).png,0702_default デデンネ:★3 ほっぺすりすり寝 (0702_03),biblo-v347,図鑑・ボックス・寝顔、または確認待ちギャラリーから参照,,False
assets/sleep/biblo-v347/0853.webp,使用中,36978,d198be0df4d6d9bd087a20003ff8519ae68cd0935df2bf27603fff2423fbf4bd,0702_default,702(6).png,0702_default デデンネ:★4 おなかのうえ寝 (0702_04),biblo-v347,図鑑・ボックス・寝顔、または確認待ちギャラリーから参照,,False
assets/sleep/biblo-v347/0854.webp,使用中,28528,dd69af8f404253246a1dd7cd0520d2e10c159409ba10d6a21c0bbc0851365448,0736_default,736(3).png,0736_default アゴジムシ:★1 ストレッチ寝 (0736_01),biblo-v347,図鑑・ボックス・寝顔、または確認待ちギャラリーから参照,,False
assets/sleep/biblo-v347/0855.webp,使用中,32190,2f5ca540edaeac3717fbb43f013105fc80041779a61b53b3a270ebf06dceb88f,0736_default,736(4).png,0736_default アゴジムシ:★2 ゆらゆら寝 (0736_02),biblo-v347,図鑑・ボックス・寝顔、または確認待ちギャラリーから参照,,False
assets/sleep/biblo-v347/0856.webp,使用中,50538,106522671dad84412363e0a42244e80477104f8961aa87fd1ea663bc4fcf81d9,0736_default,736(5).png,0736_default アゴジムシ:★3 ほりすすみ寝 (0736_03),biblo-v347,図鑑・ボックス・寝顔、または確認待ちギャラリーから参照,,False
assets/sleep/biblo-v347/0857.webp,使用中,30920,b022e8e9bb6f3992d52771ab2ddb6550ad8ca6f8c79358f9cbfb32e43d4ea33c,0736_default,736(6).png,0736_default アゴジムシ:★4 おなかのうえ寝 (0736_04),biblo-v347,図鑑・ボックス・寝顔、または確認待ちギャラリーから参照,,False
assets/sleep/biblo-v347/0858.webp,使用中,32292,510303103b28fe26f2b60a2fc990742706dd7a7aa4379895abc42a6d00bf25ad,0737_default,737(3).png,0737_default デンヂムシ:★1 ストレッチ寝 (0737_01),biblo-v347,図鑑・ボックス・寝顔、または確認待ちギャラリーから参照,,False
assets/sleep/biblo-v347/0859.webp,使用中,33130,f278a6719ca94e5482638b5670cafeca2f1899452e5cf547617d1e4d000fe3ba,0737_default,737(4).png,0737_default デンヂムシ:★2 そりかえり寝 (0737_02),biblo-v347,図鑑・ボックス・寝顔、または確認待ちギャラリーから参照,,False
assets/sleep/biblo-v347/0860.webp,使用中,58592,0bd6f606460c428c051c5ed4fe0e103cb96aac095195773669c671574b3285ff,0737_default,737(5).png,0737_default デンヂムシ:★3 うまり寝 (0737_03),biblo-v347,図鑑・ボックス・寝顔、または確認待ちギャラリーから参照,,False
assets/sleep/biblo-v347/0861.webp,使用中,37242,20041fe1a950f8921c9e5553950e32ae722ac2da9ee7662f2202f607b2a4113f,0737_default,737(6).png,0737_default デンヂムシ:★4 おなかのうえ寝 (0737_04),biblo-v347,図鑑・ボックス・寝顔、または確認待ちギャラリーから参照,,False
assets/sleep/biblo-v347/0862.webp,使用中,35716,255e457e6ca01018a2e36fbf63f51bf63fd3719523ca8ce22e155274726ef8f5,0738_default,738(3).png,0738_default クワガノン:★1 かたむき寝 (0738_01),biblo-v347,図鑑・ボックス・寝顔、または確認待ちギャラリーから参照,,False
assets/sleep/biblo-v347/0863.webp,使用中,35148,01d7fd8a6c4f57ddbe1c4820d4784af9d31a57890bfc09205d3b313df3473cfa,0738_default,738(4).png,0738_default クワガノン:★2 ホバリング寝 (0738_02),biblo-v347,図鑑・ボックス・寝顔、または確認待ちギャラリーから参照,,False
assets/sleep/biblo-v347/0864.webp,使用中,49820,9061e9eb1275dd80309dc727f66b9689a5f82cf13912d60adbbb60bd4c37b31c,0738_default,738(5).png,0738_default クワガノン:★3 おなかはつでん寝 (0738_03),biblo-v347,図鑑・ボックス・寝顔、または確認待ちギャラリーから参照,,False
assets/sleep/biblo-v347/0865.webp,使用中,43900,2e9407bff2379a61676307e171ee4b38a6e4eb02848937d8628ab62728e0ac2f,0738_default,738(6).png,0738_default クワガノン:★4 おなかのうえ寝 (0738_04),biblo-v347,図鑑・ボックス・寝顔、または確認待ちギャラリーから参照,,False
assets/sleep/biblo-v347/0866.webp,使用中,29444,940e6be691be37abbad2280a74c29872219f304120ed5e6e846d422923ae9965,0742_default,742(3).png,0742_default アブリー:★1 ぱたぱた寝 (0742_01),biblo-v347,図鑑・ボックス・寝顔、または確認待ちギャラリーから参照,,False
assets/sleep/biblo-v347/0867.webp,使用中,17054,e5afd8ca7c760f1522b991525a75652760510c04d6726a25f1acf7ab5c7480c5,0742_default,742(4).png,0742_default アブリー:★2 はなさがし寝 (0742_02),biblo-v347,図鑑・ボックス・寝顔、または確認待ちギャラリーから参照,,False
assets/sleep/biblo-v347/0868.webp,使用中,30620,dae218dca7cf31bd40c22f243297eeb3c033a97a6798c4ac7b625f4a43135399,0742_default,742(5).png,0742_default アブリー:★3 みつあつめ寝 (0742_03),biblo-v347,図鑑・ボックス・寝顔、または確認待ちギャラリーから参照,,False
assets/sleep/biblo-v347/0869.webp,使用中,26136,987e20ffef5e0d58e12dda4f50bac0f4f59dab3e2f43dfae88b55a3e7cb14b8f,0742_default,742(6).png,0742_default アブリー:★4 おなかのうえ寝 (0742_04),biblo-v347,図鑑・ボックス・寝顔、または確認待ちギャラリーから参照,,False
assets/sleep/biblo-v347/0870.webp,使用中,31548,8f0ccd84cafda7b788e4d3c6566475175695eeff08a003c7e974c44896a90f80,0743_default,743(3).png,0743_default アブリボン:★1 ぱたぱた寝 (0743_01),biblo-v347,図鑑・ボックス・寝顔、または確認待ちギャラリーから参照,,False
assets/sleep/biblo-v347/0871.webp,使用中,25914,fa20621455c708d221981e9f0ce8d4a4c0c574e2a93cee6ff6b2e4b58f49142f,0743_default,743(4).png,0743_default アブリボン:★2 ゆらゆら寝 (0743_02),biblo-v347,図鑑・ボックス・寝顔、または確認待ちギャラリーから参照,,False
assets/sleep/biblo-v347/0872.webp,使用中,29658,04e82b30590c4a0d694cec87cecb5ff85208b7ef5d524e93732933ccebaa1323,0743_default,743(5).png,0743_default アブリボン:★3 かふんだんご寝 (0743_03),biblo-v347,図鑑・ボックス・寝顔、または確認待ちギャラリーから参照,,False
assets/sleep/biblo-v347/0873.webp,使用中,37206,9399eb9476e9f1a4ddc84c658ce03d44a1a74799f90e3a779ed2faa8460923a9,0743_default,743(6).png,0743_default アブリボン:★4 おなかのうえ寝 (0743_04),biblo-v347,図鑑・ボックス・寝顔、または確認待ちギャラリーから参照,,False
assets/sleep/biblo-v347/0874.webp,使用中,36438,2943c6b1b394ea4c4b5b9f08367bec77397b71ea37fd9735efdfeda0e3fee1db,0759_default,759(3).png,0759_default ヌイコグマ:★1 じたばた寝 (0759_01),biblo-v347,図鑑・ボックス・寝顔、または確認待ちギャラリーから参照,,False
assets/sleep/biblo-v347/0875.webp,使用中,36264,142fe9b7c03b76538d56be386289ab5976aeafb291c0610fd57a83388d5680d1,0759_default,759(4).png,0759_default ヌイコグマ:★2 ふんばり寝 (0759_02),biblo-v347,図鑑・ボックス・寝顔、または確認待ちギャラリーから参照,,False
assets/sleep/biblo-v347/0876.webp,使用中,48068,8055015200e6c33ee29d8f99b9fbeb6c871b734fc41cbe2b14c2e5cae02aa4bd,0759_default,759(5).png,0759_default ヌイコグマ:★3 まるただき寝 (0759_03),biblo-v347,図鑑・ボックス・寝顔、または確認待ちギャラリーから参照,,False
assets/sleep/biblo-v347/0877.webp,使用中,42116,45a96acebbb826dedb1cf28703c94f91e9a33d320d6c77530452b28d04909a43,0759_default,759(6).png,0759_default ヌイコグマ:★4 おなかのうえ寝 (0759_04),biblo-v347,図鑑・ボックス・寝顔、または確認待ちギャラリーから参照,,False
assets/sleep/biblo-v347/0878.webp,使用中,25688,9466aae51fbe52427dadee5470999eea65811aeef1421ba7236db0001b6d7a7f,0760_default,760(3).png,0760_default キテルグマ:★1 すわり寝 (0760_01),biblo-v347,図鑑・ボックス・寝顔、または確認待ちギャラリーから参照,,False
assets/sleep/biblo-v347/0879.webp,使用中,22498,c542a3989ed02206ba650b3353258d6464793ff1f3be627d7da886e9f5c0a04c,0760_default,760(4).png,0760_default キテルグマ:★2 ぼうだち寝 (0760_02),biblo-v347,図鑑・ボックス・寝顔、または確認待ちギャラリーから参照,,False
assets/sleep/biblo-v347/0880.webp,使用中,45894,5a11c3ca47977086452199b18380eceb8315737db48dae378ad4bd35519b6ab5,0760_default,760(5).png,0760_default キテルグマ:★3 まるただき寝 (0760_03),biblo-v347,図鑑・ボックス・寝顔、または確認待ちギャラリーから参照,,False
assets/sleep/biblo-v347/0881.webp,使用中,36276,0baa33454debe7ed1bf19a3ab8f9ec35042addaccd2d70e6f748ea5baad7176f,0760_default,760(6).png,0760_default キテルグマ:★4 おなかのうえ寝 (0760_04),biblo-v347,図鑑・ボックス・寝顔、または確認待ちギャラリーから参照,,False
assets/sleep/biblo-v347/0882.webp,使用中,32744,ab6e74d34973246360fb931773d8082da521e5b3ff047216e2f88193ab2073f9,0764_default,764(3).png,0764_default キュワワー:★1 はなすりすり寝 (0764_01),biblo-v347,図鑑・ボックス・寝顔、または確認待ちギャラリーから参照,,False
assets/sleep/biblo-v347/0883.webp,使用中,28832,71ec9b243072010baa5a50c643f70d353c385f4d5f32973b1c1c7201ee4aa60d,0764_default,764(4).png,0764_default キュワワー:★2 こっくりふゆう寝 (0764_02),biblo-v347,図鑑・ボックス・寝顔、または確認待ちギャラリーから参照,,False
assets/sleep/biblo-v347/0884.webp,使用中,60608,ea8473ef7f318ca9af2171bce70d95b14a8dd4956c990f184888938f6bf4fd7b,0764_default,764(5).png,0764_default キュワワー:★3 はなウェーブ寝 (0764_03),biblo-v347,図鑑・ボックス・寝顔、または確認待ちギャラリーから参照,,False
assets/sleep/biblo-v347/0885.webp,使用中,35114,2c0911b6276f62bf16cdaae87487ac72a78b036c16779c660de2d982ba810fc3,0764_default,764(6).png,0764_default キュワワー:★4 おなかのうえ寝 (0764_04),biblo-v347,図鑑・ボックス・寝顔、または確認待ちギャラリーから参照,,False
assets/sleep/biblo-v347/0886.webp,使用中,36282,5c40591668a21fca72a0f43f35bf965c34cd9caabfb5eec44900e4248fb64a7f,0777_default,777(2).png,0777_default トゲデマル:★1 ころころ寝 (0777_default_01),biblo-v347,図鑑・ボックス・寝顔、または確認待ちギャラリーから参照,,False
assets/sleep/biblo-v347/0887.webp,使用中,25208,f535260455f96dd7167ffab6c75d9399a322d0d2b12c7bd45c01a2bdee9cab6f,0777_default,777(3).png,0777_default トゲデマル:★2 しっぽゆらゆら寝 (0777_default_02),biblo-v347,図鑑・ボックス・寝顔、または確認待ちギャラリーから参照,,False
assets/sleep/biblo-v347/0888.webp,使用中,44032,cba6647f3fb39096b39adb6e8fb73f04e0e91bb67bfb400f1f3202ebee781a66,0777_default,777(4).png,0777_default トゲデマル:★3 とげさかだち寝 (0777_default_03),biblo-v347,図鑑・ボックス・寝顔、または確認待ちギャラリーから参照,,False
assets/sleep/biblo-v347/0889.webp,使用中,32406,84b2b1193f20cdfa077c573d6d111fed95ae0659e43f83ddc501562e83a73c76,0777_default,777(5).png,0777_default トゲデマル:★4 おなかのうえ寝 (0777_default_04),biblo-v347,図鑑・ボックス・寝顔、または確認待ちギャラリーから参照,,False
assets/sleep/biblo-v347/0890.webp,使用中,40828,3eceb06231bc734e32b6ebd9c84757d2251b1ec46d1cf1693f2201808c3cc27b,0845_default,845(3).png,0845_default ウッウ:★1 はづくろい寝 (0845_01),biblo-v347,図鑑・ボックス・寝顔、または確認待ちギャラリーから参照,,False
assets/sleep/biblo-v347/0891.webp,使用中,29826,c9dcf492d695bcfe03c3c8e4cf517754a154ed3fcd97efce63ce4e3aeab2e5fa,0845_default,845(4).png,0845_default ウッウ:★2 ぱくぱく寝 (0845_02),biblo-v347,図鑑・ボックス・寝顔、または確認待ちギャラリーから参照,,False
assets/sleep/biblo-v347/0892.webp,使用中,50076,852001a3b47af6483b9295f434ee0757ee5bf72e7e2e5f4ccaf7bb1f3ee531ef,0845_default,845(5).png,0845_default ウッウ:★3 まるのみ寝 (0845_03),biblo-v347,図鑑・ボックス・寝顔、または確認待ちギャラリーから参照,,False
assets/sleep/biblo-v347/0893.webp,使用中,39552,49f0edc5a30d865f9c08877cd579b4689b08206051c5f126ae092e6f8ce770ef,0845_default,845(6).png,0845_default ウッウ:★4 おなかのうえ寝 (0845_04),biblo-v347,図鑑・ボックス・寝顔、または確認待ちギャラリーから参照,,False
assets/sleep/biblo-v347/0894.webp,使用中,27898,8a5d95e823eb97523b1ce9a5477540071dcc2e80ef2863a93588aeb7dde62614,0912_default,912(3).png,0912_default クワッス:★1 すわり寝 (0912_01),biblo-v347,図鑑・ボックス・寝顔、または確認待ちギャラリーから参照,,False
assets/sleep/biblo-v347/0895.webp,使用中,28628,5707e7adbf37194e34b866758cf92364a50981b2ca9f864c1d812dddb9a88c11,0912_default,912(4).png,0912_default クワッス:★2 かみととのえ寝 (0912_02),biblo-v347,図鑑・ボックス・寝顔、または確認待ちギャラリーから参照,,False
assets/sleep/biblo-v347/0896.webp,使用中,40198,6cee4f5da54065b1c7a577ab7e1efb1f79c2ebbb40b7190ed86b5a5a5aa60f0f,0912_default,912(5).png,0912_default クワッス:★3 ぼさぼさ寝 (0912_03),biblo-v347,図鑑・ボックス・寝顔、または確認待ちギャラリーから参照,,False
assets/sleep/biblo-v347/0897.webp,使用中,36180,7a6cc102c5f3d299568766cd8a9f94f09d0afe8245e3697657b01c5b4fef990d,0912_default,912(6).png,0912_default クワッス:★4 おなかのうえ寝 (0912_04),biblo-v347,図鑑・ボックス・寝顔、または確認待ちギャラリーから参照,,False
assets/sleep/biblo-v347/0898.webp,使用中,33700,ac5756b605850d56176b512f4a0abc22640df0fe5e1f1758bcad2030c2c2efd5,0913_default,913(3).png,0913_default ウェルカモ:★1 かたひざたて寝 (0913_01),biblo-v347,図鑑・ボックス・寝顔、または確認待ちギャラリーから参照,,False
assets/sleep/biblo-v347/0899.webp,使用中,29622,bbf34413f869fed4f55e826238c45fde78cdda5842f2c9b8bb581a16d6603f52,0913_default,913(4).png,0913_default ウェルカモ:★2 かみととのえ寝 (0913_02),biblo-v347,図鑑・ボックス・寝顔、または確認待ちギャラリーから参照,,False
assets/sleep/biblo-v347/0900.webp,使用中,49600,553861c930e382fe00cda4f39dccb9c0e79c49fa67725cfd17e8f0b8b66fe472,0913_default,913(5).png,0913_default ウェルカモ:★3 みだれがみ寝 (0913_03),biblo-v347,図鑑・ボックス・寝顔、または確認待ちギャラリーから参照,,False
assets/sleep/biblo-v347/0901.webp,使用中,33818,a769ca91f8b40f0ab895ab73bd65d85ba37b1343aff4174da748660a36d07cd7,0913_default,913(6).png,0913_default ウェルカモ:★4 おなかのうえ寝 (0913_04),biblo-v347,図鑑・ボックス・寝顔、または確認待ちギャラリーから参照,,False
assets/sleep/biblo-v347/0902.webp,使用中,41484,bccf30affffc1b2b3226f6d74e89dd73c5c49d8e27c3a89b11fa82fa9362b4c5,0914_default,914(3).png,0914_default ウェーニバル:★1 かたひざたて寝 (0914_01),biblo-v347,図鑑・ボックス・寝顔、または確認待ちギャラリーから参照,,False
assets/sleep/biblo-v347/0903.webp,使用中,34852,aed07931e629c1f3bf1eea1f18ccb0cd8f53b113d3fea1552a7844b8bba95903,0914_default,914(4).png,0914_default ウェーニバル:★2 きめポーズ寝 (0914_02),biblo-v347,図鑑・ボックス・寝顔、または確認待ちギャラリーから参照,,False
assets/sleep/biblo-v347/0904.webp,使用中,69046,a2c025664399d8b982c46d2fc8e3bc4b5dc555399a002aed69160c1e62f4a5bb,0914_default,914(5).png,0914_default ウェーニバル:★3 ゆめでダンス寝 (0914_03),biblo-v347,図鑑・ボックス・寝顔、または確認待ちギャラリーから参照,,False
assets/sleep/biblo-v347/0905.webp,使用中,50548,b85b7a3c180685581a82731a502e0b33b8f717b979baef5ef0bc669d41c5c456,0914_default,914(6).png,0914_default ウェーニバル:★4 おなかのうえ寝 (0914_04),biblo-v347,図鑑・ボックス・寝顔、または確認待ちギャラリーから参照,,False
assets/sleep/biblo-v347/0906.webp,使用中,34174,2ee613cfc186b674b86039671651bcb74346c51e0daad4cfe0a68fa23601852b,0921_default,921(3).png,0921_default パモ:★1 にくきゅうこすり寝 (0921_01),biblo-v347,図鑑・ボックス・寝顔、または確認待ちギャラリーから参照,,False
assets/sleep/biblo-v347/0907.webp,使用中,40796,a2def9a13b23cbe9256ce769842059e7d90c80e78ce02a202ec767de09eb932f,0921_default,921(4).png,0921_default パモ:★2 ふんばり寝 (0921_02),biblo-v347,図鑑・ボックス・寝顔、または確認待ちギャラリーから参照,,False
assets/sleep/biblo-v347/0908.webp,使用中,37030,6abab22f1976a265adc79236062884303fb8251db53cac325cb3c193b66f782c,0921_default,921(5).png,0921_default パモ:★3 ほっぺすりすり寝 (0921_03),biblo-v347,図鑑・ボックス・寝顔、または確認待ちギャラリーから参照,,False
assets/sleep/biblo-v347/0909.webp,使用中,32734,0fd2f41ef68dbbfb799dbc33fe6fcdac04684513d2d3e60f6caa6646efea2fcb,0921_default,921(6).png,0921_default パモ:★4 おなかのうえ寝 (0921_04),biblo-v347,図鑑・ボックス・寝顔、または確認待ちギャラリーから参照,,False
assets/sleep/biblo-v347/0910.webp,使用中,33592,859098146debd51f39f6fd2615bd61f2927dcfcee76beb28008e769f5394d3a2,0922_default,922(3).png,0922_default パモット:★1 まるまり寝 (0922_01),biblo-v347,図鑑・ボックス・寝顔、または確認待ちギャラリーから参照,,False
assets/sleep/biblo-v347/0911.webp,使用中,33074,54d57d661d29f7f1b2ff84b7ff19df9c76b9bbc211ccd16ef2a4205c054b4c6c,0922_default,922(4).png,0922_default パモット:★2 ゆめでかまえ寝 (0922_02),biblo-v347,図鑑・ボックス・寝顔、または確認待ちギャラリーから参照,,False
assets/sleep/biblo-v347/0912.webp,使用中,35944,e648714b8afb21b65373a77ba0162479e2d468600ff4570929c31429e9009151,0922_default,922(5).png,0922_default パモット:★3 ほうでん寝 (0922_03),biblo-v347,図鑑・ボックス・寝顔、または確認待ちギャラリーから参照,,False
assets/sleep/biblo-v347/0913.webp,使用中,32984,a7e79cc6d34d4f59a60909e0994038dac75c5d3525d8c6ce9a62417448e154d5,0922_default,922(6).png,0922_default パモット:★4 おなかのうえ寝 (0922_04),biblo-v347,図鑑・ボックス・寝顔、または確認待ちギャラリーから参照,,False
assets/sleep/biblo-v347/0914.webp,使用中,33182,4c53545542bd1d16e954aa951233654725b0840769481d2f069a85231c80421c,0923_default,923(3).png,0923_default パーモット:★1 まるまり寝 (0923_01),biblo-v347,図鑑・ボックス・寝顔、または確認待ちギャラリーから参照,,False
assets/sleep/biblo-v347/0915.webp,使用中,33790,44831c46d93788739d9cd6ad617e12cde69e929f8a41ebdb2313500e72fb1028,0923_default,923(4).png,0923_default パーモット:★2 ゆめでてあて寝 (0923_02),biblo-v347,図鑑・ボックス・寝顔、または確認待ちギャラリーから参照,,False
assets/sleep/biblo-v347/0916.webp,使用中,39932,0b7d2dc7f8aa8cdba2b4d8a3e72b9cabd2f975b64c5cc744293e416da89a6f41,0923_default,923(5).png,0923_default パーモット:★3 ほうでん寝 (0923_03),biblo-v347,図鑑・ボックス・寝顔、または確認待ちギャラリーから参照,,False
assets/sleep/biblo-v347/0917.webp,使用中,32458,5de894bd87a5f9a69605220cbeee681735275c4c62100118d19a5879d878bc0e,0923_default,923(6).png,0923_default パーモット:★4 おなかのうえ寝 (0923_04),biblo-v347,図鑑・ボックス・寝顔、または確認待ちギャラリーから参照,,False
assets/sleep/biblo-v347/0918.webp,使用中,34830,715f0093d9aaeee5480342a19c0dd90b115736949dd8003560812b94c79ddb31,0957_default,957(3).png,0957_default カヌチャン:★1 ハンマーだき寝 (0957_01),biblo-v347,図鑑・ボックス・寝顔、または確認待ちギャラリーから参照,,False
assets/sleep/biblo-v347/0919.webp,使用中,32778,68c1e27f299f9c617866df8dc73a2f31ed4f37d8dbfd1677d5f7eed15f25bec2,0957_default,957(4).png,0957_default カヌチャン:★2 おおあくび寝 (0957_02),biblo-v347,図鑑・ボックス・寝顔、または確認待ちギャラリーから参照,,False
assets/sleep/biblo-v347/0920.webp,使用中,43074,b9f0111f2db0bc654ce9fcf52fd4d8e5f0aafe1aa69450ac937056bd8c8c9033,0957_default,957(5).png,0957_default カヌチャン:★3 ハンマーにぎにぎ寝 (0957_03),biblo-v347,図鑑・ボックス・寝顔、または確認待ちギャラリーから参照,,False
assets/sleep/biblo-v347/0921.webp,使用中,36646,cb6b6e69371e4ca8495a0f27e85db93ef823aded81811f231057ea0d07d553b0,0957_default,957(6).png,0957_default カヌチャン:★4 おなかのうえ寝 (0957_04),biblo-v347,図鑑・ボックス・寝顔、または確認待ちギャラリーから参照,,False
assets/sleep/biblo-v347/0922.webp,使用中,41374,4c89cf238cbded6596c835ec066e14439f9da3c19197400ec4e00c3fd17ee0e0,0958_default,958(3).png,0958_default ナカヌチャン:★1 ほおづえ寝 (0958_01),biblo-v347,図鑑・ボックス・寝顔、または確認待ちギャラリーから参照,,False
assets/sleep/biblo-v347/0923.webp,使用中,31266,1b37ce2631e5875cd9fb93da7c8f7b68b51fdebbe97f6ddc104752e8596d6bd8,0958_default,958(4).png,0958_default ナカヌチャン:★2 もちあがらない寝 (0958_02),biblo-v347,図鑑・ボックス・寝顔、または確認待ちギャラリーから参照,,False
assets/sleep/biblo-v347/0924.webp,使用中,45502,99a42e7226dfc9a9787db0f7b282b0b9455d11be9d507e98b8d45eae5ca73caa,0958_default,958(5).png,0958_default ナカヌチャン:★3 ハンマーまくら寝 (0958_03),biblo-v347,図鑑・ボックス・寝顔、または確認待ちギャラリーから参照,,False
assets/sleep/biblo-v347/0925.webp,使用中,29688,327bf23b518ceaf17f64a3fd5817d71cac2d223b8f8b74c81cecf44ecbebd4e3,0958_default,958(6).png,0958_default ナカヌチャン:★4 おなかのうえ寝 (0958_04),biblo-v347,図鑑・ボックス・寝顔、または確認待ちギャラリーから参照,,False
assets/sleep/biblo-v347/0926.webp,使用中,47728,f864ec39ec73f669c08970d38d62abda4f2c7a86f70d6a16f8b31fad6149cb88,0959_default,959(3).png,0959_default デカヌチャン:★1 ハンマーのうえ寝 (0959_01),biblo-v347,図鑑・ボックス・寝顔、または確認待ちギャラリーから参照,,False
assets/sleep/biblo-v347/0927.webp,使用中,36366,b2403d4e89f051c84a36dcee50680d4fa74f296371ec4c991a3a3e125dc97e13,0959_default,959(4).png,0959_default デカヌチャン:★2 ハンマーかつぎ寝 (0959_02),biblo-v347,図鑑・ボックス・寝顔、または確認待ちギャラリーから参照,,False
assets/sleep/biblo-v347/0928.webp,使用中,51540,5c4628518a1a3add0849ce5083c0153d43e4a19b3877b6850dd80e31725a1b7a,0959_default,959(5).png,0959_default デカヌチャン:★3 ハンマーだきつき寝 (0959_03),biblo-v347,図鑑・ボックス・寝顔、または確認待ちギャラリーから参照,,False
assets/sleep/biblo-v347/0929.webp,使用中,30036,64ec88ce3b0222f65542fb5e896daca5ed3ebaaaa6259454c7604648b31d5d42,0974_default,974(3).png,0974_default アルクジラ:★1 ばんざい寝 (0974_01),biblo-v347,図鑑・ボックス・寝顔、または確認待ちギャラリーから参照,,False
assets/sleep/biblo-v347/0930.webp,使用中,30198,10011c7bc13b32a73dbddebb0fd99885d26e8b36f89f1ad47b41f4e63ce18342,0974_default,974(4).png,0974_default アルクジラ:★2 よたよた寝 (0974_02),biblo-v347,図鑑・ボックス・寝顔、または確認待ちギャラリーから参照,,False
assets/sleep/biblo-v347/0931.webp,使用中,30762,16d128a2acdd30719490893138cccca3a86c5c7d37ceb36c6b3437daab833a20,0974_default,974(5).png,0974_default アルクジラ:★3 ぐずり寝 (0974_03),biblo-v347,図鑑・ボックス・寝顔、または確認待ちギャラリーから参照,,False
assets/sleep/biblo-v347/0932.webp,使用中,34126,88e90c9b66eca2fcd44d2b8755f3828c96d459524c79f9cc4259efa6da4b674e,0974_default,974(6).png,0974_default アルクジラ:★4 おなかのうえ寝 (0974_04),biblo-v347,図鑑・ボックス・寝顔、または確認待ちギャラリーから参照,,False
assets/sleep/biblo-v347/0933.webp,使用中,35192,ed571560f3678abb7e7ceafe458b5076a4458c8df90b1366e552a70772492496,0975_default,975(3).png,0975_default ハルクジラ:★1 ゆめですべり寝 (0975_01),biblo-v347,図鑑・ボックス・寝顔、または確認待ちギャラリーから参照,,False
assets/sleep/biblo-v347/0934.webp,使用中,35962,3cbd2367260ba75b1f5f6486726104a3ee604fcfb4668fc37810b703d9800ed6,0975_default,975(4).png,0975_default ハルクジラ:★2 どっしり寝 (0975_02),biblo-v347,図鑑・ボックス・寝顔、または確認待ちギャラリーから参照,,False
assets/sleep/biblo-v347/0935.webp,使用中,38430,436bdb84907c50d0374167b255c57d1b29fdea6b1f51fb78a42d935613674500,0975_default,975(5).png,0975_default ハルクジラ:★3 エコロケーション寝 (0975_03),biblo-v347,図鑑・ボックス・寝顔、または確認待ちギャラリーから参照,,False
assets/sleep/biblo-v347/0936.webp,使用中,13008,71db287cf3fcea44bf43e3d9ae521c31efe7ece78299fbcaa2f2af1f832efdba,0084_default,84(8).png,0084_default ドードー:★1 みはり寝 (0084_01),biblo-v347,図鑑・ボックス・寝顔、または確認待ちギャラリーから参照,,False
assets/sleep/biblo-v347/0937.webp,使用中,14662,69068efca1f049ce3856f3d01cd0393c2baf9aec736be8f20754286433d547aa,0084_default,84(9).png,0084_default ドードー:★2 みはりさぼり寝 (0084_02),biblo-v347,図鑑・ボックス・寝顔、または確認待ちギャラリーから参照,,False
assets/sleep/biblo-v347/0938.webp,使用中,16278,c2f9ce7b67e2ff10d423a95e43fbdc107d7e39c1e3dd2e2620d978d9146fd9c0,0084_default,84(10).png,0084_default ドードー:★3 ふたご寝 (0084_03),biblo-v347,図鑑・ボックス・寝顔、または確認待ちギャラリーから参照,,False
assets/sleep/biblo-v347/0939.webp,使用中,29624,151c111a57c139d45f390dcdeb9b66e43a396fc11d6f1318423bc4e7637d4fba,0084_default,84(20261004-015703).png,0084_default ドードー:★4 おなかのうえ寝 (0084_04),biblo-v347,図鑑・ボックス・寝顔、または確認待ちギャラリーから参照,,False
assets/sleep/biblo-v347/0940.webp,使用中,18442,7348677b682311acece0238da53b1517d4cfccfe587ad75c85a99c12a1d00d44,0085_default,85(2).png,0085_default ドードリオ:★1 みはり寝 (0085_01),biblo-v347,図鑑・ボックス・寝顔、または確認待ちギャラリーから参照,,False
assets/sleep/biblo-v347/0941.webp,使用中,23256,76496d4de06131a5a25f6d74e9ba5ce4f38ff2a27dc2c43d9456d7ac778051cd,0085_default,85(3).png,0085_default ドードリオ:★2 みはりさぼり寝 (0085_02),biblo-v347,図鑑・ボックス・寝顔、または確認待ちギャラリーから参照,,False
assets/sleep/biblo-v347/0942.webp,使用中,25452,d86ec82e9008f7f3f2738484d38c2b0badb143253cdd04ca8143603849dedcce,0085_default,85(4).png,0085_default ドードリオ:★3 みつご寝 (0085_03),biblo-v347,図鑑・ボックス・寝顔、または確認待ちギャラリーから参照,,False
assets/sleep/biblo-v347/0943.webp,使用中,38478,e64e5cd93b7fc6a18315fc0bfb9732d1f80f3f1594d55aeba491d7bca88ba26b,0085_default,85(5).png,0085_default ドードリオ:★4 おなかのうえ寝 (0085_04),biblo-v347,図鑑・ボックス・寝顔、または確認待ちギャラリーから参照,,False
assets/sleep/biblo-v347/0944.webp,使用中,21110,a2861b6b2f461db871a4673eb558fdd7181fdf45675009d6afa61b4045cf9fca,0038_default,38(2).png,0038_default キュウコン:★1 のび寝 (0038_01),biblo-v347,図鑑・ボックス・寝顔、または確認待ちギャラリーから参照,,False
assets/sleep/biblo-v347/0945.webp,使用中,18402,246bd754bf820bed15fc04a53eff0c0efea6fc77edbe44dabe78dad574690c1b,0038_default,38(3).png,0038_default キュウコン:★2 しっぽふわり寝 (0038_02),biblo-v347,図鑑・ボックス・寝顔、または確認待ちギャラリーから参照,,False
assets/sleep/biblo-v347/0946.webp,使用中,25412,a0c22355499c6b375277e0291fa6fb3a64bb2e65e2c86ee1e084bcd39e8d9473,0038_default,38(4).png,0038_default キュウコン:★3 しっぽふとん寝 (0038_03),biblo-v347,図鑑・ボックス・寝顔、または確認待ちギャラリーから参照,,False
assets/sleep/biblo-v347/0947.webp,使用中,36764,1b4ac58257d32ca9e509a87e749f6dc92d859ccdb752d2da039aa88a407eac04,0038_default,38(5).png,0038_default キュウコン:★4 おなかのうえ寝 (0038_04),biblo-v347,図鑑・ボックス・寝顔、または確認待ちギャラリーから参照,,False
assets/sleep/biblo-v347/0948.webp,使用中,13092,7734f851cf6fb4c6d1d12b583824ddba6af4d644c9eab193c48f5aa7fafdd69e,0440_default,440(3).png,0440_default ピンプク:★1 にこにこ寝 (0440_01),biblo-v347,図鑑・ボックス・寝顔、または確認待ちギャラリーから参照,,False
assets/sleep/biblo-v347/0949.webp,使用中,13214,381e3e0cd17b01334c5ecda7ec8b93a7dc33dada9998aaff95580336284d453c,0440_default,440(4).png,0440_default ピンプク:★2 いしだいじ寝 (0440_02),biblo-v347,図鑑・ボックス・寝顔、または確認待ちギャラリーから参照,,False
assets/sleep/biblo-v347/0950.webp,使用中,16082,f5b3764f527626f246df1ae35e809405e3e5458b753c86654f661af000269f21,0440_default,440(20261004-015847).png,0440_default ピンプク:★3 ままごと寝 (0440_03),biblo-v347,図鑑・ボックス・寝顔、または確認待ちギャラリーから参照,,False
assets/sleep/biblo-v347/0951.webp,使用中,30060,ecb69192feaea45f2b71d59e4ad58d2b82a8761e95256e288a88308558c39c0b,0440_default,440(5).png,0440_default ピンプク:★4 おなかのうえ寝 (0440_04),biblo-v347,図鑑・ボックス・寝顔、または確認待ちギャラリーから参照,,False
assets/sleep/biblo-v347/0952.webp,使用中,40708,e6c7f6b3dd3c14b699252f98707f4438c9997dc5d0ae2ffa3988bc91321c870c,0849_amped,849-toxtricityampedform(6).png,0849_amped ストリンダー(ハイ):★4 おなかのうえ寝 (0849_amped_04),biblo-v347,図鑑・ボックス・寝顔、または確認待ちギャラリーから参照,,False
assets/sleep/biblo-v347/0953.webp,使用中,11312,01be4b62ca9b456033dd8966f1e5e488f132d847515d06ec364ea078c9962b4e,0590_default,pokemon_590_normal.png,0590_default:確認待ち寝顔 ★1,biblo-v347,図鑑・ボックス・寝顔、または確認待ちギャラリーから参照,,False
assets/sleep/biblo-v347/0954.webp,使用中,16370,5ddcca8fc8087249f95f8214c5512ca87d507fbe738acaf73cd2b446ab277eaf,0590_default,pokemon_590_drowse.png,0590_default:確認待ち寝顔 ★2,biblo-v347,図鑑・ボックス・寝顔、または確認待ちギャラリーから参照,,False
assets/sleep/biblo-v347/0955.webp,使用中,18372,cc1bbb08f5e46a1c5462969367040317d24b6bbace2cddd21d22cc548329e250,0590_default,foongus.png,0590_default:確認待ち寝顔 ★3,biblo-v347,図鑑・ボックス・寝顔、または確認待ちギャラリーから参照,,False
assets/sleep/biblo-v347/0956.webp,使用中,22506,c5bf80ab14c532c805e15d43b4ca220ce9e586bf9bfc01c2084b5c5f70d572dc,0590_default,foongus(1).png,0590_default:確認待ち寝顔 ★4,biblo-v347,図鑑・ボックス・寝顔、または確認待ちギャラリーから参照,,False
assets/sleep/biblo-v347/0957.webp,使用中,28912,cf1158b2e689cbe2617becf69e6f2a97a94fc0d3d8d6812c681fff78d63d6ff4,0591_default,pokemon_591_normal.png,0591_default:確認待ち寝顔 ★1,biblo-v347,図鑑・ボックス・寝顔、または確認待ちギャラリーから参照,,False
assets/sleep/biblo-v347/0958.webp,使用中,36984,499068d3cc403b39ca833ca56684df83b4dbc6c9a454280e65997b9c450d1c47,0591_default,pokemon_591_drowse.png,0591_default:確認待ち寝顔 ★2,biblo-v347,図鑑・ボックス・寝顔、または確認待ちギャラリーから参照,,False
assets/sleep/biblo-v347/0959.webp,使用中,39002,e00b87375fa0782649db2399c98fdd403f6f93bab5b1c7d233c1afd0823730bf,0591_default,amoonguss.png,0591_default:確認待ち寝顔 ★3,biblo-v347,図鑑・ボックス・寝顔、または確認待ちギャラリーから参照,,False
assets/sleep/biblo-v347/0960.webp,使用中,21468,cdc2acab626ff091bc27715f349a06decb1327b4c63985f8930eef9f75b1cc98,0591_default,amoonguss(1).png,0591_default:確認待ち寝顔 ★4,biblo-v347,図鑑・ボックス・寝顔、または確認待ちギャラリーから参照,,False
assets/sleep/biblo-v349/0459_02.webp,使用中,29154,88f57014c744c7a5d7e4ba5110eb261d294012eb0f4b89ff734f4a422fffded1,,,0459_default ユキカブリ:★2 ぼうだち寝 (0459_02),,図鑑・ボックス・寝顔、または確認待ちギャラリーから参照,,False
assets/sleep/biblo-v349/0460_02.webp,使用中,29458,50afb93e308245aedf242229369ca8f9468a78f6e56350b2c3064b14a802497b,,,0460_default ユキノオー:★2 いかく寝 (0460_02),,図鑑・ボックス・寝顔、または確認待ちギャラリーから参照,,False
assets/sleep/picasso-v281/0000.webp,未使用・復元対象,93470,981d9ade7b241ea34922feefb4a1d475317173b63b6d5143ebdfc637ad5672d7,0001_default,,,picasso-sleep-v281,現在表示から参照なし。受領ZIPから再生成される,,False
assets/sleep/picasso-v281/0001.webp,未使用・復元対象,100628,b2975261ea5d3a527feb52dfde5ad5817f511b0ad7f3d940a38195bceabfb670,0001_default,,,picasso-sleep-v281,現在表示から参照なし。受領ZIPから再生成される,,False
assets/sleep/picasso-v281/0002.webp,未使用・復元対象,101534,021fb54e03e277ec10df0f1bcc59a6ab37b03b82afa74977f1a56cf90f9c3198,0001_default,,,picasso-sleep-v281,現在表示から参照なし。受領ZIPから再生成される,,False
assets/sleep/picasso-v281/0003.webp,未使用・復元対象,108522,c9d37e9b7603dce4bec8fba6d3ec8780d96042820a81feb3482738ea8eb009ae,0001_default,,,picasso-sleep-v281,現在表示から参照なし。受領ZIPから再生成される,,False
assets/sleep/picasso-v281/0004.webp,未使用・復元対象,104628,e9e3bf398d4fda1aeb4dfa3fd6127fcf7e039b747c38bd6105c57475ce0cf3f0,0002_default,,,picasso-sleep-v281,現在表示から参照なし。受領ZIPから再生成される,,False
assets/sleep/picasso-v281/0005.webp,未使用・復元対象,108744,fe1b4275b0e927c053cd2ff8d13481fb29119f8cc0ce8aabd8bf5f1cdb453d96,0002_default,,,picasso-sleep-v281,現在表示から参照なし。受領ZIPから再生成される,,False
assets/sleep/picasso-v281/0006.webp,未使用・復元対象,108674,82fb32b34ead3a1145dc181afc702eb1b0e8a9ceea599e40142beaf3d3dec499,0002_default,,,picasso-sleep-v281,現在表示から参照なし。受領ZIPから再生成される,,False
assets/sleep/picasso-v281/0007.webp,未使用・復元対象,106432,91a17e15ce310056e2502bb00ca4b0c8f22a7b6a43a470f883858d860fc1017d,0002_default,,,picasso-sleep-v281,現在表示から参照なし。受領ZIPから再生成される,,False
assets/sleep/picasso-v281/0008.webp,未使用・復元対象,113982,5b8d57fbd5c538d29ed1c0ea04a5a19dc01725faacd93a5ad98b420be6416992,0003_default,,,picasso-sleep-v281,現在表示から参照なし。受領ZIPから再生成される,,False
assets/sleep/picasso-v281/0009.webp,未使用・復元対象,116354,34146843321644ab0cc6332a335d8216351b97258354a10c17a0f521189ff0d6,0003_default,,,picasso-sleep-v281,現在表示から参照なし。受領ZIPから再生成される,,False
assets/sleep/picasso-v281/0010.webp,未使用・復元対象,119300,93a831430a76ec10fcbb0e72dd85514a504b39490ae0c06037dc91ff2c9a8a87,0003_default,,,picasso-sleep-v281,現在表示から参照なし。受領ZIPから再生成される,,False
assets/sleep/picasso-v281/0011.webp,未使用・復元対象,120182,ed743662059bc41aea2e3f4d1294f7ed7e69a3dc87dd8828bb123b106a0cd506,0003_default,,,picasso-sleep-v281,現在表示から参照なし。受領ZIPから再生成される,,False
assets/sleep/picasso-v281/0012.webp,未使用・復元対象,98660,aa85696f2908977f0a1f539a7f70fba6491a063210cb009bbfb959a9ef4c945e,0004_default,,,picasso-sleep-v281,現在表示から参照なし。受領ZIPから再生成される,,False
assets/sleep/picasso-v281/0013.webp,未使用・復元対象,101630,a6e43369fc5aaba0035f0d666b4be7424b0dfbf57e11c3ef139ff5437a7f571d,0004_default,,,picasso-sleep-v281,現在表示から参照なし。受領ZIPから再生成される,,False
assets/sleep/picasso-v281/0014.webp,未使用・復元対象,105012,ea294479aa8a239a4d7dd315752b12883ee7ffac085925521ad83109593e3ee7,0004_default,,,picasso-sleep-v281,現在表示から参照なし。受領ZIPから再生成される,,False
assets/sleep/picasso-v281/0015.webp,未使用・復元対象,99372,cc3bea539fbdb71ef2901139319027f49020a8094da6d079d07417cc2221809e,0004_default,,,picasso-sleep-v281,現在表示から参照なし。受領ZIPから再生成される,,False
assets/sleep/picasso-v281/0016.webp,未使用・復元対象,94310,a14319fd2fe0025523116bbb789b00f425c06ba78f7eaeacb64d0e74733d8d27,0005_default,,,picasso-sleep-v281,現在表示から参照なし。受領ZIPから再生成される,,False
assets/sleep/picasso-v281/0017.webp,未使用・復元対象,86186,49a3a03b799f22a1a563112395078e9ed7c6104f765ad5d86f7a01d37ceeff79,0005_default,,,picasso-sleep-v281,現在表示から参照なし。受領ZIPから再生成される,,False
assets/sleep/picasso-v281/0018.webp,未使用・復元対象,58146,1d4982f2c76f7a725dd919842c29addc2ac37f0e892e9acef15206c5dffbd7a5,0005_default,,,picasso-sleep-v281,現在表示から参照なし。受領ZIPから再生成される,,False
assets/sleep/picasso-v281/0019.webp,未使用・復元対象,106760,78525dae705a0b1433fadf58aa7a4859a9ef82e1eda4c3a4920ff32b4db1ed72,0005_default,,,picasso-sleep-v281,現在表示から参照なし。受領ZIPから再生成される,,False
assets/sleep/picasso-v281/0020.webp,未使用・復元対象,88490,6233df3f1862d7c9a11c1af2e69eb516d281a82b342073a76817b0ab61801c67,0006_default,,,picasso-sleep-v281,現在表示から参照なし。受領ZIPから再生成される,,False
assets/sleep/picasso-v281/0021.webp,未使用・復元対象,97894,ca29cc7fe9d80e2f68c3353678c409388e8c3ecd873306d3427112ff624e488c,0006_default,,,picasso-sleep-v281,現在表示から参照なし。受領ZIPから再生成される,,False
assets/sleep/picasso-v281/0022.webp,未使用・復元対象,115258,229a94f57e8edc15bc3f8564603e0f2b8d4d81eaf2803c99adfe6351c0368550,0006_default,,,picasso-sleep-v281,現在表示から参照なし。受領ZIPから再生成される,,False
assets/sleep/picasso-v281/0023.webp,未使用・復元対象,113132,fe4cd077cfcceb86d415e4341b97a17284144b959dc654072354fa3f07981080,0006_default,,,picasso-sleep-v281,現在表示から参照なし。受領ZIPから再生成される,,False
assets/sleep/picasso-v281/0024.webp,未使用・復元対象,100218,28bd7df789aa1d5f79552e0d49878f4dde5e741c576ebb19935af4619a31a7b1,0007_default,,,picasso-sleep-v281,現在表示から参照なし。受領ZIPから再生成される,,False
assets/sleep/picasso-v281/0025.webp,未使用・復元対象,102848,001816603ece7dfa65044bf1b69928a7257399cc37f34748036b459ba42b10b9,0007_default,,,picasso-sleep-v281,現在表示から参照なし。受領ZIPから再生成される,,False
assets/sleep/picasso-v281/0026.webp,未使用・復元対象,104096,ce2b844a9f54a18a3320b8e458bacdfe44e525a4fe21ba908cd7fca0beff5873,0007_default,,,picasso-sleep-v281,現在表示から参照なし。受領ZIPから再生成される,,False
assets/sleep/picasso-v281/0027.webp,未使用・復元対象,87174,cdcbd8a1fc86200e014144b0f84c66b450bf5b0bf6fa463b43becc2462958320,0007_default,,,picasso-sleep-v281,現在表示から参照なし。受領ZIPから再生成される,,False
assets/sleep/picasso-v281/0028.webp,未使用・復元対象,47980,ba3d70eec94a34deabeb37de7eee4290a95d98c40bef93d9ca065ed6f13c4bd6,0008_default,,,picasso-sleep-v281,現在表示から参照なし。受領ZIPから再生成される,,False
assets/sleep/picasso-v281/0029.webp,未使用・復元対象,65608,07f67b579fe20c3cb36d0888680a293bb0f133ccf51ae1534877fbb557899696,0008_default,,,picasso-sleep-v281,現在表示から参照なし。受領ZIPから再生成される,,False
assets/sleep/picasso-v281/0030.webp,未使用・復元対象,61358,fc61744a72e8366751922d8f332bd42a83924f3cb0adcebafd21a45cd767f964,0008_default,,,picasso-sleep-v281,現在表示から参照なし。受領ZIPから再生成される,,False
assets/sleep/picasso-v281/0031.webp,未使用・復元対象,96468,9087a3ba9f21fedd9aa9f1906932c122148823a154a5a1a89311447e207d3297,0008_default,,,picasso-sleep-v281,現在表示から参照なし。受領ZIPから再生成される,,False
assets/sleep/picasso-v281/0032.webp,未使用・復元対象,97432,2e9c7cda5bf0805e74408e4a152849ffba785cdba6ec87bcdf0c38677d7a8fa1,0009_default,,,picasso-sleep-v281,現在表示から参照なし。受領ZIPから再生成される,,False
assets/sleep/picasso-v281/0033.webp,未使用・復元対象,95690,15550565fccc908d0dcae1e2487b55283f6891b766359396c8a099be72cb1b6c,0009_default,,,picasso-sleep-v281,現在表示から参照なし。受領ZIPから再生成される,,False
assets/sleep/picasso-v281/0034.webp,未使用・復元対象,110156,0c6a222a9a03696be0bdb97414d23ae11f2ef33f0f9298c73790dfd11c352e1c,0009_default,,,picasso-sleep-v281,現在表示から参照なし。受領ZIPから再生成される,,False
assets/sleep/picasso-v281/0035.webp,未使用・復元対象,110220,8c433d584c785e00368387d6b056651885d99c6300d7603bb2c7e7442eead218,0009_default,,,picasso-sleep-v281,現在表示から参照なし。受領ZIPから再生成される,,False
assets/sleep/picasso-v281/0036.webp,未使用・復元対象,93992,9b4087cdf6e64394e505d5fe939e93f662226dc94362dc552dbbc09b035a723b,0010_default,,,picasso-sleep-v281,現在表示から参照なし。受領ZIPから再生成される,,False
assets/sleep/picasso-v281/0037.webp,未使用・復元対象,100996,28a0425a50c8967118d3ad8999e3d1886e7b927c1f206cab8b3dd72ef0a93d7d,0010_default,,,picasso-sleep-v281,現在表示から参照なし。受領ZIPから再生成される,,False
assets/sleep/picasso-v281/0038.webp,未使用・復元対象,54864,59e9ef5ec61ca455bffe15a88f53d88445c3e38d5b9798a3b99f4961bd9233c9,0010_default,,,picasso-sleep-v281,現在表示から参照なし。受領ZIPから再生成される,,False
assets/sleep/picasso-v281/0039.webp,未使用・復元対象,87232,d29e2cd52f66048f9b4e5d6b3930b418f6849ea9c27b8deff8ed73ce2324e7dc,0010_default,,,picasso-sleep-v281,現在表示から参照なし。受領ZIPから再生成される,,False
assets/sleep/picasso-v281/0040.webp,未使用・復元対象,87280,2be23f4ea365f201c1b211bbc41e2de18839bcf90d02b9a96e491f9a5894fb75,0011_default,,,picasso-sleep-v281,現在表示から参照なし。受領ZIPから再生成される,,False
assets/sleep/picasso-v281/0041.webp,未使用・復元対象,96458,09e1793cf2a4ba323fc9394ea04252a5424fa20049cd7dfdd0a0f8898ec76cb4,0011_default,,,picasso-sleep-v281,現在表示から参照なし。受領ZIPから再生成される,,False
assets/sleep/picasso-v281/0042.webp,未使用・復元対象,95660,e4bd50b809747831a609ef2dd40d8b7b5c54693993a0ba26cbcbe5ab90c1a112,0011_default,,,picasso-sleep-v281,現在表示から参照なし。受領ZIPから再生成される,,False
assets/sleep/picasso-v281/0043.webp,未使用・復元対象,96384,4aeff7c3c4704bf3142da0fae01f4a6bddad6a939a007045d08ae010b2024b93,0011_default,,,picasso-sleep-v281,現在表示から参照なし。受領ZIPから再生成される,,False
assets/sleep/picasso-v281/0044.webp,未使用・復元対象,115596,e6e0d493b8c99576862c5d097d7eeabeceb1d8788bdd100986d1906ddafaeafb,0012_default,,,picasso-sleep-v281,現在表示から参照なし。受領ZIPから再生成される,,False
assets/sleep/picasso-v281/0045.webp,未使用・復元対象,116130,0d3b1f2243bdca7adbacbb562b101f479ddce92b20f4120a39b624f7dab7eef1,0012_default,,,picasso-sleep-v281,現在表示から参照なし。受領ZIPから再生成される,,False
assets/sleep/picasso-v281/0046.webp,未使用・復元対象,115186,6cea986731841df3dab778e930bd14fd1ff1b2860c1c90987dd47bac60eca0d9,0012_default,,,picasso-sleep-v281,現在表示から参照なし。受領ZIPから再生成される,,False
assets/sleep/picasso-v281/0047.webp,未使用・復元対象,135674,5253f11f6bdd4f14e22be8b25464b2e17ff16f87fc9ba1ab47f1ec97b1f32556,0012_default,,,picasso-sleep-v281,現在表示から参照なし。受領ZIPから再生成される,,False
assets/sleep/picasso-v281/0048.webp,未使用・復元対象,67102,04579529d903b6987c79a08a7b9e06c3ae44f97a8bd948556ce57e02ab5d27ef,0019_default,,,picasso-sleep-v281,現在表示から参照なし。受領ZIPから再生成される,,False
assets/sleep/picasso-v281/0049.webp,未使用・復元対象,107104,fea26041dd8003bc9f55b145820e5700d14dcf4ec31c044b39fa4867f3e998e9,0019_default,,,picasso-sleep-v281,現在表示から参照なし。受領ZIPから再生成される,,False
assets/sleep/picasso-v281/0050.webp,未使用・復元対象,109058,03697eaccef628360c7435143648ee806c29bf176d627c59fd347e319e16efe0,0019_default,,,picasso-sleep-v281,現在表示から参照なし。受領ZIPから再生成される,,False
assets/sleep/picasso-v281/0051.webp,未使用・復元対象,91626,92ec55bef7ac8ca34dfc3c435b973bfeccc46c6b875c1d71b1cd3110fe3aac85,0019_default,,,picasso-sleep-v281,現在表示から参照なし。受領ZIPから再生成される,,False
assets/sleep/picasso-v281/0052.webp,未使用・復元対象,109656,e3e427589257ceac2f291ac3963da5634571eca47788a93393df872d524baac7,0020_default,,,picasso-sleep-v281,現在表示から参照なし。受領ZIPから再生成される,,False
assets/sleep/picasso-v281/0053.webp,未使用・復元対象,115528,2d3a579360c41f2180ac78db34301899b11a71c5664aa04025fcca4801d983d9,0020_default,,,picasso-sleep-v281,現在表示から参照なし。受領ZIPから再生成される,,False
assets/sleep/picasso-v281/0054.webp,未使用・復元対象,114602,ae3e7dc687a1cc816ca6b16031c031b16c974d39ffd709d4f3706463018cf0b3,0020_default,,,picasso-sleep-v281,現在表示から参照なし。受領ZIPから再生成される,,False
assets/sleep/picasso-v281/0055.webp,未使用・復元対象,111178,6be560d4afd92b7b61b249bf1f68acc5e646765560a78a582337df182ca925ba,0020_default,,,picasso-sleep-v281,現在表示から参照なし。受領ZIPから再生成される,,False
assets/sleep/picasso-v281/0056.webp,未使用・復元対象,68726,7fcccf39542a9afbe5da41ca6871ab9dcdcec64c5f63a3a56bc0ff1c2d82bdff,0023_default,,,picasso-sleep-v281,現在表示から参照なし。受領ZIPから再生成される,,False
assets/sleep/picasso-v281/0057.webp,未使用・復元対象,96910,51fdca5f18f004b6193ceefd60eff34db57adf5c58f275a8f0bc8270069bc2bc,0023_default,,,picasso-sleep-v281,現在表示から参照なし。受領ZIPから再生成される,,False
assets/sleep/picasso-v281/0058.webp,未使用・復元対象,104548,3461102d74b414941c63d80d8a083983d6023616576035dfc942e518cb6ad2b2,0023_default,,,picasso-sleep-v281,現在表示から参照なし。受領ZIPから再生成される,,False
assets/sleep/picasso-v281/0059.webp,未使用・復元対象,102430,8b1251c6e410f29a3386464b62d46e012721e6dbd3a77685490b36e9066c33c3,0023_default,,,picasso-sleep-v281,現在表示から参照なし。受領ZIPから再生成される,,False
assets/sleep/picasso-v281/0060.webp,未使用・復元対象,103802,399b6f1aa5a2cdbb2a01915079eebe4cb3572478963db22d3c124ca9b402a859,0024_default,,,picasso-sleep-v281,現在表示から参照なし。受領ZIPから再生成される,,False
assets/sleep/picasso-v281/0061.webp,未使用・復元対象,97818,7c9f619240717a3146aca7e421741f873efcedd66d146ba91e1df1895d4d0960,0024_default,,,picasso-sleep-v281,現在表示から参照なし。受領ZIPから再生成される,,False
assets/sleep/picasso-v281/0062.webp,未使用・復元対象,91084,a5137f81a87b817b581215914a1cc9ddf2313ba0b67b538609691f6e3541b731,0024_default,,,picasso-sleep-v281,現在表示から参照なし。受領ZIPから再生成される,,False
assets/sleep/picasso-v281/0063.webp,未使用・復元対象,104156,7fa5352de76565e26dff983f7322c98e2ffeb24058cad9c838509dcd8cc7599c,0024_default,,,picasso-sleep-v281,現在表示から参照なし。受領ZIPから再生成される,,False
assets/sleep/picasso-v281/0064.webp,未使用・復元対象,91972,ca9a9bfce54e3332904490768c1b87d0ebf74dcd2a29e2a553aa3b4efb5ccab8,0025_default,,,picasso-sleep-v281,現在表示から参照なし。受領ZIPから再生成される,,False
assets/sleep/picasso-v281/0065.webp,未使用・復元対象,93490,7172a6c7eaa4231fd0e35bfbf4f6a4145161190ac5d7fec87d31498c08c75140,0025_default,,,picasso-sleep-v281,現在表示から参照なし。受領ZIPから再生成される,,False
assets/sleep/picasso-v281/0066.webp,未使用・復元対象,99376,a4a75c86ef038978ad85b86cd1fabab63a9f546e1e18e5f3b7e301a5e5cfbb81,0025_default,,,picasso-sleep-v281,現在表示から参照なし。受領ZIPから再生成される,,False
assets/sleep/picasso-v281/0067.webp,未使用・復元対象,103674,65ff9c9edc6084be4aea09265da5417ee66722bf2d70b488d4bf1547f1c60b9a,0025_default,,,picasso-sleep-v281,現在表示から参照なし。受領ZIPから再生成される,,False
assets/sleep/picasso-v281/0068.webp,未使用・復元対象,102816,ad358cdf5d44fba031bad838011636ef3397f72ceaa78eb5417ef738839f85c4,,,,picasso-sleep-v281,現在表示から参照なし。受領ZIPから再生成される,,False
assets/sleep/picasso-v281/0069.webp,未使用・復元対象,105616,36f131b2ed59abc9a1c8deef29196e971f75a7f9d08e0c98bdd715cb40150f8b,,,,picasso-sleep-v281,現在表示から参照なし。受領ZIPから再生成される,,False
assets/sleep/picasso-v281/0070.webp,未使用・復元対象,100126,e0f69401e28d122e82c911878d77143c7b4b32bfe35bc30425eb0139b35d866b,,,,picasso-sleep-v281,現在表示から参照なし。受領ZIPから再生成される,,False
assets/sleep/picasso-v281/0071.webp,未使用・復元対象,106186,facc8e02432986d7e5185148b0f93b925a2ee4df604e9456931f7f24350b4dd2,,,,picasso-sleep-v281,現在表示から参照なし。受領ZIPから再生成される,,False
assets/sleep/picasso-v281/0072.webp,未使用・復元対象,103864,741a63df948210b092cb0bba14169618c7e02dd6e3b6eac7c3231f49f14de0b3,0025_holiday,,,picasso-sleep-v281,現在表示から参照なし。受領ZIPから再生成される,,False
assets/sleep/picasso-v281/0073.webp,未使用・復元対象,99338,fea5d22cc0a8677448ece6ac968fe3fed8b67c7878f5a79e3b4b97a4bdfd0743,0025_holiday,,,picasso-sleep-v281,現在表示から参照なし。受領ZIPから再生成される,,False
assets/sleep/picasso-v281/0074.webp,未使用・復元対象,105162,7ca6a84682f030f19316ffedc9254a37fada9a1fa66001cd924ee62898ccebe6,0025_captain,,,picasso-sleep-v281,現在表示から参照なし。受領ZIPから再生成される,,False
assets/sleep/picasso-v281/0075.webp,未使用・復元対象,114118,14d73a3f9c1542a19a541aec95c431433a5281ce3b3a607d7fcaba96fbcb2f53,0026_default,,,picasso-sleep-v281,現在表示から参照なし。受領ZIPから再生成される,,False
assets/sleep/picasso-v281/0076.webp,未使用・復元対象,79796,c2d74f4f0b086ec70917fb78254d3324742a0f2c27f9cdb49689cace31837188,0026_default,,,picasso-sleep-v281,現在表示から参照なし。受領ZIPから再生成される,,False
assets/sleep/picasso-v281/0077.webp,未使用・復元対象,81152,36b638d4512aee0896f1eb0ea899f0802298a682cea06832aeca3713f77d034b,0026_default,,,picasso-sleep-v281,現在表示から参照なし。受領ZIPから再生成される,,False
assets/sleep/picasso-v281/0078.webp,未使用・復元対象,127848,4bef44d1e204f79bdc9930ed166ab977f193c0fae193206a2133903840ce0ddf,0026_default,,,picasso-sleep-v281,現在表示から参照なし。受領ZIPから再生成される,,False
assets/sleep/picasso-v281/0079.webp,未使用・復元対象,82926,916eb137345cb027e478f3496e68aa03546e4a0b132bfcfeef39772789ce0d7f,0027_default,,,picasso-sleep-v281,現在表示から参照なし。受領ZIPから再生成される,,False
assets/sleep/picasso-v281/0080.webp,未使用・復元対象,60954,6bca3461a266cca9ef5f2f85bdf7ce457f45ab0ec7ef31248477267074ea878f,0027_default,,,picasso-sleep-v281,現在表示から参照なし。受領ZIPから再生成される,,False
assets/sleep/picasso-v281/0081.webp,未使用・復元対象,108138,19a80288832229f1ec6b32561e9a01e4d5ca37611b64b7a52565dd308e12cc10,0027_default,,,picasso-sleep-v281,現在表示から参照なし。受領ZIPから再生成される,,False
assets/sleep/picasso-v281/0082.webp,未使用・復元対象,113870,88f8e99a0974c7d93fb4ad1f7d15311d7b5e41e07fe85ae3b9676526dcb73b28,0027_default,,,picasso-sleep-v281,現在表示から参照なし。受領ZIPから再生成される,,False
assets/sleep/picasso-v281/0083.webp,未使用・復元対象,89634,fd88215c9fedb375492356b62e189af5237fee8e20fc1b7ceec0ea8de161b7af,0028_default,,,picasso-sleep-v281,現在表示から参照なし。受領ZIPから再生成される,,False
assets/sleep/picasso-v281/0084.webp,未使用・復元対象,70144,6d067d822a3834f612671425dc0bc002f6675552748e6fde36e9fed99ed5c499,0028_default,,,picasso-sleep-v281,現在表示から参照なし。受領ZIPから再生成される,,False
assets/sleep/picasso-v281/0085.webp,未使用・復元対象,84538,a2d7b319e2861b59d2a2fa5d32e93a5982d2f480dcf43cf92edf372586d804b3,0028_default,,,picasso-sleep-v281,現在表示から参照なし。受領ZIPから再生成される,,False
assets/sleep/picasso-v281/0086.webp,未使用・復元対象,119126,d4be78b1653d86dbd9221dd9155ce894e5b5daceda473628d7e1da8b24c84591,0028_default,,,picasso-sleep-v281,現在表示から参照なし。受領ZIPから再生成される,,False
assets/sleep/picasso-v281/0087.webp,未使用・復元対象,91188,30e06ca69bde57bb763341988a5354d86e511fceafadd7d9f4c127ae02bba2cc,0035_default,,,picasso-sleep-v281,現在表示から参照なし。受領ZIPから再生成される,,False
assets/sleep/picasso-v281/0088.webp,未使用・復元対象,98698,5e857975147fcac87f5fe28490de5a2526db42672341af6bc20ec63dbc095954,0035_default,,,picasso-sleep-v281,現在表示から参照なし。受領ZIPから再生成される,,False
assets/sleep/picasso-v281/0089.webp,未使用・復元対象,91130,53673acc8a74a9f9b7fe5b2a70da610883c3a13ef2f6db00e1b6262eefa25351,0035_default,,,picasso-sleep-v281,現在表示から参照なし。受領ZIPから再生成される,,False
assets/sleep/picasso-v281/0090.webp,未使用・復元対象,96456,1fcb70de9bbff683c0538c1a7890874f096bba0fbd495c02b13f96dddff3037b,0035_default,,,picasso-sleep-v281,現在表示から参照なし。受領ZIPから再生成される,,False
assets/sleep/picasso-v281/0091.webp,未使用・復元対象,76186,6ee644e14bb39809285d45706a74f8bd333759d1a22bfa07ea495d71ff07e49f,0036_default,,,picasso-sleep-v281,現在表示から参照なし。受領ZIPから再生成される,,False
assets/sleep/picasso-v281/0092.webp,未使用・復元対象,72056,a097ecb30bb2e245f4e7183656241255a8aff310915a93b2d3407adcea2c2b95,0036_default,,,picasso-sleep-v281,現在表示から参照なし。受領ZIPから再生成される,,False
assets/sleep/picasso-v281/0093.webp,未使用・復元対象,73694,4efeb1b1ca8a600ecacc134d5ff043e33739e813b14e17bbce3c66e56dff00b5,0036_default,,,picasso-sleep-v281,現在表示から参照なし。受領ZIPから再生成される,,False
assets/sleep/picasso-v281/0094.webp,未使用・復元対象,93210,0bc08270b82c905a7a7eed57eb768235306e78ab7a930a3fe6bf474f9cb6483d,0036_default,,,picasso-sleep-v281,現在表示から参照なし。受領ZIPから再生成される,,False
assets/sleep/picasso-v281/0095.webp,未使用・復元対象,101060,88e7a101eb24548c7789eced1065ecc358326fec04d5205f9d8f60a6da887bdd,0037_default,,,picasso-sleep-v281,現在表示から参照なし。受領ZIPから再生成される,,False
assets/sleep/picasso-v281/0096.webp,未使用・復元対象,57192,f5ba5885497f0db8b25f4f37cbed03c8ebf263554da35aeb36031086fc38c2eb,0037_default,,,picasso-sleep-v281,現在表示から参照なし。受領ZIPから再生成される,,False
assets/sleep/picasso-v281/0097.webp,未使用・復元対象,97240,ebdb0e9e28590b20fc7e9ac96a7fe2da5569c9b5868613853d0ee0924211e88d,0037_default,,,picasso-sleep-v281,現在表示から参照なし。受領ZIPから再生成される,,False
assets/sleep/picasso-v281/0098.webp,未使用・復元対象,102252,95db28b86281414ea3b73c73c526709bbe0677f57db5d7ae1b401ceae1282592,0037_default,,,picasso-sleep-v281,現在表示から参照なし。受領ZIPから再生成される,,False
assets/sleep/picasso-v281/0099.webp,未使用・復元対象,97540,6e4c483ce168b1e959ac148ad0227aa820bc8443dddf49bc278d16ba65ec248a,0037_alola,,,picasso-sleep-v281,現在表示から参照なし。受領ZIPから再生成される,,False
assets/sleep/picasso-v281/0100.webp,未使用・復元対象,59284,077270f355ab5336ddd8a8b45a39f09753849664b36a45581fedf7393649f17d,0037_alola,,,picasso-sleep-v281,現在表示から参照なし。受領ZIPから再生成される,,False
assets/sleep/picasso-v281/0101.webp,未使用・復元対象,92796,1cb9f6233cc041e0122c200797fba5674c27b00b28127186251c1861f513a6d5,0037_alola,,,picasso-sleep-v281,現在表示から参照なし。受領ZIPから再生成される,,False
assets/sleep/picasso-v281/0102.webp,未使用・復元対象,102570,00453500dc57c73aed346f7f3cf562078103ee6e99cbe752f9e75cf92f2ba100,0037_alola,,,picasso-sleep-v281,現在表示から参照なし。受領ZIPから再生成される,,False
assets/sleep/picasso-v281/0103.webp,未使用・復元対象,107998,8631583d8e3e342807dc382793112f004f623567371ebafe281ff82e81bde041,0038_default,,,picasso-sleep-v281,現在表示から参照なし。受領ZIPから再生成される,,False
assets/sleep/picasso-v281/0104.webp,未使用・復元対象,79126,8d7fa4d4de56a87e928715824356f460aedce88a6099bdbe0509d3273a86a750,0038_default,,,picasso-sleep-v281,現在表示から参照なし。受領ZIPから再生成される,,False
assets/sleep/picasso-v281/0105.webp,未使用・復元対象,82006,6f5c476e34a6ed913259402caca289d6a643da1ed2681c59ac13c9637a522b1b,0038_default,,,picasso-sleep-v281,現在表示から参照なし。受領ZIPから再生成される,,False
assets/sleep/picasso-v281/0106.webp,未使用・復元対象,116288,d6734350abd721b75c59fad25f5dfcc9826ca08ef364b971f666cc81aafd7669,0038_default,,,picasso-sleep-v281,現在表示から参照なし。受領ZIPから再生成される,,False
assets/sleep/picasso-v281/0107.webp,未使用・復元対象,106032,8339ab3e09b46e12dd44d394acd2c3669097f3da8ba954e9da17e26f274bd159,0038_alola,,,picasso-sleep-v281,現在表示から参照なし。受領ZIPから再生成される,,False
assets/sleep/picasso-v281/0108.webp,未使用・復元対象,80798,4ee6357e42cd050d01a3862b9ba27126332a6ef47e7339528648431f0f2e7d99,0038_alola,,,picasso-sleep-v281,現在表示から参照なし。受領ZIPから再生成される,,False
assets/sleep/picasso-v281/0109.webp,未使用・復元対象,66850,81c75aca42e74153f17835c4412e1b32e1224778930928f47c0eef1448700041,0038_alola,,,picasso-sleep-v281,現在表示から参照なし。受領ZIPから再生成される,,False
assets/sleep/picasso-v281/0110.webp,未使用・復元対象,120348,cd824bdfe8cb982e7f0ce1fc9652005c73c01e995ecb81a7f7201fe632947094,0038_alola,,,picasso-sleep-v281,現在表示から参照なし。受領ZIPから再生成される,,False
assets/sleep/picasso-v281/0111.webp,未使用・復元対象,91382,464de39dee7d0a84f9a710396c7d7b16b0ba7c41ddcf006eb0cb981bcbbc46d9,0039_default,,,picasso-sleep-v281,現在表示から参照なし。受領ZIPから再生成される,,False
assets/sleep/picasso-v281/0112.webp,未使用・復元対象,101202,816a7f3b5e9a2d47cab335fac5599f9a090eaeebcff5713ab6caba1705102d34,0039_default,,,picasso-sleep-v281,現在表示から参照なし。受領ZIPから再生成される,,False
assets/sleep/picasso-v281/0113.webp,未使用・復元対象,91468,1ee76b459ae35d2c2fe2ca2add76ebf6a89af2889d4884d905bfcba4ee9fb4e3,0039_default,,,picasso-sleep-v281,現在表示から参照なし。受領ZIPから再生成される,,False
assets/sleep/picasso-v281/0114.webp,未使用・復元対象,96936,e7afbfe32654fdd06d16803bf0edfa21cb610fa49ceee26c7354683d4acf38b3,0039_default,,,picasso-sleep-v281,現在表示から参照なし。受領ZIPから再生成される,,False
assets/sleep/picasso-v281/0115.webp,未使用・復元対象,69060,082f1639a1679d963d82964704cb590bab4f07234d09f74885c90586f9e82899,0040_default,,,picasso-sleep-v281,現在表示から参照なし。受領ZIPから再生成される,,False
assets/sleep/picasso-v281/0116.webp,未使用・復元対象,83566,c8871018c7de3f1c9d4da058bf3909a7fe2590da575c762b7cb85850784a5874,0040_default,,,picasso-sleep-v281,現在表示から参照なし。受領ZIPから再生成される,,False
assets/sleep/picasso-v281/0117.webp,未使用・復元対象,77004,e495fe9f929a80417adddd9d0bd0d27e9e1c6c0b6cf88ee133eec2a0481445ac,0040_default,,,picasso-sleep-v281,現在表示から参照なし。受領ZIPから再生成される,,False
assets/sleep/picasso-v281/0118.webp,未使用・復元対象,105134,fd910df2f1bedae99d7355c5dd32fd269fe9ecd53c1244f0942cfa8b7fed8510,0040_default,,,picasso-sleep-v281,現在表示から参照なし。受領ZIPから再生成される,,False
assets/sleep/picasso-v281/0119.webp,未使用・復元対象,103656,192d781846296bf247143a484f7d5103a3a5b890dbc61ee075b255b16e4dbc21,0050_default,,,picasso-sleep-v281,現在表示から参照なし。受領ZIPから再生成される,,False
assets/sleep/picasso-v281/0120.webp,未使用・復元対象,104110,145e6b5d6746eb6fce2d793e372b81eefa4c51895c3cad2addfc3e6d57e84a5d,0050_default,,,picasso-sleep-v281,現在表示から参照なし。受領ZIPから再生成される,,False
assets/sleep/picasso-v281/0121.webp,未使用・復元対象,105510,85fae09dbdc101a749bc86cbf631d6a2588fa8055538fa8fb9cb2e5973a525a6,0050_default,,,picasso-sleep-v281,現在表示から参照なし。受領ZIPから再生成される,,False
assets/sleep/picasso-v281/0122.webp,未使用・復元対象,68506,601b13c5f01505ea0f9af63933b68c7fd4afb76a6191684115e1631a43894732,0051_default,,,picasso-sleep-v281,現在表示から参照なし。受領ZIPから再生成される,,False
assets/sleep/picasso-v281/0123.webp,未使用・復元対象,76842,acc4d60822640170c051c67edbfa0b6ee70a86696e5fde8ea947b946475578c3,0051_default,,,picasso-sleep-v281,現在表示から参照なし。受領ZIPから再生成される,,False
assets/sleep/picasso-v281/0124.webp,未使用・復元対象,56978,4d0d2b7909c052434440a69b40871d21eaabd8429192e60141d6c9d0cf886de2,0051_default,,,picasso-sleep-v281,現在表示から参照なし。受領ZIPから再生成される,,False
assets/sleep/picasso-v281/0125.webp,未使用・復元対象,106638,a0e124aa919b5ec84791bd10ead71d21195508458f1ddfb526019db74addd3aa,0052_default,,,picasso-sleep-v281,現在表示から参照なし。受領ZIPから再生成される,,False
assets/sleep/picasso-v281/0126.webp,未使用・復元対象,114194,ede5f460172b5a076effdd2aa71f89a7e33eefbbe1876762ed8b7a92cf8801d1,0052_default,,,picasso-sleep-v281,現在表示から参照なし。受領ZIPから再生成される,,False
assets/sleep/picasso-v281/0127.webp,未使用・復元対象,66552,a466dee32b4b2e59aabf196af336020a1df3ba363b9f7084aee8765f6919c8d2,0052_default,,,picasso-sleep-v281,現在表示から参照なし。受領ZIPから再生成される,,False
assets/sleep/picasso-v281/0128.webp,未使用・復元対象,100240,e5c3e6a98e4c5df5270b2098547bed7acea08496bbd8b8cebe8931dadc7ad0e1,0052_default,,,picasso-sleep-v281,現在表示から参照なし。受領ZIPから再生成される,,False
assets/sleep/picasso-v281/0129.webp,未使用・復元対象,69816,9b721e44533ab2a5bb7fcee00d8ada647547672a889b98ab1b6f27b39b22c43c,0053_default,,,picasso-sleep-v281,現在表示から参照なし。受領ZIPから再生成される,,False
assets/sleep/picasso-v281/0130.webp,未使用・復元対象,84804,2289fa6f727c08148656eeb844c3411792bf817df3ee3fa5cd6937215bc0b967,0053_default,,,picasso-sleep-v281,現在表示から参照なし。受領ZIPから再生成される,,False
assets/sleep/picasso-v281/0131.webp,未使用・復元対象,79334,b1064f04f833fea1c8bc7b1f83d8f0407bc732748aa21b8a2375baf809d3129a,0053_default,,,picasso-sleep-v281,現在表示から参照なし。受領ZIPから再生成される,,False
assets/sleep/picasso-v281/0132.webp,未使用・復元対象,102464,a28166633fd8f1afa96144ee848b9fb0e422f69e448ae9695560ffec440d8ec0,0053_default,,,picasso-sleep-v281,現在表示から参照なし。受領ZIPから再生成される,,False
assets/sleep/picasso-v281/0133.webp,未使用・復元対象,89400,58c63c28fbcebdd52191b96d12dfbfdb7b3b9b7cf6f6ca168ce11f6e394e6ff9,0054_default,,,picasso-sleep-v281,現在表示から参照なし。受領ZIPから再生成される,,False
assets/sleep/picasso-v281/0134.webp,未使用・復元対象,72458,6f453567de61faeda351ae3b689a00900280847a49dcf5f3df85b1b02ddbe519,0054_default,,,picasso-sleep-v281,現在表示から参照なし。受領ZIPから再生成される,,False
assets/sleep/picasso-v281/0135.webp,未使用・復元対象,97840,3029abd2409ff54ed10c0aad08b33640fd6741d8a890413dc4526a6fe9800fd3,0054_default,,,picasso-sleep-v281,現在表示から参照なし。受領ZIPから再生成される,,False
assets/sleep/picasso-v281/0136.webp,未使用・復元対象,97910,bfff4c2a7a8f52bb126c352ab5b2344acba8839fc96799eb531de62ac72ca16e,0054_default,,,picasso-sleep-v281,現在表示から参照なし。受領ZIPから再生成される,,False
assets/sleep/picasso-v281/0137.webp,未使用・復元対象,75610,872484cd45f6bac7cf41a2a5d8e95464ebb099b7168f5effafbbc0935b2c2ae2,0055_default,,,picasso-sleep-v281,現在表示から参照なし。受領ZIPから再生成される,,False
assets/sleep/picasso-v281/0138.webp,未使用・復元対象,103304,af4e357bf0c92376c00421343a62f85280eacc16e2d1a09c82081679f47d8345,0055_default,,,picasso-sleep-v281,現在表示から参照なし。受領ZIPから再生成される,,False
assets/sleep/picasso-v281/0139.webp,未使用・復元対象,94764,a93bc05f98c1fae87e7d418910ca6d42e4d201ff7b7aaa677f61e3d048d0882e,0055_default,,,picasso-sleep-v281,現在表示から参照なし。受領ZIPから再生成される,,False
assets/sleep/picasso-v281/0140.webp,未使用・復元対象,112252,5622ecd02081a4a7ea4c0bc8189fa37cab598a22940af2ba4638acc4e8f94e8b,0055_default,,,picasso-sleep-v281,現在表示から参照なし。受領ZIPから再生成される,,False
assets/sleep/picasso-v281/0141.webp,未使用・復元対象,107106,24c94f46c3679e4d9e99916337a5b60afcaf67a4115b5fc850ab1c2242502ecf,0056_default,,,picasso-sleep-v281,現在表示から参照なし。受領ZIPから再生成される,,False
assets/sleep/picasso-v281/0142.webp,未使用・復元対象,75158,f2cfda02b03a456b926d74e5bfec452209898be10f0d085d34d9cc0e66b3494d,0056_default,,,picasso-sleep-v281,現在表示から参照なし。受領ZIPから再生成される,,False
assets/sleep/picasso-v281/0143.webp,未使用・復元対象,103966,ac28abfd4ffb9fbfa71e53d82ce9a3871a29598baecd434423abbef188feb1e2,0056_default,,,picasso-sleep-v281,現在表示から参照なし。受領ZIPから再生成される,,False
assets/sleep/picasso-v281/0144.webp,未使用・復元対象,112632,03771098c97ef5249c898ac5527bdef539383efce5cb8167892f9f9f5aa3488b,0056_default,,,picasso-sleep-v281,現在表示から参照なし。受領ZIPから再生成される,,False
assets/sleep/picasso-v281/0145.webp,未使用・復元対象,72434,fd0a52200a8e98d4924e371a509916ede5a8646f75e505146c0f3dbc0cb4c424,0057_default,,,picasso-sleep-v281,現在表示から参照なし。受領ZIPから再生成される,,False
assets/sleep/picasso-v281/0146.webp,未使用・復元対象,75526,89faf50159609846ece7de64329e95b745b800dc5a4988b136cc1f2581736b3a,0057_default,,,picasso-sleep-v281,現在表示から参照なし。受領ZIPから再生成される,,False
assets/sleep/picasso-v281/0147.webp,未使用・復元対象,71956,a3eec6e7644a315e522fd556442a4a601b4b06e3c14557bbeac5a2d646a0ea45,0057_default,,,picasso-sleep-v281,現在表示から参照なし。受領ZIPから再生成される,,False
assets/sleep/picasso-v281/0148.webp,未使用・復元対象,111130,cfd8cb93306c13cfb994a893ebf871f73ddc4c2a5e9c4f872314d8d87ce67ab5,0057_default,,,picasso-sleep-v281,現在表示から参照なし。受領ZIPから再生成される,,False
assets/sleep/picasso-v281/0149.webp,未使用・復元対象,98896,61921a17eae14f280e5eb0ae320b0ef87347bd8740b8edd4e6c8c34fcf8a1eac,0058_default,,,picasso-sleep-v281,現在表示から参照なし。受領ZIPから再生成される,,False
assets/sleep/picasso-v281/0150.webp,未使用・復元対象,103080,bb6c42b8b4f8fdeca3728cdd023fad611b549c1b15e6a899f0a1654a2054f6bb,0058_default,,,picasso-sleep-v281,現在表示から参照なし。受領ZIPから再生成される,,False
assets/sleep/picasso-v281/0151.webp,未使用・復元対象,98506,e438a1c18ac6ed6c39a9e7b620f71805e533dde66469aecc986060eff9f1ee6e,0058_default,,,picasso-sleep-v281,現在表示から参照なし。受領ZIPから再生成される,,False
assets/sleep/picasso-v281/0152.webp,未使用・復元対象,117294,4b062376a686966d44e2b3300ec4c835e841b2d83b8f16a16c11bb0f7ba0b880,0058_default,,,picasso-sleep-v281,現在表示から参照なし。受領ZIPから再生成される,,False
assets/sleep/picasso-v281/0153.webp,未使用・復元対象,92108,f1a83cba13d02b4285f469b80fbe69c74e907387d17acf1d4e72d2c53b3d688e,0059_default,,,picasso-sleep-v281,現在表示から参照なし。受領ZIPから再生成される,,False
assets/sleep/picasso-v281/0154.webp,未使用・復元対象,112122,4011d72850677908914bb442bfe964353821b144406ffd3269a0f76ced0bf0b5,0059_default,,,picasso-sleep-v281,現在表示から参照なし。受領ZIPから再生成される,,False
assets/sleep/picasso-v281/0155.webp,未使用・復元対象,114512,8059534b701dbdcbde870779c1b9af94b74fb78e7b6ce0de52f65333c286ee58,0059_default,,,picasso-sleep-v281,現在表示から参照なし。受領ZIPから再生成される,,False
assets/sleep/picasso-v281/0156.webp,未使用・復元対象,118516,83a6337a2f551343ce0d46aca872327e669bef31131e7a8bf3f1e6992531bc9a,0059_default,,,picasso-sleep-v281,現在表示から参照なし。受領ZIPから再生成される,,False
assets/sleep/picasso-v281/0157.webp,未使用・復元対象,97122,847af7c902bb28314ed25bcc72e6156c3a71353ce7fa85e3907ace7a5c2ff9c0,0069_default,,,picasso-sleep-v281,現在表示から参照なし。受領ZIPから再生成される,,False
assets/sleep/picasso-v281/0158.webp,未使用・復元対象,101392,eda71bb78c33e55af94ea444848c6b40c5dd37df7fa723d9eefc0160a05fb521,0069_default,,,picasso-sleep-v281,現在表示から参照なし。受領ZIPから再生成される,,False
assets/sleep/picasso-v281/0159.webp,未使用・復元対象,93358,d8838de7d1c9e0d7bac8b8f2a5a25efe1f56b2aabb4cedaeb15cf06448d6faab,0069_default,,,picasso-sleep-v281,現在表示から参照なし。受領ZIPから再生成される,,False
assets/sleep/picasso-v281/0160.webp,未使用・復元対象,96638,d360def1fb9d6395062ebfc5112f5443abbba656d5a8a6a8446e56cf978d1a54,0069_default,,,picasso-sleep-v281,現在表示から参照なし。受領ZIPから再生成される,,False
assets/sleep/picasso-v281/0161.webp,未使用・復元対象,102546,d961a0e4c569562d3a740b757ac8162a3b8588ca955b9f574f54d1a901c185df,0070_default,,,picasso-sleep-v281,現在表示から参照なし。受領ZIPから再生成される,,False
assets/sleep/picasso-v281/0162.webp,未使用・復元対象,99372,30473e4f68cc4ad3e83fee1ee59031913a9cdc6e44a09f51029c49773999e4bd,0070_default,,,picasso-sleep-v281,現在表示から参照なし。受領ZIPから再生成される,,False
assets/sleep/picasso-v281/0163.webp,未使用・復元対象,97452,efbff4c9125dfc9d8fcc628bb538047b37a9d85ba9712f1cc489d02afa840533,0070_default,,,picasso-sleep-v281,現在表示から参照なし。受領ZIPから再生成される,,False
assets/sleep/picasso-v281/0164.webp,未使用・復元対象,108082,34ee80b50fb06ed9d1d3f27bddcd5805e80f291be12ad878d4ebf221dcdb3666,0070_default,,,picasso-sleep-v281,現在表示から参照なし。受領ZIPから再生成される,,False
assets/sleep/picasso-v281/0165.webp,未使用・復元対象,98986,f46c5a372d791e3182decbd962aeccd8bbf663c21ebac94ee28e01c0aec20dbf,0071_default,,,picasso-sleep-v281,現在表示から参照なし。受領ZIPから再生成される,,False
assets/sleep/picasso-v281/0166.webp,未使用・復元対象,99728,cd9e5e207665ff1088f5be357932643e5bdfaa8c8f9d03caef8c87a50a0f2b56,0071_default,,,picasso-sleep-v281,現在表示から参照なし。受領ZIPから再生成される,,False
assets/sleep/picasso-v281/0167.webp,未使用・復元対象,97370,6a711998f8498c31a9f3bfaf38435c0e3ac3b53ce84e7614d6c97b2ade2cada4,0071_default,,,picasso-sleep-v281,現在表示から参照なし。受領ZIPから再生成される,,False
assets/sleep/picasso-v281/0168.webp,未使用・復元対象,111070,ae47a19241aca668b150ed8ffe8b5e6607ad1634919d08dc71251cc00e5b9187,0071_default,,,picasso-sleep-v281,現在表示から参照なし。受領ZIPから再生成される,,False
assets/sleep/picasso-v281/0169.webp,未使用・復元対象,89944,658a8071f0b670165205f329575505b36c3187c38673241f9f6bc2a5ee9c2e3c,0074_default,,,picasso-sleep-v281,現在表示から参照なし。受領ZIPから再生成される,,False
assets/sleep/picasso-v281/0170.webp,未使用・復元対象,100836,9d1b1f8b2264e1030fe5be55ff388b50656154536d4aea30ff4a3456946166cf,0074_default,,,picasso-sleep-v281,現在表示から参照なし。受領ZIPから再生成される,,False
assets/sleep/picasso-v281/0171.webp,未使用・復元対象,100746,ea604584be39404eaf5bb6091147d58bf1bb5ef5000a36cbec545b55ef316b4c,0074_default,,,picasso-sleep-v281,現在表示から参照なし。受領ZIPから再生成される,,False
assets/sleep/picasso-v281/0172.webp,未使用・復元対象,97502,2f91a736dfe8899f933e12cce4a8137e5ff987c3c7e608f5ab96f0c70083846c,0074_default,,,picasso-sleep-v281,現在表示から参照なし。受領ZIPから再生成される,,False
assets/sleep/picasso-v281/0173.webp,未使用・復元対象,79314,9e8ad88dd2fe8951015e9848c86f4f399b5ef300dd91c1f2b8f2d3931d9e0f7a,0075_default,,,picasso-sleep-v281,現在表示から参照なし。受領ZIPから再生成される,,False
assets/sleep/picasso-v281/0174.webp,未使用・復元対象,106884,08c729094fd3079af78b1492d6f2f4d6c5378d657caa5407d7ee7d48c315944c,0075_default,,,picasso-sleep-v281,現在表示から参照なし。受領ZIPから再生成される,,False
assets/sleep/picasso-v281/0175.webp,未使用・復元対象,105310,2be85c2c697af502c146c83f0ae35233f658c4b31b64616d0c0dbc7de63253d9,0075_default,,,picasso-sleep-v281,現在表示から参照なし。受領ZIPから再生成される,,False
assets/sleep/picasso-v281/0176.webp,未使用・復元対象,108738,cd64240a66060777cd2b64314d1327e6fccb13e63e5e8dfe4c36dda688d34198,0075_default,,,picasso-sleep-v281,現在表示から参照なし。受領ZIPから再生成される,,False
assets/sleep/picasso-v281/0177.webp,未使用・復元対象,79278,f7bfdd029f47afda5be3ba9f285f7762c2cec7cefc24b569d18f4bee8c96dbe6,0076_default,,,picasso-sleep-v281,現在表示から参照なし。受領ZIPから再生成される,,False
assets/sleep/picasso-v281/0178.webp,未使用・復元対象,102068,bf34fcbe62298a2460a087917d01bbc5b2b73acaf90b25f328f64492d94bd1ae,0076_default,,,picasso-sleep-v281,現在表示から参照なし。受領ZIPから再生成される,,False
assets/sleep/picasso-v281/0179.webp,未使用・復元対象,78098,636bcc76a3cdb0c44cd28351c6d4df9fb1eb5784fbb5f405f50f1e3d26f30cfa,0076_default,,,picasso-sleep-v281,現在表示から参照なし。受領ZIPから再生成される,,False
assets/sleep/picasso-v281/0180.webp,未使用・復元対象,117376,d0bb634d5f664f54045f47b977a9aa8ef7ab1f8e19f71d96df0861c27debc0db,0076_default,,,picasso-sleep-v281,現在表示から参照なし。受領ZIPから再生成される,,False
assets/sleep/picasso-v281/0181.webp,未使用・復元対象,92318,17508dd7a4d283080bf8f49cfeb201b70f9e8a666f98ab4e765caccfdd088bc3,0079_default,,,picasso-sleep-v281,現在表示から参照なし。受領ZIPから再生成される,,False
assets/sleep/picasso-v281/0182.webp,未使用・復元対象,70664,fae95e59e7f63fb6369e0bf21d74f3d995ba9020d244ecb2172df1de84904221,0079_default,,,picasso-sleep-v281,現在表示から参照なし。受領ZIPから再生成される,,False
assets/sleep/picasso-v281/0183.webp,未使用・復元対象,93160,0a10de1aa2f3428e93c8e3bf04a436123ff92dc21aa7539adb3077bbd6081cf2,0079_default,,,picasso-sleep-v281,現在表示から参照なし。受領ZIPから再生成される,,False
assets/sleep/picasso-v281/0184.webp,未使用・復元対象,97702,579645c56222036baa48cfdb9671f3f6757426432abc06a06f60dbafa6812fd5,0079_default,,,picasso-sleep-v281,現在表示から参照なし。受領ZIPから再生成される,,False
assets/sleep/picasso-v281/0185.webp,未使用・復元対象,86898,9bbf03d3a209ee889f80362ca691c195c6dcef2d5ab4f5f7140808a78bf19401,0080_default,,,picasso-sleep-v281,現在表示から参照なし。受領ZIPから再生成される,,False
assets/sleep/picasso-v281/0186.webp,未使用・復元対象,83442,f38e71b92ef88b83df93eac4b3bf8c74264a1a8d5188ce2fc966e5df644b7c18,0080_default,,,picasso-sleep-v281,現在表示から参照なし。受領ZIPから再生成される,,False
assets/sleep/picasso-v281/0187.webp,未使用・復元対象,84968,583cb4ce078e7f6bc6ee706db03db98c7ff98f105417c6910eaae736cb3a38fd,0080_default,,,picasso-sleep-v281,現在表示から参照なし。受領ZIPから再生成される,,False
assets/sleep/picasso-v281/0188.webp,未使用・復元対象,106318,511369866d4c5f7632772aaf7ba752d931382c3c0151ee282c25816826bb2a8f,0080_default,,,picasso-sleep-v281,現在表示から参照なし。受領ZIPから再生成される,,False
assets/sleep/picasso-v281/0189.webp,未使用・復元対象,98230,b74fa46188be184230f21de968a8a78c4a41c0f23944692d19ca85760ac712c3,0081_default,,,picasso-sleep-v281,現在表示から参照なし。受領ZIPから再生成される,,False
assets/sleep/picasso-v281/0190.webp,未使用・復元対象,99924,327ae433d722fbe2d18f4503d0764365613df89b0188fd69a30f35d445abb91b,0081_default,,,picasso-sleep-v281,現在表示から参照なし。受領ZIPから再生成される,,False
assets/sleep/picasso-v281/0191.webp,未使用・復元対象,98060,2dd334f69394795406ae94808a03f772830e7174ebdbca0dd9c93b4a1c7eb46d,0081_default,,,picasso-sleep-v281,現在表示から参照なし。受領ZIPから再生成される,,False
assets/sleep/picasso-v281/0192.webp,未使用・復元対象,116924,1fc56a638361ab12e3531d64936902f59f1c051cea49adc7b7358735b6676b89,0082_default,,,picasso-sleep-v281,現在表示から参照なし。受領ZIPから再生成される,,False
assets/sleep/picasso-v281/0193.webp,未使用・復元対象,111612,43c5c9b517be08f3ef5352c8e99dc5ef91257cef60906de42a83a05fd87dc914,0082_default,,,picasso-sleep-v281,現在表示から参照なし。受領ZIPから再生成される,,False
assets/sleep/picasso-v281/0194.webp,未使用・復元対象,111554,466a1cf3291c8413d6ece2c31def932eed0ce0b5785bc8e8b395ce6ac5ed89f2,0082_default,,,picasso-sleep-v281,現在表示から参照なし。受領ZIPから再生成される,,False
assets/sleep/picasso-v281/0195.webp,未使用・復元対象,58550,e81d6adbca2312c19fd98ae7ed3e4b44fed6fe2cc314f8fd58cc77f03eaf4930,0083_default,,,picasso-sleep-v281,現在表示から参照なし。受領ZIPから再生成される,,False
assets/sleep/picasso-v281/0196.webp,未使用・復元対象,58638,386a92edfd29fe37504a650b749cba0f0a235c0e445277273bf622df288e3663,0083_default,,,picasso-sleep-v281,現在表示から参照なし。受領ZIPから再生成される,,False
assets/sleep/picasso-v281/0197.webp,未使用・復元対象,71070,2be67b21eccdeb012717c020d173d56838b898430ba3af0bcafd7c3f8bf6d65e,,,,picasso-sleep-v281,現在表示から参照なし。受領ZIPから再生成される,,False
assets/sleep/picasso-v281/0198.webp,未使用・復元対象,110146,639ca12834b4b49516040c22842dc10681476ba68bf6e4817fd05610e35f945d,0083_default,,,picasso-sleep-v281,現在表示から参照なし。受領ZIPから再生成される,,False
assets/sleep/picasso-v281/0199.webp,未使用・復元対象,64122,f6bcdf6125587b7a8fb187e990b8161de64253fdb316a489b60b09b9bf0977b7,0084_default,,,picasso-sleep-v281,現在表示から参照なし。受領ZIPから再生成される,,False
assets/sleep/picasso-v281/0200.webp,未使用・復元対象,67660,1f92a13d6bc1579956f01ac0b71be6cfbce7c3e81e30dca678f42dec38f3d23b,0084_default,,,picasso-sleep-v281,現在表示から参照なし。受領ZIPから再生成される,,False
assets/sleep/picasso-v281/0201.webp,未使用・復元対象,67512,e22d814ea17ac2e44874859a2b8b1b5c5075837bf4319bad5cf054e1318746b6,0084_default,,,picasso-sleep-v281,現在表示から参照なし。受領ZIPから再生成される,,False
assets/sleep/picasso-v281/0202.webp,未使用・復元対象,109362,e4c2cf7cbda841c8cccf52ee32325ec80dd946037caa2b7220f5030ba5653440,0084_default,,,picasso-sleep-v281,現在表示から参照なし。受領ZIPから再生成される,,False
assets/sleep/picasso-v281/0203.webp,未使用・復元対象,103432,bb9add03650c9826d09f13ef955e4157e905d62a60ab7644341bc2db80c3478e,0085_default,,,picasso-sleep-v281,現在表示から参照なし。受領ZIPから再生成される,,False
assets/sleep/picasso-v281/0204.webp,未使用・復元対象,113048,6af76b2a9a85afa70049043bc030e3bf2a07d2c98194879219f6eb8bd21c692e,0085_default,,,picasso-sleep-v281,現在表示から参照なし。受領ZIPから再生成される,,False
assets/sleep/picasso-v281/0205.webp,未使用・復元対象,90814,d4847b39be874fc8956ec46ccf887a6a4a93a04826e22163df68d5fc5f2848f4,0085_default,,,picasso-sleep-v281,現在表示から参照なし。受領ZIPから再生成される,,False
assets/sleep/picasso-v281/0206.webp,未使用・復元対象,123544,2a9f86f4b19dff97025fe1ad3541b543e37dce3ea66901a3796f8844dd130c0d,0085_default,,,picasso-sleep-v281,現在表示から参照なし。受領ZIPから再生成される,,False
assets/sleep/picasso-v281/0207.webp,未使用・復元対象,105058,95d07535b89d937353f12e7319f7b3d076f03c1e97b34a41823f3dc8bda2f256,0092_default,,,picasso-sleep-v281,現在表示から参照なし。受領ZIPから再生成される,,False
assets/sleep/picasso-v281/0208.webp,未使用・復元対象,107900,70939b0d36c0caafd97b41aa9886bf0ca156c63ac1baf6962a32202258dee579,0092_default,,,picasso-sleep-v281,現在表示から参照なし。受領ZIPから再生成される,,False
assets/sleep/picasso-v281/0209.webp,未使用・復元対象,108586,757f7fb27e064b74f6d1e3e811ea2cd34460c675de1d9b5052e088cd11008cef,0092_default,,,picasso-sleep-v281,現在表示から参照なし。受領ZIPから再生成される,,False
assets/sleep/picasso-v281/0210.webp,未使用・復元対象,94564,5030e6ed1ee5667bdbcc98b54163423e96f0f91cc5b30249e51d67fa2ea83186,0093_default,,,picasso-sleep-v281,現在表示から参照なし。受領ZIPから再生成される,,False
assets/sleep/picasso-v281/0211.webp,未使用・復元対象,96922,240f95135446c403dcf5b5a7d96a849bd4a0154a7776ed9ba1d3382651c7b072,0093_default,,,picasso-sleep-v281,現在表示から参照なし。受領ZIPから再生成される,,False
assets/sleep/picasso-v281/0212.webp,未使用・復元対象,97674,aa2db74201faf24b8f1bc1f9c5e5638f5a9a8f7b34860903db3e8e43d9a4e9a5,0093_default,,,picasso-sleep-v281,現在表示から参照なし。受領ZIPから再生成される,,False
assets/sleep/picasso-v281/0213.webp,未使用・復元対象,79544,de62ebb72f8288143559ad5fc95645ef316d5846a56052262259273f8692a59c,0094_default,,,picasso-sleep-v281,現在表示から参照なし。受領ZIPから再生成される,,False
assets/sleep/picasso-v281/0214.webp,未使用・復元対象,64760,6305f905c3dc67060967c4544948a16203a2b93cbb334d2685eae77352dbd005,0094_default,,,picasso-sleep-v281,現在表示から参照なし。受領ZIPから再生成される,,False
assets/sleep/picasso-v281/0215.webp,未使用・復元対象,70110,986b8c59a121d2df507e0fb702260f13c26f3320ad9f6c951bb1135a5b37cfbf,0094_default,,,picasso-sleep-v281,現在表示から参照なし。受領ZIPから再生成される,,False
assets/sleep/picasso-v281/0216.webp,未使用・復元対象,101244,ed6f01b1a20dd48d2aa61ccf51f502b6d180855356228d1bd137ae351749d6a5,0094_default,,,picasso-sleep-v281,現在表示から参照なし。受領ZIPから再生成される,,False
assets/sleep/picasso-v281/0217.webp,未使用・復元対象,109536,65f28659ac90b0d67ca0ae6119b01478c5ed1e62bf1e620fcd3bb5173d1d55ca,0095_default,,,picasso-sleep-v281,現在表示から参照なし。受領ZIPから再生成される,,False
assets/sleep/picasso-v281/0218.webp,未使用・復元対象,100020,ee654e019e4fdc2bd77580ee1422531f87a4904ee4ad39829e350fa57941317a,0095_default,,,picasso-sleep-v281,現在表示から参照なし。受領ZIPから再生成される,,False
assets/sleep/picasso-v281/0219.webp,未使用・復元対象,118470,e8f2119f1d40056b7423a3b1160774a8ae7e84198e844fcb17bf4966d0c7a108,0095_default,,,picasso-sleep-v281,現在表示から参照なし。受領ZIPから再生成される,,False
assets/sleep/picasso-v281/0220.webp,未使用・復元対象,96538,4645fcd3ad129ead7341698904d19a0a99fc5adca289827cc6ecbd2d204b5de1,0104_default,,,picasso-sleep-v281,現在表示から参照なし。受領ZIPから再生成される,,False
assets/sleep/picasso-v281/0221.webp,未使用・復元対象,98696,840771a16a62b1d882ed04efa1b3bafaf0c27bb387bdab6b08db4467eb22ebb9,0104_default,,,picasso-sleep-v281,現在表示から参照なし。受領ZIPから再生成される,,False
assets/sleep/picasso-v281/0222.webp,未使用・復元対象,102622,cbd30a5c97c619cd33bd88394eed492ba00a499091cc71dda431a661bdb9639d,0104_default,,,picasso-sleep-v281,現在表示から参照なし。受領ZIPから再生成される,,False
assets/sleep/picasso-v281/0223.webp,未使用・復元対象,101396,638a21040d5e12b820e504fa92d86518c6b2005c6bac753f033e57050ec34266,0104_default,,,picasso-sleep-v281,現在表示から参照なし。受領ZIPから再生成される,,False
assets/sleep/picasso-v281/0224.webp,未使用・復元対象,91350,25dfd72dcb65f6b63fc7e937ac39bf341200ce50743aa98492c2bb85bb86f00b,0105_default,,,picasso-sleep-v281,現在表示から参照なし。受領ZIPから再生成される,,False
assets/sleep/picasso-v281/0225.webp,未使用・復元対象,48762,1a830c30440294ef36ecca7e15e6926c29ffd604775d2447a810228c08af177e,0105_default,,,picasso-sleep-v281,現在表示から参照なし。受領ZIPから再生成される,,False
assets/sleep/picasso-v281/0226.webp,未使用・復元対象,100854,101ae3a1d4adbfbba263de3a2ec9a7ea87cae42f4ddf304bc5855807201525fd,0105_default,,,picasso-sleep-v281,現在表示から参照なし。受領ZIPから再生成される,,False
assets/sleep/picasso-v281/0227.webp,未使用・復元対象,106322,8ed3e85dbad206daa4b12058e11786d9a679f212d5bfbed1f40cc495e7373a42,0105_default,,,picasso-sleep-v281,現在表示から参照なし。受領ZIPから再生成される,,False
assets/sleep/picasso-v281/0228.webp,未使用・復元対象,74612,c3d84b5ab51e63ed819ec475896f638602f98d13dbc50a7c74468adf7456509e,0113_default,,,picasso-sleep-v281,現在表示から参照なし。受領ZIPから再生成される,,False
assets/sleep/picasso-v281/0229.webp,未使用・復元対象,80090,5b9ca75299112affb7edc941ef3172d7156f49e9d12ad119dd32e976da01d62d,0113_default,,,picasso-sleep-v281,現在表示から参照なし。受領ZIPから再生成される,,False
assets/sleep/picasso-v281/0230.webp,未使用・復元対象,85164,4a41135483728b2c13acec26a6554a4d4df4f2d58043c5a710588f7427d67e2f,0113_default,,,picasso-sleep-v281,現在表示から参照なし。受領ZIPから再生成される,,False
assets/sleep/picasso-v281/0231.webp,未使用・復元対象,107042,bc227d7ce0737f25faf2fb549d12603ec411a16d3aa2deefe10a6ab81147e05d,0113_default,,,picasso-sleep-v281,現在表示から参照なし。受領ZIPから再生成される,,False
assets/sleep/picasso-v281/0232.webp,未使用・復元対象,94754,17cbb01e889308e2167786b42649a692ca70ba91a889e4e164a5ec1dde51a85a,0115_default,,,picasso-sleep-v281,現在表示から参照なし。受領ZIPから再生成される,,False
assets/sleep/picasso-v281/0233.webp,未使用・復元対象,91770,9bae4452b8f968402e277543b84f24e694614f7836c9ed9684c9966dd6e7ccc8,0115_default,,,picasso-sleep-v281,現在表示から参照なし。受領ZIPから再生成される,,False
assets/sleep/picasso-v281/0234.webp,未使用・復元対象,108470,6f2e5daf982ce8f740b3290bfdb517f76889be38ed40ac3f1566257af81baa0c,0115_default,,,picasso-sleep-v281,現在表示から参照なし。受領ZIPから再生成される,,False
assets/sleep/picasso-v281/0235.webp,未使用・復元対象,113544,58c1ca82e6758fe2426bc95d9b08152a7efac7b1fcd4fc6ca7c34d38aeeecc36,0115_default,,,picasso-sleep-v281,現在表示から参照なし。受領ZIPから再生成される,,False
assets/sleep/picasso-v281/0236.webp,未使用・復元対象,82020,60a62cd472d74a4802cf2b96863dcf16bd2e54a68f5fe8102a2d51ca3ff76908,0122_default,,,picasso-sleep-v281,現在表示から参照なし。受領ZIPから再生成される,,False
assets/sleep/picasso-v281/0237.webp,未使用・復元対象,110492,83ef8655460b6d8d190945e1ee44da3028278525f33c37c3922992e03e822bd5,0122_default,,,picasso-sleep-v281,現在表示から参照なし。受領ZIPから再生成される,,False
assets/sleep/picasso-v281/0238.webp,未使用・復元対象,85424,9bd370ec75346a8bfd8e4ac0c209ae7fcda3083d079b31c2e4654f457af1aed3,0122_default,,,picasso-sleep-v281,現在表示から参照なし。受領ZIPから再生成される,,False
assets/sleep/picasso-v281/0239.webp,未使用・復元対象,110718,695d723cb0bf34498185c8fed96b2f5a51f4883d713a5876c557f1fe309878be,0122_default,,,picasso-sleep-v281,現在表示から参照なし。受領ZIPから再生成される,,False
assets/sleep/picasso-v281/0240.webp,未使用・復元対象,92392,7ff3c31baada6620cd90a4cb0b3b699a0af86894fb633c0305c8778dffc37a7c,0127_default,,,picasso-sleep-v281,現在表示から参照なし。受領ZIPから再生成される,,False
assets/sleep/picasso-v281/0241.webp,未使用・復元対象,76924,ceddddffd6b272492a4dd0a8fabc48a2e3f0f2975262477755c2a450121e3334,0127_default,,,picasso-sleep-v281,現在表示から参照なし。受領ZIPから再生成される,,False
assets/sleep/picasso-v281/0242.webp,未使用・復元対象,92768,963054ba2734f498354b3a5a1aa2a05253acff447837e06b455b4164e1bf5251,0127_default,,,picasso-sleep-v281,現在表示から参照なし。受領ZIPから再生成される,,False
assets/sleep/picasso-v281/0243.webp,未使用・復元対象,123464,56d202a036f9bd108a9358511aa32722605e429a9ea37598ccd17f91be9ac877,0127_default,,,picasso-sleep-v281,現在表示から参照なし。受領ZIPから再生成される,,False
assets/sleep/picasso-v281/0244.webp,未使用・復元対象,91220,1100fe9f0684a593c125db4067dd146bb40d48e869322360c20637283246904d,0132_default,,,picasso-sleep-v281,現在表示から参照なし。受領ZIPから再生成される,,False
assets/sleep/picasso-v281/0245.webp,未使用・復元対象,93330,282338adf356e7a3461b23b789d1e098576c98366ac68838ac755f4c98ec1bdc,0132_default,,,picasso-sleep-v281,現在表示から参照なし。受領ZIPから再生成される,,False
assets/sleep/picasso-v281/0246.webp,未使用・復元対象,59414,3b15165ae5c2e9eb1b8e0b69c9806993ad2a6ea78979c1d03556b698abfb0453,0132_default,,,picasso-sleep-v281,現在表示から参照なし。受領ZIPから再生成される,,False
assets/sleep/picasso-v281/0247.webp,未使用・復元対象,91852,81cae73b417ecc61fa729f4afbe95038ef0e4ecceb15a4b95c0337d264d5f937,0132_default,,,picasso-sleep-v281,現在表示から参照なし。受領ZIPから再生成される,,False
assets/sleep/picasso-v281/0248.webp,未使用・復元対象,101480,73aab6ba2648a24e36585cddb7b0f733f528b72a48ffa2a3bfe51f67cc0fcab3,0132_default,,,picasso-sleep-v281,現在表示から参照なし。受領ZIPから再生成される,,False
assets/sleep/picasso-v281/0249.webp,未使用・復元対象,103004,3330e1c700decb72880eeb08d963597756baac898c33e9f45bb432b7e769590a,0132_default,,,picasso-sleep-v281,現在表示から参照なし。受領ZIPから再生成される,,False
assets/sleep/picasso-v281/0250.webp,未使用・復元対象,102168,e577d7b4eb2aa5500f27695ed9a14d3de0ec33e3af52fb1905a1dd445ee7faa1,0132_default,,,picasso-sleep-v281,現在表示から参照なし。受領ZIPから再生成される,,False
assets/sleep/picasso-v281/0251.webp,未使用・復元対象,89446,3069cccb232ddd4c2f2777a80efdeec1686c7b83919def019898195353788b0b,0132_default,,,picasso-sleep-v281,現在表示から参照なし。受領ZIPから再生成される,,False
assets/sleep/picasso-v281/0252.webp,未使用・復元対象,98114,dd5715e9c965b4a1afc3056eb2d75ba6f2d1493c13a712d93705589683e48c79,0132_default,,,picasso-sleep-v281,現在表示から参照なし。受領ZIPから再生成される,,False
assets/sleep/picasso-v281/0253.webp,未使用・復元対象,97092,a2c416741d8969d909bd9e60b7e3b3bca4c96ebb3cd5ec9a551739062fb54cb3,0132_default,,,picasso-sleep-v281,現在表示から参照なし。受領ZIPから再生成される,,False
assets/sleep/picasso-v281/0254.webp,未使用・復元対象,66052,bb22b798ba4ff7fde307429f83356fbc08dd87fafbe4e24c2135c5f0e0a60670,0132_default,,,picasso-sleep-v281,現在表示から参照なし。受領ZIPから再生成される,,False
assets/sleep/picasso-v281/0255.webp,未使用・復元対象,59114,be9849b7fba7a9d641a8b7faca14bda1564b344f77e6e668b4e5c238b19b42f4,0132_default,,,picasso-sleep-v281,現在表示から参照なし。受領ZIPから再生成される,,False
assets/sleep/picasso-v281/0256.webp,未使用・復元対象,84296,293ed0b2e8ee9fc3ab21fddae9762d0d65fe44ddd74a5a399c8f8f1e6bd8ccf5,0133_default,,,picasso-sleep-v281,現在表示から参照なし。受領ZIPから再生成される,,False
assets/sleep/picasso-v281/0257.webp,未使用・復元対象,102804,1d557309717498efee1435a3a5e2acde2bfb7ee1239b586a9756ced7f26a476e,0133_default,,,picasso-sleep-v281,現在表示から参照なし。受領ZIPから再生成される,,False
assets/sleep/picasso-v281/0258.webp,未使用・復元対象,71386,4c3522f37d1ee6ce43e31377887a97d8ef97e91b9e9a26f90690e309db920ea0,0133_default,,,picasso-sleep-v281,現在表示から参照なし。受領ZIPから再生成される,,False
assets/sleep/picasso-v281/0259.webp,未使用・復元対象,104108,d315380deb0d70a71d24e3e56d423b5f1e718bc7d2e690f4eee402d830f472b0,0133_default,,,picasso-sleep-v281,現在表示から参照なし。受領ZIPから再生成される,,False
assets/sleep/picasso-v281/0260.webp,未使用・復元対象,109918,d8d9c2a911a75bd0c31177db23f06fbe589968ec99aa72f46f19afde60192548,0134_default,,,picasso-sleep-v281,現在表示から参照なし。受領ZIPから再生成される,,False
assets/sleep/picasso-v281/0261.webp,未使用・復元対象,83696,c813d653a9886dab65ef6fd35adb0d17f395f7b2389416e8597d7a6aa1380420,0134_default,,,picasso-sleep-v281,現在表示から参照なし。受領ZIPから再生成される,,False
assets/sleep/picasso-v281/0262.webp,未使用・復元対象,80912,a20d4f2b91df0fbd5176b96e1f3ce9ecad5904334081dc574645884bb681def6,0134_default,,,picasso-sleep-v281,現在表示から参照なし。受領ZIPから再生成される,,False
assets/sleep/picasso-v281/0263.webp,未使用・復元対象,101042,84ff4fb90944f103c316672f33e48188bd501509dcde4ad2ffc8f03fb305ae5a,0135_default,,,picasso-sleep-v281,現在表示から参照なし。受領ZIPから再生成される,,False
assets/sleep/picasso-v281/0264.webp,未使用・復元対象,79404,ef530a1c14abbc744b320677356d299ea2a19fb6f639aeb374bff312677a2952,0135_default,,,picasso-sleep-v281,現在表示から参照なし。受領ZIPから再生成される,,False
assets/sleep/picasso-v281/0265.webp,未使用・復元対象,95338,380cb3408547d0d26d34d3d2e8eb0f405e4a3b02dc4dc7cb5e6a6cdcca6859e5,0135_default,,,picasso-sleep-v281,現在表示から参照なし。受領ZIPから再生成される,,False
assets/sleep/picasso-v281/0266.webp,未使用・復元対象,119600,6b080de6f631fa050d8ca7cac99926a762d5e7417ce64c875dbe1e583a37113a,0135_default,,,picasso-sleep-v281,現在表示から参照なし。受領ZIPから再生成される,,False
assets/sleep/picasso-v281/0267.webp,未使用・復元対象,107496,2556aa804c1c56f90722c7d036270e0b8081e390780ba047d197fbabb01e4a8c,0136_default,,,picasso-sleep-v281,現在表示から参照なし。受領ZIPから再生成される,,False
assets/sleep/picasso-v281/0268.webp,未使用・復元対象,73098,0b15728b704848b87a3d7b4f4e9c9f8ab9fe5b3cdf7e93dd32d8fac0b6572eba,,,,picasso-sleep-v281,現在表示から参照なし。受領ZIPから再生成される,,False
assets/sleep/picasso-v281/0269.webp,未使用・復元対象,105378,72afa71b0c5bc6ed959970fddc06d669fe5b84d88fc695911e75c756d522538a,0136_default,,,picasso-sleep-v281,現在表示から参照なし。受領ZIPから再生成される,,False
assets/sleep/picasso-v281/0270.webp,未使用・復元対象,119750,6782a810eb6998c8da0b0d7e8d56919a6c8ad1c743f958dfa67cb34dfce675a9,0136_default,,,picasso-sleep-v281,現在表示から参照なし。受領ZIPから再生成される,,False
assets/sleep/picasso-v281/0271.webp,未使用・復元対象,92316,85f0e1f3001e4f783fe514e13180ba8496214cb4c219f433af7f4bc51af65dd4,0147_default,,,picasso-sleep-v281,現在表示から参照なし。受領ZIPから再生成される,,False
assets/sleep/picasso-v281/0272.webp,未使用・復元対象,48662,123341b22cbeeca68c8141c792a3ba832587c7f22d87d0a8dd32bc63ba0f48af,0147_default,,,picasso-sleep-v281,現在表示から参照なし。受領ZIPから再生成される,,False
assets/sleep/picasso-v281/0273.webp,未使用・復元対象,94980,9cb382aee49a0ff6f38e160ed57da48d80314d80d696bc855918700946a095b6,0147_default,,,picasso-sleep-v281,現在表示から参照なし。受領ZIPから再生成される,,False
assets/sleep/picasso-v281/0274.webp,未使用・復元対象,99594,901d186ffef8e995e9597d4faeede638c02170e3338a80ec7d7faf06b45d9d2c,0147_default,,,picasso-sleep-v281,現在表示から参照なし。受領ZIPから再生成される,,False
assets/sleep/picasso-v281/0275.webp,未使用・復元対象,72586,c575bfa592900f99aac175b74bc19083d5a4bee7281cec2f44bc67b9a14cc852,0148_default,,,picasso-sleep-v281,現在表示から参照なし。受領ZIPから再生成される,,False
assets/sleep/picasso-v281/0276.webp,未使用・復元対象,83904,e06213af8e66a647fda7669763b493fae3da9abe38de725053df6685c0c51545,0148_default,,,picasso-sleep-v281,現在表示から参照なし。受領ZIPから再生成される,,False
assets/sleep/picasso-v281/0277.webp,未使用・復元対象,106356,86818d2a6bfdfd7cc463696aa2963173dac4170423e57a03a7c03587138cdb00,0148_default,,,picasso-sleep-v281,現在表示から参照なし。受領ZIPから再生成される,,False
assets/sleep/picasso-v281/0278.webp,未使用・復元対象,107830,f6a0de98b894b4e9293304e85629df2998c9a5d3936aa0a0863cb797bb7f8510,0148_default,,,picasso-sleep-v281,現在表示から参照なし。受領ZIPから再生成される,,False
assets/sleep/picasso-v281/0279.webp,未使用・復元対象,95586,6b6dccf064827ea0f5cb8cb8d07050071f1019a9151c1fd86cf627075d862697,0149_default,,,picasso-sleep-v281,現在表示から参照なし。受領ZIPから再生成される,,False
assets/sleep/picasso-v281/0280.webp,未使用・復元対象,93186,b2995ba1a88426b9ee577ee3db4751cc4c817cee8dfd7f34a4dcf3178a34c026,0149_default,,,picasso-sleep-v281,現在表示から参照なし。受領ZIPから再生成される,,False
assets/sleep/picasso-v281/0281.webp,未使用・復元対象,105572,7d291490329c9f33b4127e51a4973703618869b900303f70bc48f9803aa5b24f,0149_default,,,picasso-sleep-v281,現在表示から参照なし。受領ZIPから再生成される,,False
assets/sleep/picasso-v281/0282.webp,未使用・復元対象,91862,9305063ed27c6b43855217edbec095b8c49e0e4ab9e53b2064409ba1cf21c907,0150_default,,,picasso-sleep-v281,現在表示から参照なし。受領ZIPから再生成される,,False
assets/sleep/picasso-v281/0283.webp,未使用・復元対象,88984,08abeb39b4665aacb596043e9d9dbc006ef0480061a13cc61c4eb1f5da1b143b,0150_default,,,picasso-sleep-v281,現在表示から参照なし。受領ZIPから再生成される,,False
assets/sleep/picasso-v281/0284.webp,未使用・復元対象,101568,53d28ea3be00d8085f0afc558ba699bb49717654291c3e98cd8a7e0563b7c802,0150_default,,,picasso-sleep-v281,現在表示から参照なし。受領ZIPから再生成される,,False
assets/sleep/picasso-v281/0285.webp,参照表のみ・保留,109898,5e02cf88e0cf642b808c63285b1d31ec100d0a789dfde2d497b68e9cc3b69557,,,,picasso-sleep-v281,実データの表示参照はないが画像マップに残る。参照整理が先,,False
assets/sleep/picasso-v281/0286.webp,参照表のみ・保留,192642,e3a31da7a7655427a7e346fa8e689583870ccdbe47fa0201ed1dada0605fb526,,,,picasso-sleep-v281,実データの表示参照はないが画像マップに残る。参照整理が先,,False
assets/sleep/picasso-v281/0287.webp,未使用・復元対象,104456,ed67585a67eadd613b6d2e76d5582e7f4a13c8100d68761a7ef4b78cb7bc6c96,0151_default,,,picasso-sleep-v281,現在表示から参照なし。受領ZIPから再生成される,,False
assets/sleep/picasso-v281/0288.webp,未使用・復元対象,105406,9ca191a356e90773cca6b27a3f97991e6d7da08eaf291a317264ec7e821eb6e5,0151_default,,,picasso-sleep-v281,現在表示から参照なし。受領ZIPから再生成される,,False
assets/sleep/picasso-v281/0289.webp,未使用・復元対象,92802,4229d717c2658c2a3909c4c543076ec6a9807ed35b94f7a9234140cc04ca7cb9,,,,picasso-sleep-v281,現在表示から参照なし。受領ZIPから再生成される,,False
assets/sleep/picasso-v281/0290.webp,未使用・復元対象,96952,9245c3cd0ff10cec9fd9aeaf80bf4452d401a274431c59a1cf6a514f8fba74ec,0152_default,,,picasso-sleep-v281,現在表示から参照なし。受領ZIPから再生成される,,False
assets/sleep/picasso-v281/0291.webp,未使用・復元対象,91224,c4ef9fccce0512dcc85668a0fadea91464d5960f75a8fc287b9e3298dc6e767f,0152_default,,,picasso-sleep-v281,現在表示から参照なし。受領ZIPから再生成される,,False
assets/sleep/picasso-v281/0292.webp,未使用・復元対象,90948,b8ab2c1f9c0bb5cf84152ae351f0c731570119a49bd56cbb2180d27170e0f92a,0152_default,,,picasso-sleep-v281,現在表示から参照なし。受領ZIPから再生成される,,False
assets/sleep/picasso-v281/0293.webp,未使用・復元対象,104188,a26abeb8d6b69bbc7ab8eaf283537a8b6573f7c17acddb9c30b32677c21e7806,0153_default,,,picasso-sleep-v281,現在表示から参照なし。受領ZIPから再生成される,,False
assets/sleep/picasso-v281/0294.webp,未使用・復元対象,106178,790530fddf08c57ac7db328006e350d4dfcfe3497f5db0d62b3ea9d849883b6a,0153_default,,,picasso-sleep-v281,現在表示から参照なし。受領ZIPから再生成される,,False
assets/sleep/picasso-v281/0295.webp,未使用・復元対象,100326,4f76c3114b8766562876b6f02f870054d4722a42a82cf1f50719f7967be15f0b,,,,picasso-sleep-v281,現在表示から参照なし。受領ZIPから再生成される,,False
assets/sleep/picasso-v281/0296.webp,未使用・復元対象,109502,e612b9be01aa89e603e3f7e012d55d51d2b6ecdc54bb10c2388c47d86aede138,0153_default,,,picasso-sleep-v281,現在表示から参照なし。受領ZIPから再生成される,,False
assets/sleep/picasso-v281/0297.webp,未使用・復元対象,115764,bd34b71cb642d5e7d6f59144f4c2926c641156a938c94bd466135608a72b0cd6,0154_default,,,picasso-sleep-v281,現在表示から参照なし。受領ZIPから再生成される,,False
assets/sleep/picasso-v281/0298.webp,未使用・復元対象,109614,0de325008dec1e1d876d57acda89f3eab7eae95c5b7df4a071239a4cdac67e27,0154_default,,,picasso-sleep-v281,現在表示から参照なし。受領ZIPから再生成される,,False
assets/sleep/picasso-v281/0299.webp,未使用・復元対象,135196,dc4406c278aac8b32f33b44a1b53795c886b0aea87b6f5f9e964ecaf500fe265,0154_default,,,picasso-sleep-v281,現在表示から参照なし。受領ZIPから再生成される,,False
assets/sleep/picasso-v281/0300.webp,未使用・復元対象,121396,0bbd55caac6db1dc77e0806b8044e648f2054e5e3b0eaba2747b2af74e2599dc,0154_default,,,picasso-sleep-v281,現在表示から参照なし。受領ZIPから再生成される,,False
assets/sleep/picasso-v281/0301.webp,未使用・復元対象,95582,c0d890629c506e813475511caa2178f4ece5669e7595210917e56df980b6077c,0155_default,,,picasso-sleep-v281,現在表示から参照なし。受領ZIPから再生成される,,False
assets/sleep/picasso-v281/0302.webp,未使用・復元対象,93918,3e919a2bed97324537840da23b3df2c1e65ff9bcf765875567d0513c572b69e1,0155_default,,,picasso-sleep-v281,現在表示から参照なし。受領ZIPから再生成される,,False
assets/sleep/picasso-v281/0303.webp,未使用・復元対象,105074,f4f39a9afca82fece0e0b071786a3a1beb6f97a50a73e1075bd37dc1aee7f6b9,0155_default,,,picasso-sleep-v281,現在表示から参照なし。受領ZIPから再生成される,,False
assets/sleep/picasso-v281/0304.webp,未使用・復元対象,95544,e101afb10974192f203bfcb1c542f2c16d5d37523695a927c005cb8a154a2c09,0155_default,,,picasso-sleep-v281,現在表示から参照なし。受領ZIPから再生成される,,False
assets/sleep/picasso-v281/0305.webp,未使用・復元対象,95382,81c0ed7f9f6ab0e90967a859f222c3f7610de75d8dfe74f6e36557cec51e6a83,0156_default,,,picasso-sleep-v281,現在表示から参照なし。受領ZIPから再生成される,,False
assets/sleep/picasso-v281/0306.webp,未使用・復元対象,92564,0c9096bd956de7a88a14eb4eec1bea748b1ab0acbfda280f2dd724faaac502ed,0156_default,,,picasso-sleep-v281,現在表示から参照なし。受領ZIPから再生成される,,False
assets/sleep/picasso-v281/0307.webp,未使用・復元対象,102066,b41c5dd9750bd25df22b49e8e38d8f73cf53ce7279776c30b69c0a43d8d3345e,0156_default,,,picasso-sleep-v281,現在表示から参照なし。受領ZIPから再生成される,,False
assets/sleep/picasso-v281/0308.webp,未使用・復元対象,105022,971fcd9b546a6326984358f448d69d330ee04b29b4b23724f5f596534b6535d4,0156_default,,,picasso-sleep-v281,現在表示から参照なし。受領ZIPから再生成される,,False
assets/sleep/picasso-v281/0309.webp,未使用・復元対象,105418,a8cefa4e153d8be7fd5572a88aa86985f47a800027b79f8d0e7e2eeb46fb751c,0157_default,,,picasso-sleep-v281,現在表示から参照なし。受領ZIPから再生成される,,False
assets/sleep/picasso-v281/0310.webp,未使用・復元対象,103270,999637c9cf8c32d95aa38c903b4657714fb14996a482f38ef8bc501cfd88f2ba,0157_default,,,picasso-sleep-v281,現在表示から参照なし。受領ZIPから再生成される,,False
assets/sleep/picasso-v281/0311.webp,未使用・復元対象,100784,256ab82ddbf9335cca7e87d33c878d3ac9297e9c8abbf7784b2423797a038718,0157_default,,,picasso-sleep-v281,現在表示から参照なし。受領ZIPから再生成される,,False
assets/sleep/picasso-v281/0312.webp,未使用・復元対象,109990,a76999cea6e1d6a8b0d32c812c42b3fd6318b953bfe9f66d2017728a6155d963,0157_default,,,picasso-sleep-v281,現在表示から参照なし。受領ZIPから再生成される,,False
assets/sleep/picasso-v281/0313.webp,未使用・復元対象,100946,97ec8f60e9d3eb8d058eab0ec40f430ebcdf4515ffa7dce3534149ac52ef626d,0158_default,,,picasso-sleep-v281,現在表示から参照なし。受領ZIPから再生成される,,False
assets/sleep/picasso-v281/0314.webp,未使用・復元対象,100386,a3f56aff81a92da7112ccd62a96544bbc7995277d4edc2faf139a3f9ddd5d9fc,0158_default,,,picasso-sleep-v281,現在表示から参照なし。受領ZIPから再生成される,,False
assets/sleep/picasso-v281/0315.webp,未使用・復元対象,102178,608eb0060394f7ff0b53d92c5fceebcaa98a2f01e0a7ece457cc32fa5e6d925d,0158_default,,,picasso-sleep-v281,現在表示から参照なし。受領ZIPから再生成される,,False
assets/sleep/picasso-v281/0316.webp,未使用・復元対象,100386,a6fce78e4cf02faca8f5161554d05f103d805ef114b575f61033bde8daa85060,0158_default,,,picasso-sleep-v281,現在表示から参照なし。受領ZIPから再生成される,,False
assets/sleep/picasso-v281/0317.webp,未使用・復元対象,98842,349e2f451904e215a0a537592ed6a8965eab3826d917a85e6d1bd78798b4b93b,0159_default,,,picasso-sleep-v281,現在表示から参照なし。受領ZIPから再生成される,,False
assets/sleep/picasso-v281/0318.webp,未使用・復元対象,106006,a88fcf083e277b784f5061a29d23a9eaef72a0d674bcdc682ecbede5cfc1c84e,0159_default,,,picasso-sleep-v281,現在表示から参照なし。受領ZIPから再生成される,,False
assets/sleep/picasso-v281/0319.webp,未使用・復元対象,96734,bbc0738eaf7b33360456d2bb666f99fae71db14ff37121c8e1d7534a34beee11,0159_default,,,picasso-sleep-v281,現在表示から参照なし。受領ZIPから再生成される,,False
assets/sleep/picasso-v281/0320.webp,未使用・復元対象,116682,fd487f7f3e0c36ffc4d24373256c3eac1b01e217f13c0ab952e955021924f9e6,0159_default,,,picasso-sleep-v281,現在表示から参照なし。受領ZIPから再生成される,,False
assets/sleep/picasso-v281/0321.webp,未使用・復元対象,104876,5ef4e4571e7e3a6277ce013c49dff98a7918880ecf81eb2520a6480a50053fb5,0160_default,,,picasso-sleep-v281,現在表示から参照なし。受領ZIPから再生成される,,False
assets/sleep/picasso-v281/0322.webp,未使用・復元対象,115022,0e19edd70aefc84daf9316981117e281098e01f321c169b1c9636ad0cc56bd9d,0160_default,,,picasso-sleep-v281,現在表示から参照なし。受領ZIPから再生成される,,False
assets/sleep/picasso-v281/0323.webp,未使用・復元対象,113048,8d3dc118e20dd9d6544e476d43cd9d0d7843765da4ae235343fd8259a127e26a,0160_default,,,picasso-sleep-v281,現在表示から参照なし。受領ZIPから再生成される,,False
assets/sleep/picasso-v281/0324.webp,未使用・復元対象,126038,ae82f712a19e28fefed3d4958043e6d981dbbe0955a9adc0b1a770aff1865131,0160_default,,,picasso-sleep-v281,現在表示から参照なし。受領ZIPから再生成される,,False
assets/sleep/picasso-v281/0325.webp,未使用・復元対象,101350,36569fe8da080c38dbc49026348272859f12337652f7032c83c8b4bae6839051,0172_default,,,picasso-sleep-v281,現在表示から参照なし。受領ZIPから再生成される,,False
assets/sleep/picasso-v281/0326.webp,未使用・復元対象,100930,615d99eb7a2ca47d959c6393c7d31485a8c04f840b242af91de27003fc7f5aa2,0172_default,,,picasso-sleep-v281,現在表示から参照なし。受領ZIPから再生成される,,False
assets/sleep/picasso-v281/0327.webp,未使用・復元対象,95398,542b552c27b259787fc2b2c5f2a63750a8d4de558dc46187d750417cc5799985,0172_default,,,picasso-sleep-v281,現在表示から参照なし。受領ZIPから再生成される,,False
assets/sleep/picasso-v281/0328.webp,未使用・復元対象,92230,22f0cd84dcfef8afcdca50afa97850ceb6f3e843a294a470fc3caffcdf65056b,0172_default,,,picasso-sleep-v281,現在表示から参照なし。受領ZIPから再生成される,,False
assets/sleep/picasso-v281/0329.webp,未使用・復元対象,96806,3a1eba3bdfe011c28fe0cfd9f317526519551b632a2f081e2b7aa022f044a974,0173_default,,,picasso-sleep-v281,現在表示から参照なし。受領ZIPから再生成される,,False
assets/sleep/picasso-v281/0330.webp,未使用・復元対象,97006,2a568a7d5fa6472d14936fe760d1082eef21cff920cea98979c28695457e64be,0173_default,,,picasso-sleep-v281,現在表示から参照なし。受領ZIPから再生成される,,False
assets/sleep/picasso-v281/0331.webp,未使用・復元対象,96968,f71cae1391cd3ebd77c1a952d9a6c9a75db5aa905456a3c3c503964d60ad0401,0173_default,,,picasso-sleep-v281,現在表示から参照なし。受領ZIPから再生成される,,False
assets/sleep/picasso-v281/0332.webp,未使用・復元対象,88076,9a0f7b4a4b21980a3a8f1763254a74de474ab6d0f79ccdc2739b5b1d4a115a92,0173_default,,,picasso-sleep-v281,現在表示から参照なし。受領ZIPから再生成される,,False
assets/sleep/picasso-v281/0333.webp,未使用・復元対象,97662,46bed2fb20d268e63b1fafd03dda589f99c0c69c5e74f016b56fe6e5250ffd51,0174_default,,,picasso-sleep-v281,現在表示から参照なし。受領ZIPから再生成される,,False
assets/sleep/picasso-v281/0334.webp,未使用・復元対象,98510,6f53d142e6f6468f31d59093de033be8e2f7b0a35bfdc2d36fd22d5d87ab0d22,0174_default,,,picasso-sleep-v281,現在表示から参照なし。受領ZIPから再生成される,,False
assets/sleep/picasso-v281/0335.webp,未使用・復元対象,95062,7f19945980056118018c70477ff9574097adb8c81a88b318e3ca80cfd705f9e4,0174_default,,,picasso-sleep-v281,現在表示から参照なし。受領ZIPから再生成される,,False
assets/sleep/picasso-v281/0336.webp,未使用・復元対象,86598,3c7e7a2af11582e24b78dd401f7d03659ceab4dc01eb641a3fced5b8f7a76e5e,0174_default,,,picasso-sleep-v281,現在表示から参照なし。受領ZIPから再生成される,,False
assets/sleep/picasso-v281/0337.webp,未使用・復元対象,101404,ed4089f15953d70d53821ec74c1cbd363c676db870b0c5762233295cade12d05,0175_default,,,picasso-sleep-v281,現在表示から参照なし。受領ZIPから再生成される,,False
assets/sleep/picasso-v281/0338.webp,未使用・復元対象,102900,9f2eae5fbf9ce777686bdcad0315a11fa485971013c1a64dab9de5bb8080f303,0175_default,,,picasso-sleep-v281,現在表示から参照なし。受領ZIPから再生成される,,False
assets/sleep/picasso-v281/0339.webp,未使用・復元対象,98828,e5a8702e078fda7be8a8cea37d2e52e01c8cb626800fc3c6aa36b5dbdb3514a4,0175_default,,,picasso-sleep-v281,現在表示から参照なし。受領ZIPから再生成される,,False
assets/sleep/picasso-v281/0340.webp,未使用・復元対象,90748,691c0350c905c90104cfee3acaf0ec0878c416b1f5cf9dc0aebd3431f575cddf,0175_default,,,picasso-sleep-v281,現在表示から参照なし。受領ZIPから再生成される,,False
assets/sleep/picasso-v281/0341.webp,未使用・復元対象,92912,bfe44a6f98c5a8a944b118290b725eb95c130bd7c17ad59004801d06e7971198,0176_default,,,picasso-sleep-v281,現在表示から参照なし。受領ZIPから再生成される,,False
assets/sleep/picasso-v281/0342.webp,未使用・復元対象,93048,89a8aa0a95c18b2a7ecca6da7f9a4308f92965289f03aaf7e9165157847a94e0,0176_default,,,picasso-sleep-v281,現在表示から参照なし。受領ZIPから再生成される,,False
assets/sleep/picasso-v281/0343.webp,未使用・復元対象,95082,7beb3c7d4fa610aea133c636749be94a05f8a71ef53e803da42aab1c5d5fe953,,,,picasso-sleep-v281,現在表示から参照なし。受領ZIPから再生成される,,False
assets/sleep/picasso-v281/0344.webp,未使用・復元対象,99510,2647a0043bc92d2296657cfae48d6f23db6ed3bba46cfa6e28ea70f0d725ef6a,0176_default,,,picasso-sleep-v281,現在表示から参照なし。受領ZIPから再生成される,,False
assets/sleep/picasso-v281/0345.webp,未使用・復元対象,100880,5b35450cf0b3efc12aa558c9b40b0f163bad49560073260b1829e7818921e181,0177_default,,,picasso-sleep-v281,現在表示から参照なし。受領ZIPから再生成される,,False
assets/sleep/picasso-v281/0346.webp,未使用・復元対象,89972,a8097eaee4167f8f9f758b9810522689cbf30e11edb0b7185bc5b249f2d879d5,0177_default,,,picasso-sleep-v281,現在表示から参照なし。受領ZIPから再生成される,,False
assets/sleep/picasso-v281/0347.webp,未使用・復元対象,92834,540926033949fd9fba15709b13a3d2adf6b7f6cdaea2ba1f7f7166012fe7a07b,0177_default,,,picasso-sleep-v281,現在表示から参照なし。受領ZIPから再生成される,,False
assets/sleep/picasso-v281/0348.webp,未使用・復元対象,89634,c2ab749db5c88c04bd5011cf35a7731771b9af9bde90357fb118264770f6ffdf,0177_default,,,picasso-sleep-v281,現在表示から参照なし。受領ZIPから再生成される,,False
assets/sleep/picasso-v281/0349.webp,未使用・復元対象,104294,6c9a414e1234ba52c9ec070ac0395c6646daf255bdb3254c670d1fa22037f8d0,0178_default,,,picasso-sleep-v281,現在表示から参照なし。受領ZIPから再生成される,,False
assets/sleep/picasso-v281/0350.webp,未使用・復元対象,94936,0589103017850f019510453bf8b9d7149f4b079739a9d4ab9814093876a42c11,0178_default,,,picasso-sleep-v281,現在表示から参照なし。受領ZIPから再生成される,,False
assets/sleep/picasso-v281/0351.webp,未使用・復元対象,117362,6cdb5e19d64a75dc25522585c86f537d77fd675848ee9f3e81ace89405a93ae7,0178_default,,,picasso-sleep-v281,現在表示から参照なし。受領ZIPから再生成される,,False
assets/sleep/picasso-v281/0352.webp,未使用・復元対象,110242,c3fcb9b55c2f258151bb1a6b5f4d0971314dc202bcfa4314ccd2d7e4741757ba,0178_default,,,picasso-sleep-v281,現在表示から参照なし。受領ZIPから再生成される,,False
assets/sleep/picasso-v281/0353.webp,未使用・復元対象,102798,9ad8d0891ceb11af5d3d7f94fb5d16f55add70aeeb5c99b5c582a7406452cb5f,0179_default,,,picasso-sleep-v281,現在表示から参照なし。受領ZIPから再生成される,,False
assets/sleep/picasso-v281/0354.webp,未使用・復元対象,102318,c1b079ae585236d13068acafa3927ee7b9aabe880cb997364cd1c9d11af9627b,0179_default,,,picasso-sleep-v281,現在表示から参照なし。受領ZIPから再生成される,,False
assets/sleep/picasso-v281/0355.webp,未使用・復元対象,94814,fc232c5bb20fb2032ae3f61f2a9414961bc3785acedc0e363e66409f833ce6c2,0179_default,,,picasso-sleep-v281,現在表示から参照なし。受領ZIPから再生成される,,False
assets/sleep/picasso-v281/0356.webp,未使用・復元対象,102402,ed54b1068610b1b82af4cffbc4bff801f3a3e4b984504bbcc6e85489452a83a2,0179_default,,,picasso-sleep-v281,現在表示から参照なし。受領ZIPから再生成される,,False
assets/sleep/picasso-v281/0357.webp,未使用・復元対象,95602,113e21a08b89bfa428464a7d8cb96e00ccc54f2cca908920322b47af00e8cd21,0180_default,,,picasso-sleep-v281,現在表示から参照なし。受領ZIPから再生成される,,False
assets/sleep/picasso-v281/0358.webp,未使用・復元対象,104084,d25daa01b74fcbe49c36fd5aef39f12d7aea3a3c263a4352007677cd6e6f3530,0180_default,,,picasso-sleep-v281,現在表示から参照なし。受領ZIPから再生成される,,False
assets/sleep/picasso-v281/0359.webp,未使用・復元対象,101182,54e1124b5a3ff7b89996047ec0260773a9aabaa48e064fd584295f0a96eed41a,0180_default,,,picasso-sleep-v281,現在表示から参照なし。受領ZIPから再生成される,,False
assets/sleep/picasso-v281/0360.webp,未使用・復元対象,116906,0221e6c6844bbd656badac91f76d7ec35fe6e00cfb47242bf87ed6914c5e5ea7,0180_default,,,picasso-sleep-v281,現在表示から参照なし。受領ZIPから再生成される,,False
assets/sleep/picasso-v281/0361.webp,未使用・復元対象,96506,c76ed67d6478e67c23d3ca01cc2ef54f30f22844a0c655700ae679488aaf060f,0181_default,,,picasso-sleep-v281,現在表示から参照なし。受領ZIPから再生成される,,False
assets/sleep/picasso-v281/0362.webp,未使用・復元対象,102792,6a5dcaa3700ce4a26d118e8b1fb1f57d2557e075dc2fc73a9a88b264aa55636c,0181_default,,,picasso-sleep-v281,現在表示から参照なし。受領ZIPから再生成される,,False
assets/sleep/picasso-v281/0363.webp,未使用・復元対象,103676,9cabcd03e649c358c814f215ca9cd695c2466575c04b06346e49dc2f87ae0f84,0181_default,,,picasso-sleep-v281,現在表示から参照なし。受領ZIPから再生成される,,False
assets/sleep/picasso-v281/0364.webp,未使用・復元対象,113882,64f2723ec101b0ae9a28650a990b2b35b878f0ee7f9327c7fec7363c6b87b79c,0181_default,,,picasso-sleep-v281,現在表示から参照なし。受領ZIPから再生成される,,False
assets/sleep/picasso-v281/0365.webp,未使用・復元対象,105134,20fae24bb9d4aa48271713884ed1f524c380e35f3ed7628d28b6f11a79429a9f,0185_default,,,picasso-sleep-v281,現在表示から参照なし。受領ZIPから再生成される,,False
assets/sleep/picasso-v281/0366.webp,未使用・復元対象,100134,577637864b5e7d88d64e5824fde3487b3c26110782c1eb8ad1d18d65c8a5e895,0185_default,,,picasso-sleep-v281,現在表示から参照なし。受領ZIPから再生成される,,False
assets/sleep/picasso-v281/0367.webp,未使用・復元対象,100398,a8bf5c0de025f70b593838d71acfe7463a18093fc3c4ef82f2da688b0c9226e3,0185_default,,,picasso-sleep-v281,現在表示から参照なし。受領ZIPから再生成される,,False
assets/sleep/picasso-v281/0368.webp,未使用・復元対象,108208,ff5eab7bc5c514b1145db88ba96d87dc6a2d2027cf3c73e221f5855534b1eca4,0185_default,,,picasso-sleep-v281,現在表示から参照なし。受領ZIPから再生成される,,False
assets/sleep/picasso-v281/0369.webp,未使用・復元対象,98266,7be1d400ad5c662be1b833864f0e504b255fb8a3b420115e9b6779ccc7dbbfc0,0194_default,,,picasso-sleep-v281,現在表示から参照なし。受領ZIPから再生成される,,False
assets/sleep/picasso-v281/0370.webp,未使用・復元対象,97388,3a7cdbbe3b6990cdcea32b8dcf4d2840373ff5a311a7e729c7a35e5c140f63da,0194_default,,,picasso-sleep-v281,現在表示から参照なし。受領ZIPから再生成される,,False
assets/sleep/picasso-v281/0371.webp,未使用・復元対象,115846,a3aa16d5ff8dd450e2ec57134dec8a7bce85d78af5d87b1eb34b2a2c25fce6c0,0194_default,,,picasso-sleep-v281,現在表示から参照なし。受領ZIPから再生成される,,False
assets/sleep/picasso-v281/0372.webp,未使用・復元対象,102188,d02e16a1774432dba58aafb73f1747e5e19e550824f78b792b5ca167ace0e4e1,0194_default,,,picasso-sleep-v281,現在表示から参照なし。受領ZIPから再生成される,,False
assets/sleep/picasso-v281/0373.webp,未使用・復元対象,105130,31bc5f9e709da1f1a2ea9cbe9d75428ce37ab406edb45b52f6c964cf7cae5564,0194_paldea,,,picasso-sleep-v281,現在表示から参照なし。受領ZIPから再生成される,,False
assets/sleep/picasso-v281/0374.webp,未使用・復元対象,104164,959e10410febce0e28c20e183ce272f8610cfb0252699bc8895d8117584213b0,0194_paldea,,,picasso-sleep-v281,現在表示から参照なし。受領ZIPから再生成される,,False
assets/sleep/picasso-v281/0375.webp,未使用・復元対象,109398,7b319138df574304fc869ba01f8ffbaab909d7038f02b3fb594529914ca24803,0194_paldea,,,picasso-sleep-v281,現在表示から参照なし。受領ZIPから再生成される,,False
assets/sleep/picasso-v281/0376.webp,未使用・復元対象,100502,35952173b3d7f2809d37442921484222a9b5759cbbd1ba5cfda3e8a408fe7a59,0194_paldea,,,picasso-sleep-v281,現在表示から参照なし。受領ZIPから再生成される,,False
assets/sleep/picasso-v281/0377.webp,未使用・復元対象,91774,ca8573fac48dfb659f4f564ab9705703c719fef022762d2aa910f4768fbe6fee,0195_default,,,picasso-sleep-v281,現在表示から参照なし。受領ZIPから再生成される,,False
assets/sleep/picasso-v281/0378.webp,未使用・復元対象,99836,819c719f33ac3c6a79f4bdfe386fde7e69c7608595cb6425c5a235b2d9e5d23d,0195_default,,,picasso-sleep-v281,現在表示から参照なし。受領ZIPから再生成される,,False
assets/sleep/picasso-v281/0379.webp,未使用・復元対象,117814,221179c5132af03b43ae7a0a819c65357f3f5b81da98119dda036d54d107c48f,0195_default,,,picasso-sleep-v281,現在表示から参照なし。受領ZIPから再生成される,,False
assets/sleep/picasso-v281/0380.webp,未使用・復元対象,106248,581485e6a286c3777453ea5e23d5bb619e12e2ae6633dbdcf47e611364c093ad,0195_default,,,picasso-sleep-v281,現在表示から参照なし。受領ZIPから再生成される,,False
assets/sleep/picasso-v281/0381.webp,未使用・復元対象,106912,ef7de5138e8980ed51524abacf4fe868fe8f5bf7605c809d629e80a6945de637,0196_default,,,picasso-sleep-v281,現在表示から参照なし。受領ZIPから再生成される,,False
assets/sleep/picasso-v281/0382.webp,未使用・復元対象,106680,1d977b848161e30c79607792672b852bbcb2afa98a8bcd578789788da4ab1ef5,0196_default,,,picasso-sleep-v281,現在表示から参照なし。受領ZIPから再生成される,,False
assets/sleep/picasso-v281/0383.webp,未使用・復元対象,108562,075453e68061ac8d9201a2ac0066d2d05881184bd0151c600711e7dc67d5861f,0196_default,,,picasso-sleep-v281,現在表示から参照なし。受領ZIPから再生成される,,False
assets/sleep/picasso-v281/0384.webp,未使用・復元対象,120904,1a1f3b9c58b90a0c82d26a3a106024099f64dbc272d128ea450fabd892810166,0196_default,,,picasso-sleep-v281,現在表示から参照なし。受領ZIPから再生成される,,False
assets/sleep/picasso-v281/0385.webp,未使用・復元対象,94736,8516ba5531ad59529a71ccf7d614dc7df3cc1a100f222d2de552245f965444d3,0197_default,,,picasso-sleep-v281,現在表示から参照なし。受領ZIPから再生成される,,False
assets/sleep/picasso-v281/0386.webp,未使用・復元対象,100730,324a01b5a8818f0728ac1f3595bf5aacd91fc9c187b5a2ed3ad36e985a8a338a,0197_default,,,picasso-sleep-v281,現在表示から参照なし。受領ZIPから再生成される,,False
assets/sleep/picasso-v281/0387.webp,未使用・復元対象,115272,ccfa3ac4536e1053eb598315e124ac6a21c2f459ec99d3a4e7c6a790e00cba42,0197_default,,,picasso-sleep-v281,現在表示から参照なし。受領ZIPから再生成される,,False
assets/sleep/picasso-v281/0388.webp,未使用・復元対象,107324,eb71f4b3b90984584b6e4760317e161d78ccddaacad384f1a55a2ac0872678af,0198_default,,,picasso-sleep-v281,現在表示から参照なし。受領ZIPから再生成される,,False
assets/sleep/picasso-v281/0389.webp,未使用・復元対象,106870,0cb22a8811ef5443ab5a37d55f71c014ac96f10d35896ca1f90ee6159f9857e8,0198_default,,,picasso-sleep-v281,現在表示から参照なし。受領ZIPから再生成される,,False
assets/sleep/picasso-v281/0390.webp,未使用・復元対象,118252,553417c0f21766e93c4222a3f5607cd608fa1a408f299945f0ef078e6ddf7b1d,0198_default,,,picasso-sleep-v281,現在表示から参照なし。受領ZIPから再生成される,,False
assets/sleep/picasso-v281/0391.webp,未使用・復元対象,105990,16f737b9e9eb072ac5a101569841d8ec8f2a77af1142f5f0992fc8d198db1ce2,0198_default,,,picasso-sleep-v281,現在表示から参照なし。受領ZIPから再生成される,,False
assets/sleep/picasso-v281/0392.webp,未使用・復元対象,96236,fcae59366c4b4559a69f148abdefdc011547325bc9108d1b1db76414712e688e,0199_default,,,picasso-sleep-v281,現在表示から参照なし。受領ZIPから再生成される,,False
assets/sleep/picasso-v281/0393.webp,未使用・復元対象,103828,6f164dac1c859e07e409013dce45f0fd4d7b5ec689ffb720c2a12944f761f2b4,0199_default,,,picasso-sleep-v281,現在表示から参照なし。受領ZIPから再生成される,,False
assets/sleep/picasso-v281/0394.webp,未使用・復元対象,107514,fd73c3de8e89751af998845b5af9372ea0397cf15da669c9bffd4f9b340187dc,0199_default,,,picasso-sleep-v281,現在表示から参照なし。受領ZIPから再生成される,,False
assets/sleep/picasso-v281/0395.webp,未使用・復元対象,109634,6c2189895854202fea5329ba9e5f2e85996817f9bc1abb742bc4a816df165340,0199_default,,,picasso-sleep-v281,現在表示から参照なし。受領ZIPから再生成される,,False
assets/sleep/picasso-v281/0396.webp,未使用・復元対象,94414,b480835f28bcfd19daf7c4c144eea8b25f784128039c5bdf50b591091d7017cd,0202_default,,,picasso-sleep-v281,現在表示から参照なし。受領ZIPから再生成される,,False
assets/sleep/picasso-v281/0397.webp,未使用・復元対象,100700,7fe8e0a5edf2d2374f24aa6f95f49ba7f6301c45b55a32a59c819768e0035e7d,0202_default,,,picasso-sleep-v281,現在表示から参照なし。受領ZIPから再生成される,,False
assets/sleep/picasso-v281/0398.webp,未使用・復元対象,92114,83281cb1e600fae4ec5dedd6a94b794548b817114baa816d77c27328fc783b88,0202_default,,,picasso-sleep-v281,現在表示から参照なし。受領ZIPから再生成される,,False
assets/sleep/picasso-v281/0399.webp,未使用・復元対象,101062,08b81645786e6f98daa87a3f137b769df54c33cecec05893f32edccad41be835,0202_default,,,picasso-sleep-v281,現在表示から参照なし。受領ZIPから再生成される,,False
assets/sleep/picasso-v281/0400.webp,未使用・復元対象,116826,3406a51b01a738b99130df66c58168a5a29db4ddeb2601502d99e8cb066992e6,0208_default,,,picasso-sleep-v281,現在表示から参照なし。受領ZIPから再生成される,,False
assets/sleep/picasso-v281/0401.webp,未使用・復元対象,108968,d07a02ee61faf93fe89ac2d17b9b7dcc83f0847bf4a4ff4ece1739fef14cf5ae,0208_default,,,picasso-sleep-v281,現在表示から参照なし。受領ZIPから再生成される,,False
assets/sleep/picasso-v281/0402.webp,未使用・復元対象,114458,0ccf7224423b4704f5837dc1748d6c958d046bc27ed44687f56e42450bd0e9e5,0208_default,,,picasso-sleep-v281,現在表示から参照なし。受領ZIPから再生成される,,False
assets/sleep/picasso-v281/0403.webp,未使用・復元対象,96340,f268946b513d370477920a27398cca96d6b6ed2cf14dcedba1d8a8a0ae30bb2d,0213_default,,,picasso-sleep-v281,現在表示から参照なし。受領ZIPから再生成される,,False
assets/sleep/picasso-v281/0404.webp,未使用・復元対象,104444,71daa459c95b36bba6f564336754c1d7eca62e78ec16862969174e98e276a6aa,0213_default,,,picasso-sleep-v281,現在表示から参照なし。受領ZIPから再生成される,,False
assets/sleep/picasso-v281/0405.webp,未使用・復元対象,109162,63341990247c30e37a79ddc06b3af93ac4d3223ff134955d7e08d0f65717cc94,0213_default,,,picasso-sleep-v281,現在表示から参照なし。受領ZIPから再生成される,,False
assets/sleep/picasso-v281/0406.webp,未使用・復元対象,98714,966e2c56aa87b1d2c957a783bc81483374fabdb567d337358affdfd9790787ef,0213_default,,,picasso-sleep-v281,現在表示から参照なし。受領ZIPから再生成される,,False
assets/sleep/picasso-v281/0407.webp,未使用・復元対象,105440,7b6dadb21158c266600d7d16f473097de349db9ea9bc30da15f88bf377ace5fc,0214_default,,,picasso-sleep-v281,現在表示から参照なし。受領ZIPから再生成される,,False
assets/sleep/picasso-v281/0408.webp,未使用・復元対象,107366,b2551b44e2688f3cc202611315dc88201687e60268daa0c580ad9c365bfa7d6c,0214_default,,,picasso-sleep-v281,現在表示から参照なし。受領ZIPから再生成される,,False
assets/sleep/picasso-v281/0409.webp,未使用・復元対象,115980,a72dbc4676d0bfc1568f47508a912371712ad7b9739c63c242d56d3e94f95578,0214_default,,,picasso-sleep-v281,現在表示から参照なし。受領ZIPから再生成される,,False
assets/sleep/picasso-v281/0410.webp,未使用・復元対象,110076,f98db687a9b7470f200948f1040ba6335e6f0c3e4c8d1c1d5764a04b38bca88d,0214_default,,,picasso-sleep-v281,現在表示から参照なし。受領ZIPから再生成される,,False
assets/sleep/picasso-v281/0411.webp,未使用・復元対象,105838,8ce4326f0f406e802c062960b7a19fe24077e9da13a1c27f6ad86e0fd0aa2080,0215_default,,,picasso-sleep-v281,現在表示から参照なし。受領ZIPから再生成される,,False
assets/sleep/picasso-v281/0412.webp,未使用・復元対象,104074,b91c622673dc200cb6e65afcfe20f73dda634b753095f6c1ce77984d89e82662,0215_default,,,picasso-sleep-v281,現在表示から参照なし。受領ZIPから再生成される,,False
assets/sleep/picasso-v281/0413.webp,未使用・復元対象,113732,ff769045a115f561ffe9ab369f63ac7a8666b42adb9feb1f1bc71422c57e02bc,0215_default,,,picasso-sleep-v281,現在表示から参照なし。受領ZIPから再生成される,,False
assets/sleep/picasso-v281/0414.webp,未使用・復元対象,98410,98044ca626b2150fe1267f7e2090b14894901383282078254939dd6bc385bcfd,0215_default,,,picasso-sleep-v281,現在表示から参照なし。受領ZIPから再生成される,,False
assets/sleep/picasso-v281/0415.webp,未使用・復元対象,105680,ca7d2fd0fae36b2f7643c9261a55750c1eeda31098a757a18c3602076d876826,0225_default,,,picasso-sleep-v281,現在表示から参照なし。受領ZIPから再生成される,,False
assets/sleep/picasso-v281/0416.webp,未使用・復元対象,103866,21b5cf9dccfc79640a62671d71a8a7e439ad128124d2a34743412426ade2fd49,0225_default,,,picasso-sleep-v281,現在表示から参照なし。受領ZIPから再生成される,,False
assets/sleep/picasso-v281/0417.webp,未使用・復元対象,102276,2e089d4a8f074f7b58656f132c471a3cdfab0d35f3999462dc41fbfca99cb525,0225_default,,,picasso-sleep-v281,現在表示から参照なし。受領ZIPから再生成される,,False
assets/sleep/picasso-v281/0418.webp,未使用・復元対象,111594,69a574e3535ccdc581128f445524e488c42733a68cce950c5b42108628cc4e32,0225_default,,,picasso-sleep-v281,現在表示から参照なし。受領ZIPから再生成される,,False
assets/sleep/picasso-v281/0419.webp,未使用・復元対象,97140,40aa71f2e8c3b70b0f044b81a088f4f807860f1c73be38b31ab7f2bae94c3600,0228_default,,,picasso-sleep-v281,現在表示から参照なし。受領ZIPから再生成される,,False
assets/sleep/picasso-v281/0420.webp,未使用・復元対象,99392,4746a7e7d37955c7a7b68d43e939cb7abdad26bcbe9c8943e2d5996cdb394af2,0228_default,,,picasso-sleep-v281,現在表示から参照なし。受領ZIPから再生成される,,False
assets/sleep/picasso-v281/0421.webp,未使用・復元対象,105542,65ba1437e6f47a1d6c289e41f620721c843dcd406493abcd321d450634cc104a,0228_default,,,picasso-sleep-v281,現在表示から参照なし。受領ZIPから再生成される,,False
assets/sleep/picasso-v281/0422.webp,未使用・復元対象,112740,3bd7891b2cc403accdad97113e5a22e25104b15e2adf6e490e3deeca6d1cc6f1,0228_default,,,picasso-sleep-v281,現在表示から参照なし。受領ZIPから再生成される,,False
assets/sleep/picasso-v281/0423.webp,未使用・復元対象,113566,2f2e140aa277d9584db93584292cc9cd6dd2709db81b4b61710f31063b6bb164,0229_default,,,picasso-sleep-v281,現在表示から参照なし。受領ZIPから再生成される,,False
assets/sleep/picasso-v281/0424.webp,未使用・復元対象,114536,5d31b38a2e6f8c9d0ec6c00fea05f01f862d6d3345be00679ad51d6e3a4d6f58,0229_default,,,picasso-sleep-v281,現在表示から参照なし。受領ZIPから再生成される,,False
assets/sleep/picasso-v281/0425.webp,未使用・復元対象,116120,293bf04000bf8c0093f72cf60d2b928260ef7ff3f43f33ca75ef371f8fd393a9,0229_default,,,picasso-sleep-v281,現在表示から参照なし。受領ZIPから再生成される,,False
assets/sleep/picasso-v281/0426.webp,未使用・復元対象,98194,06f4214f7e62a35597fc2af7e0802d154f0016a4f39f1fbd9efbf58e411cb54f,0242_default,,,picasso-sleep-v281,現在表示から参照なし。受領ZIPから再生成される,,False
assets/sleep/picasso-v281/0427.webp,未使用・復元対象,97770,cb2b8169141213061317c3278fb7d39a97d4062f734512417c43989ddd800cdd,0242_default,,,picasso-sleep-v281,現在表示から参照なし。受領ZIPから再生成される,,False
assets/sleep/picasso-v281/0428.webp,未使用・復元対象,100472,80805536eba71483d07979f33630018c8acdda078cce3479d5b55b78c4047679,0242_default,,,picasso-sleep-v281,現在表示から参照なし。受領ZIPから再生成される,,False
assets/sleep/picasso-v281/0429.webp,未使用・復元対象,109306,e40feb550a1ffb74165d4d7755224417a245317025d1937d26c8382d8a23dd14,0242_default,,,picasso-sleep-v281,現在表示から参照なし。受領ZIPから再生成される,,False
assets/sleep/picasso-v281/0430.webp,未使用・復元対象,122514,1abb8bba170aa4bde1fadeb276ac36aa0504d39af3597fe2244ce0a6da394c95,0243_default,,,picasso-sleep-v281,現在表示から参照なし。受領ZIPから再生成される,,False
assets/sleep/picasso-v281/0431.webp,未使用・復元対象,118646,bbf8c3ee63ebaa39284dd616d6dd88a64b15d99728ee045a3ace8c29a7e85eb0,0243_default,,,picasso-sleep-v281,現在表示から参照なし。受領ZIPから再生成される,,False
assets/sleep/picasso-v281/0432.webp,未使用・復元対象,121654,73724806b9d140f28df5908ddc05ad5fb3e6ce035dc37c8c0a6db4389d3dcb0b,0243_default,,,picasso-sleep-v281,現在表示から参照なし。受領ZIPから再生成される,,False
assets/sleep/picasso-v281/0433.webp,未使用・復元対象,124696,d41da72e53622de0ed3ce0d54d00f471804b559e30bb04890de9cb0df273d74b,0244_default,,,picasso-sleep-v281,現在表示から参照なし。受領ZIPから再生成される,,False
assets/sleep/picasso-v281/0434.webp,未使用・復元対象,124530,2632b0527066a505da5a0fe10e73d15b2726d9a8cbb6427c89f102f991bc0f14,0244_default,,,picasso-sleep-v281,現在表示から参照なし。受領ZIPから再生成される,,False
assets/sleep/picasso-v281/0435.webp,未使用・復元対象,124544,5cc24171f3e949bbb73190d8da99e89c8a857949fe31b748b19d01c643c5e181,0244_default,,,picasso-sleep-v281,現在表示から参照なし。受領ZIPから再生成される,,False
assets/sleep/picasso-v281/0436.webp,未使用・復元対象,106238,46291156ea5b5b228165fdfec0f0e4302a14da548b5e3bf22ff926964fa247f8,0245_default,,,picasso-sleep-v281,現在表示から参照なし。受領ZIPから再生成される,,False
assets/sleep/picasso-v281/0437.webp,未使用・復元対象,105374,02fb67eea181616326a580791f6f55faf077df62e2a941520a550b1ff11cb152,0245_default,,,picasso-sleep-v281,現在表示から参照なし。受領ZIPから再生成される,,False
assets/sleep/picasso-v281/0438.webp,未使用・復元対象,109014,a5a98d6fe88a070198b9ee50371c32e29c087927b41f8f19d859b84f32235627,0245_default,,,picasso-sleep-v281,現在表示から参照なし。受領ZIPから再生成される,,False
assets/sleep/picasso-v281/0439.webp,未使用・復元対象,96844,52a3000c83cf8c697204e3315981b592879bae6cf9576b260a41bf5b44a145c5,0246_default,,,picasso-sleep-v281,現在表示から参照なし。受領ZIPから再生成される,,False
assets/sleep/picasso-v281/0440.webp,未使用・復元対象,90440,33d1054f9705950aae75597b3b933e1b0077379c24d3c190c2d2d4d4d609c69f,0246_default,,,picasso-sleep-v281,現在表示から参照なし。受領ZIPから再生成される,,False
assets/sleep/picasso-v281/0441.webp,未使用・復元対象,103888,d0ae6dc933639fe0385089473693392ab76d00f2ca179db19e06828f0b117198,0246_default,,,picasso-sleep-v281,現在表示から参照なし。受領ZIPから再生成される,,False
assets/sleep/picasso-v281/0442.webp,未使用・復元対象,95788,3fa721bcc3d77a7f4da1845cad47c0cff3befb84a5614dea0453745630f9b1f0,0246_default,,,picasso-sleep-v281,現在表示から参照なし。受領ZIPから再生成される,,False
assets/sleep/picasso-v281/0443.webp,未使用・復元対象,103484,1b1c98f23dbb72c0cef1070e0d777a1bc0b6ee9d0047c852182efb192ef72dc3,0247_default,,,picasso-sleep-v281,現在表示から参照なし。受領ZIPから再生成される,,False
assets/sleep/picasso-v281/0444.webp,未使用・復元対象,100268,0b65f00a1bef14fd3633bb103e18ed0048b470e80e8bebc2914fe996b5b123bc,0247_default,,,picasso-sleep-v281,現在表示から参照なし。受領ZIPから再生成される,,False
assets/sleep/picasso-v281/0445.webp,未使用・復元対象,102556,bde036c62c17c4182c39cf04c1d14556cb12d06862c8e614773144660e630c42,0247_default,,,picasso-sleep-v281,現在表示から参照なし。受領ZIPから再生成される,,False
assets/sleep/picasso-v281/0446.webp,未使用・復元対象,108480,45168c39faa381525363bf3116d2d40049c87032d456eff66cd29d268c503b30,0247_default,,,picasso-sleep-v281,現在表示から参照なし。受領ZIPから再生成される,,False
assets/sleep/picasso-v281/0447.webp,未使用・復元対象,101726,ecb6aa2b6c6121e266bf6698bf05e2be19f05a47038fbfb8972d4b4018cece96,0248_default,,,picasso-sleep-v281,現在表示から参照なし。受領ZIPから再生成される,,False
assets/sleep/picasso-v281/0448.webp,未使用・復元対象,116954,013b69f3f88ca1ea3865f73b55f3041cc38e5a3e6466de3a1d44b26208e716ad,0248_default,,,picasso-sleep-v281,現在表示から参照なし。受領ZIPから再生成される,,False
assets/sleep/picasso-v281/0449.webp,未使用・復元対象,116132,1916bb1c8083d69d99671d281acdb39f82fa27b49203483cadee33fd96658498,0248_default,,,picasso-sleep-v281,現在表示から参照なし。受領ZIPから再生成される,,False
assets/sleep/picasso-v281/0450.webp,未使用・復元対象,105014,021e05ff511504307de2afb58011379b9c7a23e91f2571ff59988e06f0d37799,0252_default,,,picasso-sleep-v281,現在表示から参照なし。受領ZIPから再生成される,,False
assets/sleep/picasso-v281/0451.webp,未使用・復元対象,100666,92275156354a4c7e3f4bf9b8fc0b2884423e4fc8ed8515e54cdc1ff64dc29195,0252_default,,,picasso-sleep-v281,現在表示から参照なし。受領ZIPから再生成される,,False
assets/sleep/picasso-v281/0452.webp,未使用・復元対象,96914,f50b72eaf33e5f6954c0f2974718e940961ed5c6197a32c18549ea904c981d71,0252_default,,,picasso-sleep-v281,現在表示から参照なし。受領ZIPから再生成される,,False
assets/sleep/picasso-v281/0453.webp,未使用・復元対象,103376,51e3ab4d5e2a41aa3babaa5fff9998fe06cd6a839dad4955150a7894654098f4,0252_default,,,picasso-sleep-v281,現在表示から参照なし。受領ZIPから再生成される,,False
assets/sleep/picasso-v281/0454.webp,未使用・復元対象,112378,f50545b43eee9971a1ab84cc03668db6b0e7806679f50a1d3621c6386bff30da,0253_default,,,picasso-sleep-v281,現在表示から参照なし。受領ZIPから再生成される,,False
assets/sleep/picasso-v281/0455.webp,未使用・復元対象,113516,116f24fc65962dfcb3e95b7eb6b6a22d0e97a082c44d3f9ff2531bb7426e5df8,0253_default,,,picasso-sleep-v281,現在表示から参照なし。受領ZIPから再生成される,,False
assets/sleep/picasso-v281/0456.webp,未使用・復元対象,119778,6acb25849a9ce9d7f0b3330131f70b20fef4b22dad8fc9e7b284dfb11503b5da,0253_default,,,picasso-sleep-v281,現在表示から参照なし。受領ZIPから再生成される,,False
assets/sleep/picasso-v281/0457.webp,未使用・復元対象,121424,5befb6d6a913c7d31d638c8ec4de8431917140750ec9226c21218a5ae9b7846b,0253_default,,,picasso-sleep-v281,現在表示から参照なし。受領ZIPから再生成される,,False
assets/sleep/picasso-v281/0458.webp,未使用・復元対象,119926,d95749a038c15a7cbcd5a4a3f4116ecb563bb1a4d28d0ed7d9a5362516a57149,0254_default,,,picasso-sleep-v281,現在表示から参照なし。受領ZIPから再生成される,,False
assets/sleep/picasso-v281/0459.webp,未使用・復元対象,127196,296f0a3243b7c2a21c464382958e6a8696f47d73bc01185f065da21380c18729,0254_default,,,picasso-sleep-v281,現在表示から参照なし。受領ZIPから再生成される,,False
assets/sleep/picasso-v281/0460.webp,未使用・復元対象,120914,b961be176010a89e051327c5d35eb91eff8de0ceafeb630ff823b637d09b7177,0254_default,,,picasso-sleep-v281,現在表示から参照なし。受領ZIPから再生成される,,False
assets/sleep/picasso-v281/0461.webp,未使用・復元対象,121788,2296a91a199863b242bd8a0201dab447ba26e0fbec76f2b8d119adfe4c18a14b,0254_default,,,picasso-sleep-v281,現在表示から参照なし。受領ZIPから再生成される,,False
assets/sleep/picasso-v281/0462.webp,未使用・復元対象,93294,92a60df06f4e6f9e6c01f28488b953cde5785257edda83e789684f392cd8135e,0255_default,,,picasso-sleep-v281,現在表示から参照なし。受領ZIPから再生成される,,False
assets/sleep/picasso-v281/0463.webp,未使用・復元対象,102616,00ca58dc03596e22b3485df12f63f7c2d07a4506d0a9b71ca355a1ab19141e72,0255_default,,,picasso-sleep-v281,現在表示から参照なし。受領ZIPから再生成される,,False
assets/sleep/picasso-v281/0464.webp,未使用・復元対象,99780,aed6e01710adb794c58385c9e50834eb08dc6085b81c7fcf129ba379f0a91e9e,0255_default,,,picasso-sleep-v281,現在表示から参照なし。受領ZIPから再生成される,,False
assets/sleep/picasso-v281/0465.webp,未使用・復元対象,98524,8e9a443db48ab61d3e96349cdb48480a3e64c5c39f1ff74e94a13ebb9cc7e323,0255_default,,,picasso-sleep-v281,現在表示から参照なし。受領ZIPから再生成される,,False
assets/sleep/picasso-v281/0466.webp,未使用・復元対象,104210,de5102b62dcf6c4b1aa2cba8a09e7b5b593590c3288feb33e04e8bc1ab5eeef2,0256_default,,,picasso-sleep-v281,現在表示から参照なし。受領ZIPから再生成される,,False
assets/sleep/picasso-v281/0467.webp,未使用・復元対象,111224,96b54884bebb85ac2fe1f156e5b1991517ded48a95105ec23f8ce8d1477c6a5f,0256_default,,,picasso-sleep-v281,現在表示から参照なし。受領ZIPから再生成される,,False
assets/sleep/picasso-v281/0468.webp,未使用・復元対象,112972,5fe1e060b82138d2f2a70c719460eda16bffb0da7c1e59d4c921bf12b151be20,0256_default,,,picasso-sleep-v281,現在表示から参照なし。受領ZIPから再生成される,,False
assets/sleep/picasso-v281/0469.webp,未使用・復元対象,112088,a004978724b4f7fc4a909afce6053d8f38311d69ab00f021fb8042194dc40576,0256_default,,,picasso-sleep-v281,現在表示から参照なし。受領ZIPから再生成される,,False
assets/sleep/picasso-v281/0470.webp,未使用・復元対象,113506,e991458869e745f83638eee0f40c37a3c712aae7941c41240bd8febccbd6d8d5,0257_default,,,picasso-sleep-v281,現在表示から参照なし。受領ZIPから再生成される,,False
assets/sleep/picasso-v281/0471.webp,未使用・復元対象,111940,329ca4f0967ef345173a4c823720613b8421085ca28e08deb5af610f78964bbd,,,,picasso-sleep-v281,現在表示から参照なし。受領ZIPから再生成される,,False
assets/sleep/picasso-v281/0472.webp,未使用・復元対象,120014,4c12d28a4bd2ff5e223585a7e8dea02ef8b31b12600ba15819603f409a51653b,0257_default,,,picasso-sleep-v281,現在表示から参照なし。受領ZIPから再生成される,,False
assets/sleep/picasso-v281/0473.webp,未使用・復元対象,100024,e37659667a480b5c1b75cc1cfbe750ddf71c2ac7184c6c7e4c71e115fe7293ee,0257_default,,,picasso-sleep-v281,現在表示から参照なし。受領ZIPから再生成される,,False
assets/sleep/picasso-v281/0474.webp,未使用・復元対象,95232,d7a07df715c2a9508b829dffb71d2533c8ecad8c642bc43fffc9e8f1e94b1895,0258_default,,,picasso-sleep-v281,現在表示から参照なし。受領ZIPから再生成される,,False
assets/sleep/picasso-v281/0475.webp,未使用・復元対象,99244,f0109659859b810c85574f5751bf4deb61170ddb905cb91c38e47d315048f932,0258_default,,,picasso-sleep-v281,現在表示から参照なし。受領ZIPから再生成される,,False
assets/sleep/picasso-v281/0476.webp,未使用・復元対象,115252,e4fb561e2b48769bc18c705c0fffd30fc4b7abdf13c97399a45d5a4f3fcc3456,0258_default,,,picasso-sleep-v281,現在表示から参照なし。受領ZIPから再生成される,,False
assets/sleep/picasso-v281/0477.webp,未使用・復元対象,101880,87ab62216cd19af91aad290fb9a6a7e1e19f8cfb72d73629aebf91b17e3069ee,0258_default,,,picasso-sleep-v281,現在表示から参照なし。受領ZIPから再生成される,,False
assets/sleep/picasso-v281/0478.webp,未使用・復元対象,107410,67f37e180c20a374e27792a06453f5b82bf3be2887200022fbfb07281f9c0020,0259_default,,,picasso-sleep-v281,現在表示から参照なし。受領ZIPから再生成される,,False
assets/sleep/picasso-v281/0479.webp,未使用・復元対象,105046,132b72c56e3f7e0a4b64f91f2914786d254607b334b235094526a732f0720d11,0259_default,,,picasso-sleep-v281,現在表示から参照なし。受領ZIPから再生成される,,False
assets/sleep/picasso-v281/0480.webp,未使用・復元対象,120002,14f265b13482f2f8e921c4cd9277ec4c6e3a621b31299f1c44c986a04fec94bd,0259_default,,,picasso-sleep-v281,現在表示から参照なし。受領ZIPから再生成される,,False
assets/sleep/picasso-v281/0481.webp,未使用・復元対象,106422,0c9a7e3d690c493530b36aff45bde82edf140c3cb9cb85c04255fe220f50df12,0259_default,,,picasso-sleep-v281,現在表示から参照なし。受領ZIPから再生成される,,False
assets/sleep/picasso-v281/0482.webp,未使用・復元対象,114616,7d6bce292dda2a1bafdf01b846999b9a839682b65473005d0c2a2f153fc06101,0260_default,,,picasso-sleep-v281,現在表示から参照なし。受領ZIPから再生成される,,False
assets/sleep/picasso-v281/0483.webp,未使用・復元対象,113718,5f572c2e824232661674aec37b8991e413daad40b98491c8092796f5dd37e549,0260_default,,,picasso-sleep-v281,現在表示から参照なし。受領ZIPから再生成される,,False
assets/sleep/picasso-v281/0484.webp,未使用・復元対象,123512,bf63f54e69af643514093b3d5b33ddac0d0ff9adfdda617c1d4bf34a6189222a,0260_default,,,picasso-sleep-v281,現在表示から参照なし。受領ZIPから再生成される,,False
assets/sleep/picasso-v281/0485.webp,未使用・復元対象,111592,42c6ef2af332c59c1b84537ea2b1c5700a632d542e592a14382ae25695ebbcc9,0260_default,,,picasso-sleep-v281,現在表示から参照なし。受領ZIPから再生成される,,False
assets/sleep/picasso-v281/0486.webp,未使用・復元対象,94514,f346c1202a17bdf9ca9117db5f7bc64035bb340f98835f408054f816234cb20f,0280_default,,,picasso-sleep-v281,現在表示から参照なし。受領ZIPから再生成される,,False
assets/sleep/picasso-v281/0487.webp,未使用・復元対象,99424,7a5e1ac20a00f5f9fd6d2f1510e081d0102c20822786ca0fccc41c03060d17ce,0280_default,,,picasso-sleep-v281,現在表示から参照なし。受領ZIPから再生成される,,False
assets/sleep/picasso-v281/0488.webp,未使用・復元対象,102700,2135f794f0e16b7a2c449884185e23876fb88e3bf0b5ef7ab4e6688f2de8e398,0280_default,,,picasso-sleep-v281,現在表示から参照なし。受領ZIPから再生成される,,False
assets/sleep/picasso-v281/0489.webp,未使用・復元対象,105792,09c8ea4c8351d3b249ba39eb02d1482ee731ce739eebefb46acd12b13f8c2e26,0280_default,,,picasso-sleep-v281,現在表示から参照なし。受領ZIPから再生成される,,False
assets/sleep/picasso-v281/0490.webp,未使用・復元対象,109390,87f005b8e2ff19d2e99153e10335ebcf8562b973a65c2f4fa27f9e90aaa0bdb2,0281_default,,,picasso-sleep-v281,現在表示から参照なし。受領ZIPから再生成される,,False
assets/sleep/picasso-v281/0491.webp,未使用・復元対象,106968,4dbf943a0d5adbf1bba3bb8bcbdabf7809af3b1d99f9712e1f6b6fb2efe6a514,0281_default,,,picasso-sleep-v281,現在表示から参照なし。受領ZIPから再生成される,,False
assets/sleep/picasso-v281/0492.webp,未使用・復元対象,107940,acdf74ae4b2ed026163c19e2fadc5a60c2fd5a638dd5d5072cde4297b60fcf5c,0281_default,,,picasso-sleep-v281,現在表示から参照なし。受領ZIPから再生成される,,False
assets/sleep/picasso-v281/0493.webp,未使用・復元対象,105988,950f1aecf4e55f7b2353044f0ad107a81da955fb2af9d12a6e87dc8114e98b61,0281_default,,,picasso-sleep-v281,現在表示から参照なし。受領ZIPから再生成される,,False
assets/sleep/picasso-v281/0494.webp,未使用・復元対象,104194,06cc9e918daf12727e15e211af1165e4ad5db9598b85255d43b10c9a93f95216,0282_default,,,picasso-sleep-v281,現在表示から参照なし。受領ZIPから再生成される,,False
assets/sleep/picasso-v281/0495.webp,未使用・復元対象,100846,15d355b164f76168f45c0f33c84a95460956c58dafed119ac019c68b99d03f24,0282_default,,,picasso-sleep-v281,現在表示から参照なし。受領ZIPから再生成される,,False
assets/sleep/picasso-v281/0496.webp,未使用・復元対象,102412,d9da74faae1fd659a42cf6f7486122932e9c3f9f7b415e70ca36f4bcc2882072,0282_default,,,picasso-sleep-v281,現在表示から参照なし。受領ZIPから再生成される,,False
assets/sleep/picasso-v281/0497.webp,未使用・復元対象,89794,102332e5eaec7acac586ca602f64e02e05b91b1a046236b5a9bdfae6c56685c2,0287_default,,,picasso-sleep-v281,現在表示から参照なし。受領ZIPから再生成される,,False
assets/sleep/picasso-v281/0498.webp,未使用・復元対象,91640,3d7d80e6b6c1e05b36025ff4283b44c34e9a28bdaa8c7a8146cb776ee46dbc7b,0287_default,,,picasso-sleep-v281,現在表示から参照なし。受領ZIPから再生成される,,False
assets/sleep/picasso-v281/0499.webp,未使用・復元対象,93494,4e15817a39d513ff2d8c31a445a7e18e465aef92fcdfb0d0afc3649f8d6a3d07,0287_default,,,picasso-sleep-v281,現在表示から参照なし。受領ZIPから再生成される,,False
assets/sleep/picasso-v281/0500.webp,未使用・復元対象,101696,c5db4871da2374a14ca05ea5c6abc6c0ed319e9795179711ea7c6117803c9d70,0287_default,,,picasso-sleep-v281,現在表示から参照なし。受領ZIPから再生成される,,False
assets/sleep/picasso-v281/0501.webp,未使用・復元対象,111260,f39b20aa0b745dd916ce5f27ea6571ce204a3236ef979997bf8886d904b23570,0288_default,,,picasso-sleep-v281,現在表示から参照なし。受領ZIPから再生成される,,False
assets/sleep/picasso-v281/0502.webp,未使用・復元対象,76988,9b20a9646710081c1e31e383b39cb1b843722a02eb44996751fe612ee270caa6,0288_default,,,picasso-sleep-v281,現在表示から参照なし。受領ZIPから再生成される,,False
assets/sleep/picasso-v281/0503.webp,未使用・復元対象,84960,43ebd6484d116c89e1ae66c586b00ddd90d50c74f41a0a9d96aebcd0f9a732da,0288_default,,,picasso-sleep-v281,現在表示から参照なし。受領ZIPから再生成される,,False
assets/sleep/picasso-v281/0504.webp,未使用・復元対象,106054,357410d9f05b3c80131969d665c292f70fe2b9422710ab9ec5b0201a00c0a8ec,0288_default,,,picasso-sleep-v281,現在表示から参照なし。受領ZIPから再生成される,,False
assets/sleep/picasso-v281/0505.webp,未使用・復元対象,101506,17de2a45dc9c8146195d10dd4591332c4617c40570f64065f9f15f2227357a24,0289_default,,,picasso-sleep-v281,現在表示から参照なし。受領ZIPから再生成される,,False
assets/sleep/picasso-v281/0506.webp,未使用・復元対象,116264,2b73874246f89f229eb021300626ee57a3d23e988e74ad62eae8081c0aabd7ef,0289_default,,,picasso-sleep-v281,現在表示から参照なし。受領ZIPから再生成される,,False
assets/sleep/picasso-v281/0507.webp,未使用・復元対象,119148,472d2b9365be7e4e375073082a8827308015e743a2e4f29fc96b38bab270f4cf,0289_default,,,picasso-sleep-v281,現在表示から参照なし。受領ZIPから再生成される,,False
assets/sleep/picasso-v281/0508.webp,未使用・復元対象,105528,d9ac33786a8f6c84164e3500afb2cc5b3a7481a7c043a538866b0ea20b1809dc,0302_default,,,picasso-sleep-v281,現在表示から参照なし。受領ZIPから再生成される,,False
assets/sleep/picasso-v281/0509.webp,未使用・復元対象,104240,f4621adcb3fe86ed4df7e79c4ab18a8dcbe02bb2cbe0375b87b4534e6a8fd526,0302_default,,,picasso-sleep-v281,現在表示から参照なし。受領ZIPから再生成される,,False
assets/sleep/picasso-v281/0510.webp,未使用・復元対象,98830,164cc4dde8db353c3e6e8fc8088ed981cc9c4cbfb169e04f1d54cb6f0a608ac9,0302_default,,,picasso-sleep-v281,現在表示から参照なし。受領ZIPから再生成される,,False
assets/sleep/picasso-v281/0511.webp,未使用・復元対象,107266,f7de50773f9e91dc7ebe29a373b8827c6c0b53a609b2a4a8f6c2c47fc75822e0,0303_default,,,picasso-sleep-v281,現在表示から参照なし。受領ZIPから再生成される,,False
assets/sleep/picasso-v281/0512.webp,未使用・復元対象,113004,65edc13d476d2b98b85ddcc0e4cdd91ecf71add7e1c1b601450850f609946619,0303_default,,,picasso-sleep-v281,現在表示から参照なし。受領ZIPから再生成される,,False
assets/sleep/picasso-v281/0513.webp,未使用・復元対象,110312,c0140de06a5b377dc8e1cd8e101a9a1001c119293fbf1531d511a46d37e96fcc,0303_default,,,picasso-sleep-v281,現在表示から参照なし。受領ZIPから再生成される,,False
assets/sleep/picasso-v281/0514.webp,未使用・復元対象,110686,4e23b3f5d6dd54463d5a9ea67c45f308fc7ef558b2c63e5906f70e6652a0735b,0303_default,,,picasso-sleep-v281,現在表示から参照なし。受領ZIPから再生成される,,False
assets/sleep/picasso-v281/0515.webp,未使用・復元対象,95922,860b78e257da2d6f2563c2b99843b6203158ed98609a9502ce8484e4f75eee11,0304_default,,,picasso-sleep-v281,現在表示から参照なし。受領ZIPから再生成される,,False
assets/sleep/picasso-v281/0516.webp,未使用・復元対象,89304,eae42128b7f0b8c265ea6d075e067a71c73abede5a2e44ef30f6765f32ef4532,0304_default,,,picasso-sleep-v281,現在表示から参照なし。受領ZIPから再生成される,,False
assets/sleep/picasso-v281/0517.webp,未使用・復元対象,101614,15314a08c54fe42782c312aad40cd08d86546fb7d663ce562c55273d231d2d00,0304_default,,,picasso-sleep-v281,現在表示から参照なし。受領ZIPから再生成される,,False
assets/sleep/picasso-v281/0518.webp,未使用・復元対象,94816,13c3112f30ccf0a072a268d0c92286474a66d355cdaad9271510c19ce672b9ea,0304_default,,,picasso-sleep-v281,現在表示から参照なし。受領ZIPから再生成される,,False
assets/sleep/picasso-v281/0519.webp,未使用・復元対象,111414,88a68b4cc8d13c532ed787896f94019e0d4cbcab21d7ee04cec952f5cbb1ae17,0305_default,,,picasso-sleep-v281,現在表示から参照なし。受領ZIPから再生成される,,False
assets/sleep/picasso-v281/0520.webp,未使用・復元対象,98858,22b8a4fe00d5974831197fa4cb322a46668790eb233be545957984a5e982cd03,0305_default,,,picasso-sleep-v281,現在表示から参照なし。受領ZIPから再生成される,,False
assets/sleep/picasso-v281/0521.webp,未使用・復元対象,108150,58a18f1be410eafed95cdaf8d64bd56c025887f136a5926bbbceaa246a6d0822,0305_default,,,picasso-sleep-v281,現在表示から参照なし。受領ZIPから再生成される,,False
assets/sleep/picasso-v281/0522.webp,未使用・復元対象,112794,ed7892072156ad691690cf549d9621343e210524b79acd2fe5652235b220fd80,0305_default,,,picasso-sleep-v281,現在表示から参照なし。受領ZIPから再生成される,,False
assets/sleep/picasso-v281/0523.webp,未使用・復元対象,106614,2bfe90f412e57d266f0c1c29e8177b3f01301f2687f5951defba3b82b762bebf,0306_default,,,picasso-sleep-v281,現在表示から参照なし。受領ZIPから再生成される,,False
assets/sleep/picasso-v281/0524.webp,未使用・復元対象,98680,f22848960ecdb709bf9b562e3f116674abf2ea37f1550a1b310060aea488a5c3,0306_default,,,picasso-sleep-v281,現在表示から参照なし。受領ZIPから再生成される,,False
assets/sleep/picasso-v281/0525.webp,未使用・復元対象,109798,61d10645dcc6162728a7f20e71208c540bc2505d60ee62f674d9f807739d3b32,0306_default,,,picasso-sleep-v281,現在表示から参照なし。受領ZIPから再生成される,,False
assets/sleep/picasso-v281/0526.webp,未使用・復元対象,111784,40008983fbef49c653348da7c1dbceae129d8c6756ef755594937dfccf26e3da,0306_default,,,picasso-sleep-v281,現在表示から参照なし。受領ZIPから再生成される,,False
assets/sleep/picasso-v281/0527.webp,未使用・復元対象,93750,990f24e0ee5473b52777ec1f4ec8294a3cdc00d2ab5ca46c3f5e8daa4a427e2a,0311_default,,,picasso-sleep-v281,現在表示から参照なし。受領ZIPから再生成される,,False
assets/sleep/picasso-v281/0528.webp,未使用・復元対象,100576,7a5c8cbe3c1aa6ec84795aaf51767022d0c9cb1498bb438572648ac7efe94ac2,0311_default,,,picasso-sleep-v281,現在表示から参照なし。受領ZIPから再生成される,,False
assets/sleep/picasso-v281/0529.webp,未使用・復元対象,103118,c147528371f51070e1da5df98628241191693bf711dac56c7d95e54fe6167c36,0311_default,,,picasso-sleep-v281,現在表示から参照なし。受領ZIPから再生成される,,False
assets/sleep/picasso-v281/0530.webp,未使用・復元対象,109772,68999dce656d911d67cd831427b002a4105acd441ce13d59ed6aa76791c5995b,0311_default,,,picasso-sleep-v281,現在表示から参照なし。受領ZIPから再生成される,,False
assets/sleep/picasso-v281/0531.webp,未使用・復元対象,91602,518559a3e67609e668e8f79c5dc92b8757f8d47b117731ab2d510478c03ebd37,0312_default,,,picasso-sleep-v281,現在表示から参照なし。受領ZIPから再生成される,,False
assets/sleep/picasso-v281/0532.webp,未使用・復元対象,90054,8c11f2f8623a5c700731bbb2fa92157c81a4f8c294789e9fda893401247830b1,0312_default,,,picasso-sleep-v281,現在表示から参照なし。受領ZIPから再生成される,,False
assets/sleep/picasso-v281/0533.webp,未使用・復元対象,95248,507753a3ed8979422f5734ab9cfcd0a195742478775d288b05556c67eb17f27d,0312_default,,,picasso-sleep-v281,現在表示から参照なし。受領ZIPから再生成される,,False
assets/sleep/picasso-v281/0534.webp,未使用・復元対象,108908,c57d0301c943acba8cba7928c7084f4eda98106016763438949dec6795bde9df,0312_default,,,picasso-sleep-v281,現在表示から参照なし。受領ZIPから再生成される,,False
assets/sleep/picasso-v281/0535.webp,未使用・復元対象,91548,b882d1083893e8cca386d323ddad1706cd4f4a884f159a1c52a66831f332bf23,0316_default,,,picasso-sleep-v281,現在表示から参照なし。受領ZIPから再生成される,,False
assets/sleep/picasso-v281/0536.webp,未使用・復元対象,93622,939da799928e2ffe01818327a1e71de413ccd397c7ce08b1d585a49f5ff1e0f7,0316_default,,,picasso-sleep-v281,現在表示から参照なし。受領ZIPから再生成される,,False
assets/sleep/picasso-v281/0537.webp,未使用・復元対象,97032,0db82dd9d24a71eff535f017ea271d6894f0ef1ff1ff53d297a50ff23359f8b1,0316_default,,,picasso-sleep-v281,現在表示から参照なし。受領ZIPから再生成される,,False
assets/sleep/picasso-v281/0538.webp,未使用・復元対象,95600,b7b34d953c97103e1e2e12049c8b2c1ce4ea4a01c2c4a351c604a0314b057d46,0316_default,,,picasso-sleep-v281,現在表示から参照なし。受領ZIPから再生成される,,False
assets/sleep/picasso-v281/0539.webp,未使用・復元対象,102652,c43ebe1afb5656396a1931728f1973f36417059d9542c2ddef8316032a7a0ecb,0317_default,,,picasso-sleep-v281,現在表示から参照なし。受領ZIPから再生成される,,False
assets/sleep/picasso-v281/0540.webp,未使用・復元対象,96166,a2b0ed9b2bc8873cf1cc6ad775f01cb86e0593cecef652f66ac318cb8b1e9608,0317_default,,,picasso-sleep-v281,現在表示から参照なし。受領ZIPから再生成される,,False
assets/sleep/picasso-v281/0541.webp,未使用・復元対象,99448,d9232c9119adfbefb5982774167a7bca2df3bff77e9657b5681ea493b4674167,0317_default,,,picasso-sleep-v281,現在表示から参照なし。受領ZIPから再生成される,,False
assets/sleep/picasso-v281/0542.webp,未使用・復元対象,104778,7e3ee49d4683f2601e748d7b9fe069191b390c883a71bb0745e17a487ba95b09,0317_default,,,picasso-sleep-v281,現在表示から参照なし。受領ZIPから再生成される,,False
assets/sleep/picasso-v281/0543.webp,未使用・復元対象,93618,ddbca8bc8f34986df047363c62f198232a8bf665160819c32e89c138ac0c4209,0328_default,,,picasso-sleep-v281,現在表示から参照なし。受領ZIPから再生成される,,False
assets/sleep/picasso-v281/0544.webp,未使用・復元対象,91324,49ab4e140e2419aa88e63fa897b7470aa14a3a3954e80a075ad06c95a7ba0a90,0328_default,,,picasso-sleep-v281,現在表示から参照なし。受領ZIPから再生成される,,False
assets/sleep/picasso-v281/0545.webp,未使用・復元対象,96294,bcb68ee9223270fddbe5701906ee399e3f71d7f99f20aef7cc58086ae6ce86c0,0328_default,,,picasso-sleep-v281,現在表示から参照なし。受領ZIPから再生成される,,False
assets/sleep/picasso-v281/0546.webp,未使用・復元対象,108048,03539b8de1f9fff603d448cc76a70b3070d8612f4136f2f28ed750a75c8e7583,0328_default,,,picasso-sleep-v281,現在表示から参照なし。受領ZIPから再生成される,,False
assets/sleep/picasso-v281/0547.webp,未使用・復元対象,98798,6f871bb6d570d6df943b7eb1f5449186a2a7e259714344504bff6b7b1117ed79,0329_default,,,picasso-sleep-v281,現在表示から参照なし。受領ZIPから再生成される,,False
assets/sleep/picasso-v281/0548.webp,未使用・復元対象,114536,f3b90ec4e9e77662fd891ba91f341faa253f3cfd22bc758834a525a15efa7d1c,0329_default,,,picasso-sleep-v281,現在表示から参照なし。受領ZIPから再生成される,,False
assets/sleep/picasso-v281/0549.webp,未使用・復元対象,100952,8b618b90eced87c43202cef9d1e6f388103ecc9ec337261e9344f886789fa23a,0329_default,,,picasso-sleep-v281,現在表示から参照なし。受領ZIPから再生成される,,False
assets/sleep/picasso-v281/0550.webp,未使用・復元対象,108004,24533d081aab90118a1809d0d5f756d3d00dbad9f6a24cd0b2c6ae5361eeed78,0330_default,,,picasso-sleep-v281,現在表示から参照なし。受領ZIPから再生成される,,False
assets/sleep/picasso-v281/0551.webp,未使用・復元対象,111298,11089ef57acc711ac196664175866bb138cf84b2adaa369ca8a52ab5e192103a,0330_default,,,picasso-sleep-v281,現在表示から参照なし。受領ZIPから再生成される,,False
assets/sleep/picasso-v281/0552.webp,未使用・復元対象,119820,1474294b521ca74311370261c3e7e0773207df461bb6b9938c81ea232f391d7c,0330_default,,,picasso-sleep-v281,現在表示から参照なし。受領ZIPから再生成される,,False
assets/sleep/picasso-v281/0553.webp,未使用・復元対象,85136,e9699986349a9232362e4a70bfa8d6b978df062e240dea33234d9c56b0bd1f74,0333_default,,,picasso-sleep-v281,現在表示から参照なし。受領ZIPから再生成される,,False
assets/sleep/picasso-v281/0554.webp,未使用・復元対象,120008,ac1f91945c7998a86a2907cfe006f997400809d3bb48cf82a08603c5164ec85d,0333_default,,,picasso-sleep-v281,現在表示から参照なし。受領ZIPから再生成される,,False
assets/sleep/picasso-v281/0555.webp,未使用・復元対象,109140,a626a3d2e8b3b606869442fb3cbf7750f0e26b5a8ad7b9f59edc4c2036a1c484,0333_default,,,picasso-sleep-v281,現在表示から参照なし。受領ZIPから再生成される,,False
assets/sleep/picasso-v281/0556.webp,未使用・復元対象,140262,547c9a341ee247953e4f87966110d32d1cd2111ce994c704e8e952d2ac5f3309,0333_default,,,picasso-sleep-v281,現在表示から参照なし。受領ZIPから再生成される,,False
assets/sleep/picasso-v281/0557.webp,未使用・復元対象,90006,db9983e43cc59198d03526607f6f89635776aa42515a578945c517f9a0662f59,0334_default,,,picasso-sleep-v281,現在表示から参照なし。受領ZIPから再生成される,,False
assets/sleep/picasso-v281/0558.webp,未使用・復元対象,108604,f7698fb2d1e177ff2fb255ed2f802e149b7f13a5c3e650055f81ff95d3a8ea0b,0334_default,,,picasso-sleep-v281,現在表示から参照なし。受領ZIPから再生成される,,False
assets/sleep/picasso-v281/0559.webp,未使用・復元対象,88108,61cae7bc5010ee7ac9bf8aebacdc96757a5a23028d48cf1dcdc506a90438a773,0334_default,,,picasso-sleep-v281,現在表示から参照なし。受領ZIPから再生成される,,False
assets/sleep/picasso-v281/0560.webp,未使用・復元対象,105228,d1977e5c7fafe29e183e1c5ef114a2df3124ec155a1a1d54114983100c914f70,0334_default,,,picasso-sleep-v281,現在表示から参照なし。受領ZIPから再生成される,,False
assets/sleep/picasso-v281/0561.webp,未使用・復元対象,96308,1e9c44845d2d27e883aedab5ff627ceaa4af307f23335de54ae3c98007a1cd0d,0353_default,,,picasso-sleep-v281,現在表示から参照なし。受領ZIPから再生成される,,False
assets/sleep/picasso-v281/0562.webp,未使用・復元対象,95716,46ccfa289b6c19751f08f4c7700d9fcfed20c4ccd3d18feab90779476af7c35c,0353_default,,,picasso-sleep-v281,現在表示から参照なし。受領ZIPから再生成される,,False
assets/sleep/picasso-v281/0563.webp,未使用・復元対象,96494,7052f030c27bec4cc42ec801522c99d7536a8bfe0367df03a743f7eef28289f5,0353_default,,,picasso-sleep-v281,現在表示から参照なし。受領ZIPから再生成される,,False
assets/sleep/picasso-v281/0564.webp,未使用・復元対象,102508,8a14a5f80c5ef78b1a9baedc688c5387da8ba66a01cebf6887b5296316aa1143,0354_default,,,picasso-sleep-v281,現在表示から参照なし。受領ZIPから再生成される,,False
assets/sleep/picasso-v281/0565.webp,未使用・復元対象,101552,f5615a31277737debe36e3234973cb5dd28b8efe3821ef121a19df82df1cdf16,0354_default,,,picasso-sleep-v281,現在表示から参照なし。受領ZIPから再生成される,,False
assets/sleep/picasso-v281/0566.webp,未使用・復元対象,103816,4b7003b00738f1ccb09bc268169dc582e2fb19675e9777454c2a8eff456ba06a,0354_default,,,picasso-sleep-v281,現在表示から参照なし。受領ZIPから再生成される,,False
assets/sleep/picasso-v281/0567.webp,未使用・復元対象,96154,efe0a6a20cd925374b5db752440b53649181c0aadd7e9aa8ce20a714a6508642,0354_default,,,picasso-sleep-v281,現在表示から参照なし。受領ZIPから再生成される,,False
assets/sleep/picasso-v281/0568.webp,未使用・復元対象,102950,a54a402a0a34acda78bd65a3b86f210da346c501ae5b60464c069fb73d2da22e,,,,picasso-sleep-v281,現在表示から参照なし。受領ZIPから再生成される,,False
assets/sleep/picasso-v281/0569.webp,未使用・復元対象,104194,111cf98d156a2ba9c51ff589d428a1af0a16a3358e60e188a34b7663638f2fef,0359_default,,,picasso-sleep-v281,現在表示から参照なし。受領ZIPから再生成される,,False
assets/sleep/picasso-v281/0570.webp,未使用・復元対象,107364,10bd2882022795c30d16108289d4aa987839b24a8075f19de10bfae71964b045,0359_default,,,picasso-sleep-v281,現在表示から参照なし。受領ZIPから再生成される,,False
assets/sleep/picasso-v281/0571.webp,未使用・復元対象,109792,143696543b1ba02ea69be0291763aad2253ddf7630be2a36a49025fb742c2190,0359_default,,,picasso-sleep-v281,現在表示から参照なし。受領ZIPから再生成される,,False
assets/sleep/picasso-v281/0572.webp,未使用・復元対象,101470,b81e6275ad41768b9d7e174df19274cd91affe1ddacee635dcffbadd0fd8b5c6,0360_default,,,picasso-sleep-v281,現在表示から参照なし。受領ZIPから再生成される,,False
assets/sleep/picasso-v281/0573.webp,未使用・復元対象,99634,aacc8bac9843b81e4fb70fb5fcacaffda2af62321cfef35fadc056774bd4c6ab,0360_default,,,picasso-sleep-v281,現在表示から参照なし。受領ZIPから再生成される,,False
assets/sleep/picasso-v281/0574.webp,未使用・復元対象,92746,64076e83cd82514158ead8eb73b85a8998916fec8264f8151be88a768d548e62,0360_default,,,picasso-sleep-v281,現在表示から参照なし。受領ZIPから再生成される,,False
assets/sleep/picasso-v281/0575.webp,未使用・復元対象,102634,4270f2ec174d719ed2548874126071b635ec7f4a4d4ed4f34d0387aa1a3ef581,0360_default,,,picasso-sleep-v281,現在表示から参照なし。受領ZIPから再生成される,,False
assets/sleep/picasso-v281/0576.webp,未使用・復元対象,98124,c4a83b3fcd96ad16150ad5e36d478733a2d8cde77bd2d645b2113dff22825538,0363_default,,,picasso-sleep-v281,現在表示から参照なし。受領ZIPから再生成される,,False
assets/sleep/picasso-v281/0577.webp,未使用・復元対象,90586,8f6073e849b9ff5d041cb27517a87f3eb13a1c57121a808b67cb2a49daca38a8,0363_default,,,picasso-sleep-v281,現在表示から参照なし。受領ZIPから再生成される,,False
assets/sleep/picasso-v281/0578.webp,未使用・復元対象,91550,b7976f69bacaf2d9beba1e9fd163b01630c89cbc59b342876068e2e43fb2f477,0363_default,,,picasso-sleep-v281,現在表示から参照なし。受領ZIPから再生成される,,False
assets/sleep/picasso-v281/0579.webp,未使用・復元対象,103618,8335eacd27c30609c74e6d3e1ae15c3896fca708f36bf039305581cb1777270a,0363_default,,,picasso-sleep-v281,現在表示から参照なし。受領ZIPから再生成される,,False
assets/sleep/picasso-v281/0580.webp,未使用・復元対象,93678,e82e19102e90454458e9f1cba84032f81bc43098dabb7bbd9a534b3011f9c9c1,0364_default,,,picasso-sleep-v281,現在表示から参照なし。受領ZIPから再生成される,,False
assets/sleep/picasso-v281/0581.webp,未使用・復元対象,92672,30940e00e174992c48edae93da0be1b4c1abcdc4ba82d98472db7ac48edce1a3,0364_default,,,picasso-sleep-v281,現在表示から参照なし。受領ZIPから再生成される,,False
assets/sleep/picasso-v281/0582.webp,未使用・復元対象,96764,fca4d358b2ddad3b6e3f15ba6109d8f4e066bf9e5763261e0f3c3ebce1c788cc,0364_default,,,picasso-sleep-v281,現在表示から参照なし。受領ZIPから再生成される,,False
assets/sleep/picasso-v281/0583.webp,未使用・復元対象,111392,317b7eab266529957ad4a9a4c8d6b97ddb64166a1c8993804cc62aeceedd0996,0364_default,,,picasso-sleep-v281,現在表示から参照なし。受領ZIPから再生成される,,False
assets/sleep/picasso-v281/0584.webp,未使用・復元対象,97440,1d62af204e4e4b068f5be116f9042bf6fa0758f1b2734a26b5fb5354eab1b5cc,0365_default,,,picasso-sleep-v281,現在表示から参照なし。受領ZIPから再生成される,,False
assets/sleep/picasso-v281/0585.webp,未使用・復元対象,105084,97bbc4c79fb8542ed2915349a32edd9689875c772614587bb05abb0bfb01f466,0365_default,,,picasso-sleep-v281,現在表示から参照なし。受領ZIPから再生成される,,False
assets/sleep/picasso-v281/0586.webp,未使用・復元対象,98188,6d668cef3c51125862d2b0b45b0e2169b80439354f14b800bf01b1195e9c2c6c,0365_default,,,picasso-sleep-v281,現在表示から参照なし。受領ZIPから再生成される,,False
assets/sleep/picasso-v281/0587.webp,未使用・復元対象,122838,366ee97a9244492627b8e3a081eb7a5bafd341be4d5316d5ccce9799b30dff90,0365_default,,,picasso-sleep-v281,現在表示から参照なし。受領ZIPから再生成される,,False
assets/sleep/picasso-v281/0588.webp,未使用・復元対象,100062,db1d4ba56a060858ccebe2b1586a7f729e9d2bb3307c0beebe38c2161c5fac18,0371_default,,,picasso-sleep-v281,現在表示から参照なし。受領ZIPから再生成される,,False
assets/sleep/picasso-v281/0589.webp,未使用・復元対象,98466,4d50013af297d9ceda52fedd82fb6808fccf5d1cb2def87f43e26eb1da200b0c,0371_default,,,picasso-sleep-v281,現在表示から参照なし。受領ZIPから再生成される,,False
assets/sleep/picasso-v281/0590.webp,未使用・復元対象,104234,a129cd8feb721dea75cf6410066bd16ad31375002819f3cd50189d9895e63136,0371_default,,,picasso-sleep-v281,現在表示から参照なし。受領ZIPから再生成される,,False
assets/sleep/picasso-v281/0591.webp,未使用・復元対象,100996,761f07c71815c1e601cbd51051385367e8e24e52cb0f17027993333fc832ab45,0371_default,,,picasso-sleep-v281,現在表示から参照なし。受領ZIPから再生成される,,False
assets/sleep/picasso-v281/0592.webp,未使用・復元対象,102176,2bda9e42571d1497f5616bacdb6e863894138513a0c29b6cbcdada0ac5daf334,0372_default,,,picasso-sleep-v281,現在表示から参照なし。受領ZIPから再生成される,,False
assets/sleep/picasso-v281/0593.webp,未使用・復元対象,101326,c6627faeb8e5cc4ce1512144d6c2f35b0a9fdde6de11a8b9068ef5c052c14964,0372_default,,,picasso-sleep-v281,現在表示から参照なし。受領ZIPから再生成される,,False
assets/sleep/picasso-v281/0594.webp,未使用・復元対象,103616,b27f2cea8179d3bdcdf1df26db489199439472df848601273cf7c9108d17d2a2,0372_default,,,picasso-sleep-v281,現在表示から参照なし。受領ZIPから再生成される,,False
assets/sleep/picasso-v281/0595.webp,未使用・復元対象,107696,9abd8aade0e86236c3203fac1f325dd539796d647f41ab361e84ec9d39cae0b6,0372_default,,,picasso-sleep-v281,現在表示から参照なし。受領ZIPから再生成される,,False
assets/sleep/picasso-v281/0596.webp,未使用・復元対象,104588,1aa43c5e1f0bf6833567fed79e73390055298573530e77716dea9dd5a7b6139b,0373_default,,,picasso-sleep-v281,現在表示から参照なし。受領ZIPから再生成される,,False
assets/sleep/picasso-v281/0597.webp,未使用・復元対象,110110,1d925213304c947456975e3831f1caaf72e337fcf8383a26667d94be382bc403,0373_default,,,picasso-sleep-v281,現在表示から参照なし。受領ZIPから再生成される,,False
assets/sleep/picasso-v281/0598.webp,未使用・復元対象,115938,ae47af76fe01193c78237077e86539be098dda6abc4ca4f7eb675e5cd85e6544,0373_default,,,picasso-sleep-v281,現在表示から参照なし。受領ZIPから再生成される,,False
assets/sleep/picasso-v281/0599.webp,未使用・復元対象,110142,7aea393f6ff922b3d9593ffa43543c40f061d3d4b0a6de9c6e56e8f80dd45bef,0373_default,,,picasso-sleep-v281,現在表示から参照なし。受領ZIPから再生成される,,False
assets/sleep/picasso-v281/0600.webp,未使用・復元対象,109972,103f0bd8fd6803bb07ace66833183f46b1d8eee065f231acdb82602621fdfd3f,0380_default,,,picasso-sleep-v281,現在表示から参照なし。受領ZIPから再生成される,,False
assets/sleep/picasso-v281/0601.webp,未使用・復元対象,102422,36cf258279c2d24934cd1ec74f32c0083d259f4a80e673795333d5c5e7ee6569,0380_default,,,picasso-sleep-v281,現在表示から参照なし。受領ZIPから再生成される,,False
assets/sleep/picasso-v281/0602.webp,未使用・復元対象,97234,4081ceca43df0ee165e9a4faab7a90b778ad280d2505d136cb7320df10575814,0380_default,,,picasso-sleep-v281,現在表示から参照なし。受領ZIPから再生成される,,False
assets/sleep/picasso-v281/0603.webp,参照表のみ・保留,118234,71b04317a925f595c943198e41b6b0649647a008caef06d75fc24cd3d0d843f4,,,,picasso-sleep-v281,実データの表示参照はないが画像マップに残る。参照整理が先,,False
assets/sleep/picasso-v281/0604.webp,未使用・復元対象,110242,f5160ce2f49bd19f0cd2cba0b05d0de0d79910d32f1c88813072740a440e82cc,0381_default,,,picasso-sleep-v281,現在表示から参照なし。受領ZIPから再生成される,,False
assets/sleep/picasso-v281/0605.webp,未使用・復元対象,101924,f9d3ad7f1e861de2b4702ee0b42c580512cd57d0acac310c24c1441f66b3ad6a,0381_default,,,picasso-sleep-v281,現在表示から参照なし。受領ZIPから再生成される,,False
assets/sleep/picasso-v281/0606.webp,未使用・復元対象,107852,95ed40cafe0985781776e06b3699786fe1b24f7800ef4eb93764e3ca397b7278,0381_default,,,picasso-sleep-v281,現在表示から参照なし。受領ZIPから再生成される,,False
assets/sleep/picasso-v281/0607.webp,参照表のみ・保留,117926,df36ad8a54762a6c03e75aee714fffd7e7040de548331117bbe19b8e880e35e6,,,,picasso-sleep-v281,実データの表示参照はないが画像マップに残る。参照整理が先,,False
assets/sleep/picasso-v281/0608.webp,未使用・復元対象,124554,1b8d29331178a07b02da94accd28f8dddd345f106bb79109630d662dfa45eaab,0387_default,,,picasso-sleep-v281,現在表示から参照なし。受領ZIPから再生成される,,False
assets/sleep/picasso-v281/0609.webp,未使用・復元対象,105102,1d693523ecde6235fcfba855019b1ff75887d746c422e6564c0a0984b9961928,0387_default,,,picasso-sleep-v281,現在表示から参照なし。受領ZIPから再生成される,,False
assets/sleep/picasso-v281/0610.webp,未使用・復元対象,105112,97669b5cb063a3d9877269ccc1c68361775df4428a6a92bbd85944ebc346079e,0387_default,,,picasso-sleep-v281,現在表示から参照なし。受領ZIPから再生成される,,False
assets/sleep/picasso-v281/0611.webp,未使用・復元対象,142430,8077e3d9c3eb421128cfcd1cf9382d7560ce63b38bee7445ad132f7af715c14e,0387_default,,,picasso-sleep-v281,現在表示から参照なし。受領ZIPから再生成される,,False
assets/sleep/picasso-v281/0612.webp,未使用・復元対象,118478,440df940f5ee740194e407f8f546e6c3076eb491484dcde95686695c7022af17,0388_default,,,picasso-sleep-v281,現在表示から参照なし。受領ZIPから再生成される,,False
assets/sleep/picasso-v281/0613.webp,未使用・復元対象,114414,55316ed00a1e5c193bba41c4722e5f79d8459703f5ecb527c2932c01429c3000,0388_default,,,picasso-sleep-v281,現在表示から参照なし。受領ZIPから再生成される,,False
assets/sleep/picasso-v281/0614.webp,未使用・復元対象,122734,5551e231b863b0cffd64b7cb16a980df12f5e9cf25ce0ae48000f45a49516296,0388_default,,,picasso-sleep-v281,現在表示から参照なし。受領ZIPから再生成される,,False
assets/sleep/picasso-v281/0615.webp,未使用・復元対象,124838,e981b1c5e3a9a103f98fb8f0ac8b69b5a74ca12bb0d631a91c0e84ef055ff205,0388_default,,,picasso-sleep-v281,現在表示から参照なし。受領ZIPから再生成される,,False
assets/sleep/picasso-v281/0616.webp,未使用・復元対象,115936,c17f8945b31c853df6f0bd3e3e3e96b5ad9656198aa1e1d2041d22432ed86e76,0389_default,,,picasso-sleep-v281,現在表示から参照なし。受領ZIPから再生成される,,False
assets/sleep/picasso-v281/0617.webp,未使用・復元対象,114494,61cfa20c22ce91ad9b3be8d480c2fb25d9ef939f1c2ff246f9e9a69dc92c9da3,0389_default,,,picasso-sleep-v281,現在表示から参照なし。受領ZIPから再生成される,,False
assets/sleep/picasso-v281/0618.webp,未使用・復元対象,122926,43a16b4c3f9fcc02de43e7e8bcaedcb044b220c578f7a5b63d41bd4108c0a0fa,0389_default,,,picasso-sleep-v281,現在表示から参照なし。受領ZIPから再生成される,,False
assets/sleep/picasso-v281/0619.webp,未使用・復元対象,108336,73e7531bf51633c3c9c68bc1bf7001bc8a789545819fa61d791ec07692ec87e5,0390_default,,,picasso-sleep-v281,現在表示から参照なし。受領ZIPから再生成される,,False
assets/sleep/picasso-v281/0620.webp,未使用・復元対象,109970,8e8a6bab52c10ebfd173381a4bf5c81de4bba038237efbcb4c7d361331fe178a,0390_default,,,picasso-sleep-v281,現在表示から参照なし。受領ZIPから再生成される,,False
assets/sleep/picasso-v281/0621.webp,未使用・復元対象,108570,7b70231e95a0eec38cfc396d9cf2e00680f85608f35b8c046a5eb783e626a5db,0390_default,,,picasso-sleep-v281,現在表示から参照なし。受領ZIPから再生成される,,False
assets/sleep/picasso-v281/0622.webp,未使用・復元対象,114108,d271f86f8a2d816d95676a561025664ede192b6715f1a2a8828a96924c2cf069,0390_default,,,picasso-sleep-v281,現在表示から参照なし。受領ZIPから再生成される,,False
assets/sleep/picasso-v281/0623.webp,未使用・復元対象,135994,6276c494bbbac3f816d7206a4fb6cbec3e891129ad3587a6554911a8c8465e41,0391_default,,,picasso-sleep-v281,現在表示から参照なし。受領ZIPから再生成される,,False
assets/sleep/picasso-v281/0624.webp,未使用・復元対象,99566,290bee71985bc07d86d8c94d83be8a6bc67dd5346364a345b13080f9895a28f4,0391_default,,,picasso-sleep-v281,現在表示から参照なし。受領ZIPから再生成される,,False
assets/sleep/picasso-v281/0625.webp,未使用・復元対象,102244,68a79cac308d8d063683c082363b685f8d9833dcc1d66c3411b16cdf506ab476,0391_default,,,picasso-sleep-v281,現在表示から参照なし。受領ZIPから再生成される,,False
assets/sleep/picasso-v281/0626.webp,未使用・復元対象,141520,93a0472be40675e62b5f03d0f1304f5df84595dbaca1a29f9866d4377c74e3d8,0391_default,,,picasso-sleep-v281,現在表示から参照なし。受領ZIPから再生成される,,False
assets/sleep/picasso-v281/0627.webp,未使用・復元対象,126354,f09cdcf197ea2502b0043899a861d09350e3cf03340a8f93a0cf3443eef5fb74,0392_default,,,picasso-sleep-v281,現在表示から参照なし。受領ZIPから再生成される,,False
assets/sleep/picasso-v281/0628.webp,未使用・復元対象,122930,d672e33abccb756ec35538d6ccc72b1d49121b5347f1742c5d43ce97f3cbd646,0392_default,,,picasso-sleep-v281,現在表示から参照なし。受領ZIPから再生成される,,False
assets/sleep/picasso-v281/0629.webp,未使用・復元対象,122714,2bcb5e5c400294f64d29b2705e1d26222314104d957e54330b33eb947ed4c5d1,0392_default,,,picasso-sleep-v281,現在表示から参照なし。受領ZIPから再生成される,,False
assets/sleep/picasso-v281/0630.webp,未使用・復元対象,100492,afc0a98d8b4549b37036d3e83d879058ce6a4c60e09ec2c5c8c96b604b9a9485,0393_default,,,picasso-sleep-v281,現在表示から参照なし。受領ZIPから再生成される,,False
assets/sleep/picasso-v281/0631.webp,未使用・復元対象,102660,84b90be1ea8e8f5c904ab792d8dd3da9793a05035035bb88e754642b4899868d,0393_default,,,picasso-sleep-v281,現在表示から参照なし。受領ZIPから再生成される,,False
assets/sleep/picasso-v281/0632.webp,未使用・復元対象,102766,0f51a7b25bdddb2854aa83b8747a88d5a915133bafeb4195e7d85ef0e6f84f7f,0393_default,,,picasso-sleep-v281,現在表示から参照なし。受領ZIPから再生成される,,False
assets/sleep/picasso-v281/0633.webp,未使用・復元対象,101504,5acfcfc5e71763fe514bcbea10c018673e27bddaf76e3b3406b2adbdca90525c,0393_default,,,picasso-sleep-v281,現在表示から参照なし。受領ZIPから再生成される,,False
assets/sleep/picasso-v281/0634.webp,未使用・復元対象,107966,c68a7a266f052004b4b68445e355ded7add18a47c7cc88f390faad2d4761210b,0394_default,,,picasso-sleep-v281,現在表示から参照なし。受領ZIPから再生成される,,False
assets/sleep/picasso-v281/0635.webp,未使用・復元対象,111480,16aa1f64c32a0573da2ff54276c7dd431f0a28a634480f1fb396920a30cc4aae,0394_default,,,picasso-sleep-v281,現在表示から参照なし。受領ZIPから再生成される,,False
assets/sleep/picasso-v281/0636.webp,未使用・復元対象,102638,c3ef7663fa3c815d51b9efaa11520843b5d4dc63e5395a8d2af1c3e364034b30,0394_default,,,picasso-sleep-v281,現在表示から参照なし。受領ZIPから再生成される,,False
assets/sleep/picasso-v281/0637.webp,未使用・復元対象,114464,27ae8b6429c746e5cfe654b99461e9358bb73078bcad2830051efd6b61d84159,0394_default,,,picasso-sleep-v281,現在表示から参照なし。受領ZIPから再生成される,,False
assets/sleep/picasso-v281/0638.webp,未使用・復元対象,116222,6ba4b2953def649d34479fc0b2828ac80290501d69a44267c8f541bc4cedf99c,0395_default,,,picasso-sleep-v281,現在表示から参照なし。受領ZIPから再生成される,,False
assets/sleep/picasso-v281/0639.webp,未使用・復元対象,116740,6198d5b12843d68985ac78dee956fc3ca382f70503a53af148c7a077f039ab08,0395_default,,,picasso-sleep-v281,現在表示から参照なし。受領ZIPから再生成される,,False
assets/sleep/picasso-v281/0640.webp,未使用・復元対象,117654,8bd56410ad72cb1dd99ae1912c98f4cc38ff28972aeec6106309c56411db5c86,0395_default,,,picasso-sleep-v281,現在表示から参照なし。受領ZIPから再生成される,,False
assets/sleep/picasso-v281/0641.webp,未使用・復元対象,93448,883b8b894d0526c1f42c34225c3a09a3726f802668014f39c0d38de714543014,0403_default,,,picasso-sleep-v281,現在表示から参照なし。受領ZIPから再生成される,,False
assets/sleep/picasso-v281/0642.webp,未使用・復元対象,103830,fc7aa137ba7945645a5a65daecd05ed53d23b2592aefa28765a766aee8c18ab7,0403_default,,,picasso-sleep-v281,現在表示から参照なし。受領ZIPから再生成される,,False
assets/sleep/picasso-v281/0643.webp,未使用・復元対象,97490,c9f9cbd37ef724e4f962d2692a541a25cd3d34aaef01b70f7f07250331a003e8,0403_default,,,picasso-sleep-v281,現在表示から参照なし。受領ZIPから再生成される,,False
assets/sleep/picasso-v281/0644.webp,未使用・復元対象,110216,0aa868fbab5eb862f627a09fa0d0e8810984ccb6a7dcd65ddb9cbe96b7f8a8dc,0403_default,,,picasso-sleep-v281,現在表示から参照なし。受領ZIPから再生成される,,False
assets/sleep/picasso-v281/0645.webp,未使用・復元対象,108684,5cc9da9933ca2179bee506bda925048b457dcd8ed6945cf33c51f8bc8551a222,0404_default,,,picasso-sleep-v281,現在表示から参照なし。受領ZIPから再生成される,,False
assets/sleep/picasso-v281/0646.webp,未使用・復元対象,109256,22c03954710453598fe54c51a0a90a4d3eddc19b024a164e544925f4943bdc7c,0404_default,,,picasso-sleep-v281,現在表示から参照なし。受領ZIPから再生成される,,False
assets/sleep/picasso-v281/0647.webp,未使用・復元対象,104004,2b093443aa7d11dd2ed289673872edf2fe7c02d53064265ca0db5abfb2fbe106,0404_default,,,picasso-sleep-v281,現在表示から参照なし。受領ZIPから再生成される,,False
assets/sleep/picasso-v281/0648.webp,未使用・復元対象,119086,57aa389d61376c0d56f343a9c71b1950c7a014987b946291570a0e9b15e505dc,0404_default,,,picasso-sleep-v281,現在表示から参照なし。受領ZIPから再生成される,,False
assets/sleep/picasso-v281/0649.webp,未使用・復元対象,137752,154417824e528af9dd7125ad5a73cea69338428dedf014c947604f4c8b1ae768,0405_default,,,picasso-sleep-v281,現在表示から参照なし。受領ZIPから再生成される,,False
assets/sleep/picasso-v281/0650.webp,未使用・復元対象,111904,47b3560143e4da2b745d6ea7c372a07fbbb1b25ba3726f79c417d77e18276f87,0405_default,,,picasso-sleep-v281,現在表示から参照なし。受領ZIPから再生成される,,False
assets/sleep/picasso-v281/0651.webp,未使用・復元対象,136348,04e6a576d14d18d18e17f1806ee8e3a1c20d491162a5e6be0444d7f0b1da5933,0405_default,,,picasso-sleep-v281,現在表示から参照なし。受領ZIPから再生成される,,False
assets/sleep/picasso-v281/0652.webp,未使用・復元対象,142976,b12fd9b177cc8b7295f6ebc75c79c5c2f658558b8c3778c4771024b7d7719df4,0405_default,,,picasso-sleep-v281,現在表示から参照なし。受領ZIPから再生成される,,False
assets/sleep/picasso-v281/0653.webp,未使用・復元対象,93812,ac5e15986229dc141c21685c1a9b6f5f6fba008eece6ab35e1f852118eed54ee,0425_default,,,picasso-sleep-v281,現在表示から参照なし。受領ZIPから再生成される,,False
assets/sleep/picasso-v281/0654.webp,未使用・復元対象,90730,083c788106090ec946198328638252de568d1cac1cd72e3f787e14a6fa699a9a,0425_default,,,picasso-sleep-v281,現在表示から参照なし。受領ZIPから再生成される,,False
assets/sleep/picasso-v281/0655.webp,未使用・復元対象,94292,6964868492d776f75a1a3f05df68f67afffe2e48d033fa522defb18b659f5439,0425_default,,,picasso-sleep-v281,現在表示から参照なし。受領ZIPから再生成される,,False
assets/sleep/picasso-v281/0656.webp,未使用・復元対象,105384,c4e015a6b2e04e5517a1445184bfa6caee980c86ada027857172c9727e8ab658,0426_default,,,picasso-sleep-v281,現在表示から参照なし。受領ZIPから再生成される,,False
assets/sleep/picasso-v281/0657.webp,未使用・復元対象,98658,ae0065295ba4951941760fccb030268cc17891f415f342a4f8c85ccc9b7ee7c5,0426_default,,,picasso-sleep-v281,現在表示から参照なし。受領ZIPから再生成される,,False
assets/sleep/picasso-v281/0658.webp,未使用・復元対象,99520,5114caeda35f757374fff89f42aef5fbaac1bbee7da59a164f8874f1072624be,0426_default,,,picasso-sleep-v281,現在表示から参照なし。受領ZIPから再生成される,,False
assets/sleep/picasso-v281/0659.webp,未使用・復元対象,109532,23d9c73c9544421c67a1ee3d583f3f9c1e49f426ea8cd0d1e08b0fea3e98891b,0430_default,,,picasso-sleep-v281,現在表示から参照なし。受領ZIPから再生成される,,False
assets/sleep/picasso-v281/0660.webp,未使用・復元対象,110546,08a88cf78265e4c577dcacc97fb25c759cb9ea26029bf1bdd618d8e5d6117eac,0430_default,,,picasso-sleep-v281,現在表示から参照なし。受領ZIPから再生成される,,False
assets/sleep/picasso-v281/0661.webp,未使用・復元対象,105900,b134b2b5f9a88c03f2c9294085d1acc4dd6de44f9df83257ae190293f081cee2,0430_default,,,picasso-sleep-v281,現在表示から参照なし。受領ZIPから再生成される,,False
assets/sleep/picasso-v281/0662.webp,未使用・復元対象,100148,92bff013731349427d894882d1fd06beba2ed10f9d134b0aeef1ea6cfda8cdf0,0438_default,,,picasso-sleep-v281,現在表示から参照なし。受領ZIPから再生成される,,False
assets/sleep/picasso-v281/0663.webp,未使用・復元対象,99962,78a4305f787f265f78c0e09c02555e3f127e693d254a9cf6e68b8070903c86d8,0438_default,,,picasso-sleep-v281,現在表示から参照なし。受領ZIPから再生成される,,False
assets/sleep/picasso-v281/0664.webp,未使用・復元対象,102694,c911097fe80e6b8b556a163b3558a3ae5334cc5404d1d0e3c0ed57d61fe7bdb1,0438_default,,,picasso-sleep-v281,現在表示から参照なし。受領ZIPから再生成される,,False
assets/sleep/picasso-v281/0665.webp,未使用・復元対象,97486,356e067d7718d0da81361109af673998b88fb30952558c64b112dc8329895dda,0438_default,,,picasso-sleep-v281,現在表示から参照なし。受領ZIPから再生成される,,False
assets/sleep/picasso-v281/0666.webp,未使用・復元対象,103912,4e2cb778e168bfcd13721bfc36f9da6f51c9e84188dba0f232a7d5008810ea4b,0439_default,,,picasso-sleep-v281,現在表示から参照なし。受領ZIPから再生成される,,False
assets/sleep/picasso-v281/0667.webp,未使用・復元対象,101130,3110c593a7497a388f0d369c17c140605fc25829dbfdb391c05a987c0f73269b,0439_default,,,picasso-sleep-v281,現在表示から参照なし。受領ZIPから再生成される,,False
assets/sleep/picasso-v281/0668.webp,未使用・復元対象,101010,2483aef25b59988615d7fb69bfa023373b29d97820fecc805623f5b2c0fad392,0439_default,,,picasso-sleep-v281,現在表示から参照なし。受領ZIPから再生成される,,False
assets/sleep/picasso-v281/0669.webp,未使用・復元対象,104218,77d3b8e918c63b3bb9c3244c17ca0e492b78997e5d614fc2e745cecbe4bc8061,0439_default,,,picasso-sleep-v281,現在表示から参照なし。受領ZIPから再生成される,,False
assets/sleep/picasso-v281/0670.webp,未使用・復元対象,101816,d53c2be51bc230bcd120d5c9ed6a140d42a34d0f7736bb03d670c6e3a598050b,0440_default,,,picasso-sleep-v281,現在表示から参照なし。受領ZIPから再生成される,,False
assets/sleep/picasso-v281/0671.webp,未使用・復元対象,102172,ae487ef61138fb7605d8599f96df29f8a3cb3d859589a8b6912da9aba46533fa,0440_default,,,picasso-sleep-v281,現在表示から参照なし。受領ZIPから再生成される,,False
assets/sleep/picasso-v281/0672.webp,未使用・復元対象,105506,6429102687edfff5f11a994448dd7181c82986381924def064634b1a3f020c93,0440_default,,,picasso-sleep-v281,現在表示から参照なし。受領ZIPから再生成される,,False
assets/sleep/picasso-v281/0673.webp,未使用・復元対象,101938,dde7b6e17ed70f5cdf6ccb5575e532c1db0776f580d1a6d6a4f60a78b1ed346e,0440_default,,,picasso-sleep-v281,現在表示から参照なし。受領ZIPから再生成される,,False
assets/sleep/picasso-v281/0674.webp,未使用・復元対象,86178,6afb2015148172ccd4959e92702e7819b930bec5924d15c69b6c0c142ffc38a8,0442_default,,,picasso-sleep-v281,現在表示から参照なし。受領ZIPから再生成される,,False
assets/sleep/picasso-v281/0675.webp,未使用・復元対象,125152,2fc14bd481830d15d1fde04f59725d2ca3f5e873020cf669a46eca5ac85f78b5,0442_default,,,picasso-sleep-v281,現在表示から参照なし。受領ZIPから再生成される,,False
assets/sleep/picasso-v281/0676.webp,未使用・復元対象,88210,2a04b2e306978c374a2bb410f0bfc6a8435b7893ed1d92e999dc312dddd63eab,0442_default,,,picasso-sleep-v281,現在表示から参照なし。受領ZIPから再生成される,,False
assets/sleep/picasso-v281/0677.webp,未使用・復元対象,97304,35c696c709c8148b4ff03cc86848aa82f5353c59b09992c0bbdee40d6f59cdb4,0442_default,,,picasso-sleep-v281,現在表示から参照なし。受領ZIPから再生成される,,False
assets/sleep/picasso-v281/0678.webp,未使用・復元対象,114060,747b379b7d01ee375da39132c8fd0459ef524ef76f52a2c9de1b666c17e75866,0448_default,,,picasso-sleep-v281,現在表示から参照なし。受領ZIPから再生成される,,False
assets/sleep/picasso-v281/0679.webp,未使用・復元対象,109144,3584e5935a53cdcfe8e1ae9a13d635b089365a73fb47b42444e7cb2d918c3567,0448_default,,,picasso-sleep-v281,現在表示から参照なし。受領ZIPから再生成される,,False
assets/sleep/picasso-v281/0680.webp,未使用・復元対象,111720,bcfa3d227116bed5b2433c06ab49edec35ee66243b0d9edcbc22bf69a6a46abe,0448_default,,,picasso-sleep-v281,現在表示から参照なし。受領ZIPから再生成される,,False
assets/sleep/picasso-v281/0681.webp,未使用・復元対象,113176,6534c16e3caf212db4a1feb606d889e54db1bf2eaffdb4912b3e455a047a0c33,0448_default,,,picasso-sleep-v281,現在表示から参照なし。受領ZIPから再生成される,,False
assets/sleep/picasso-v281/0682.webp,未使用・復元対象,104688,b5546d1944ce83111f96b9ebbdbfd1a1ad61c0b38faa3ce15aa5f8747f3cb4a8,0453_default,,,picasso-sleep-v281,現在表示から参照なし。受領ZIPから再生成される,,False
assets/sleep/picasso-v281/0683.webp,未使用・復元対象,106548,5b758c3dc3746c6cdf9728aab0f173a6368b2d2fe49ebb68084edc1be05bd8e0,0453_default,,,picasso-sleep-v281,現在表示から参照なし。受領ZIPから再生成される,,False
assets/sleep/picasso-v281/0684.webp,未使用・復元対象,107248,e782c0f0da1dc821b55e5aaa8248386643fdb8200cf5e0032f31e00c44c3dd2b,0453_default,,,picasso-sleep-v281,現在表示から参照なし。受領ZIPから再生成される,,False
assets/sleep/picasso-v281/0685.webp,未使用・復元対象,114262,eed800ee2a4ec120e4df75e23973381c16adcfc5a0f5f6aab4ca41a72ac2b420,0453_default,,,picasso-sleep-v281,現在表示から参照なし。受領ZIPから再生成される,,False
assets/sleep/picasso-v281/0686.webp,未使用・復元対象,114702,ce27a18c8a313f1aa86aa9c457f5c916192d571d34c5390254c96a8103b0e0f0,0454_default,,,picasso-sleep-v281,現在表示から参照なし。受領ZIPから再生成される,,False
assets/sleep/picasso-v281/0687.webp,未使用・復元対象,115176,2fb1b524cff1218d4f17ab5dd6763126cda30daa4819ed463df66a78e20726f4,0454_default,,,picasso-sleep-v281,現在表示から参照なし。受領ZIPから再生成される,,False
assets/sleep/picasso-v281/0688.webp,未使用・復元対象,111278,72a2c9cfde0a62ff523123ee07da60826bf886d14f1da40e7bee8933a1520d4b,0454_default,,,picasso-sleep-v281,現在表示から参照なし。受領ZIPから再生成される,,False
assets/sleep/picasso-v281/0689.webp,未使用・復元対象,120246,e40303227cee0e78aaf0451212c350c18f20c115f704df5b8dcb813a9a91fc8a,0454_default,,,picasso-sleep-v281,現在表示から参照なし。受領ZIPから再生成される,,False
assets/sleep/picasso-v281/0690.webp,未使用・復元対象,115380,98de8df8b353f0bfa37acb88b3c589d9dca8eda246d48736d4425245316c85a4,0459_default,,,picasso-sleep-v281,現在表示から参照なし。受領ZIPから再生成される,,False
assets/sleep/picasso-v281/0691.webp,未使用・復元対象,125228,4e57bf1dd0c6438fb1243be37e8018752c65b0ab7eb2502c2a6d6ac5570aad24,0459_default,,,picasso-sleep-v281,現在表示から参照なし。受領ZIPから再生成される,,False
assets/sleep/picasso-v281/0692.webp,未使用・復元対象,127276,e71f7e71985f2c8405a063305d9eba62360ee13a258c7abf4a5bcb45cd6a078f,0459_default,,,picasso-sleep-v281,現在表示から参照なし。受領ZIPから再生成される,,False
assets/sleep/picasso-v281/0693.webp,未使用・復元対象,121364,bc8d22b703826927593101a54e9666bf8a29fa3c347988329de7c5350b6a9033,0459_default,,,picasso-sleep-v281,現在表示から参照なし。受領ZIPから再生成される,,False
assets/sleep/picasso-v281/0694.webp,未使用・復元対象,97008,2edf98f176662afabf17512f8cc00a7c80832c9025b758f5f26e01ce307abe52,0460_default,,,picasso-sleep-v281,現在表示から参照なし。受領ZIPから再生成される,,False
assets/sleep/picasso-v281/0695.webp,未使用・復元対象,99450,ea6b02d2eee194cdb4d46b0f6bdca727e3dafe79715776e824f296a7755abfbb,0460_default,,,picasso-sleep-v281,現在表示から参照なし。受領ZIPから再生成される,,False
assets/sleep/picasso-v281/0696.webp,未使用・復元対象,96368,ea4d62af59ee254916eac8779a7ee431cc226554e14507f6287eb53404a18a99,0460_default,,,picasso-sleep-v281,現在表示から参照なし。受領ZIPから再生成される,,False
assets/sleep/picasso-v281/0697.webp,未使用・復元対象,116752,18e8c36d6c039d132d5a60dfc43d9cdabcc836800574d064d2efdf4e61b4bd48,0461_default,,,picasso-sleep-v281,現在表示から参照なし。受領ZIPから再生成される,,False
assets/sleep/picasso-v281/0698.webp,未使用・復元対象,111556,4262c5dc4dce8bb9da46ff261d7a31aa415cc9cf3d8a851164494ec949f33555,0461_default,,,picasso-sleep-v281,現在表示から参照なし。受領ZIPから再生成される,,False
assets/sleep/picasso-v281/0699.webp,未使用・復元対象,109302,cb3cdacf7196a04c5cbda3b6a3cb06ef9c753e5e183fa1971b9e38bd1610c5c3,0461_default,,,picasso-sleep-v281,現在表示から参照なし。受領ZIPから再生成される,,False
assets/sleep/picasso-v281/0700.webp,未使用・復元対象,109726,4af0d2d27b236c9e4a02654ea202ac4b64e43bc94c280eff186d68f99c731c9c,0461_default,,,picasso-sleep-v281,現在表示から参照なし。受領ZIPから再生成される,,False
assets/sleep/picasso-v281/0701.webp,未使用・復元対象,103900,e83dc122907834c27d081ee0e2aa1e046a8d271dba7840a844d7e08ffec7ccfe,0462_default,,,picasso-sleep-v281,現在表示から参照なし。受領ZIPから再生成される,,False
assets/sleep/picasso-v281/0702.webp,未使用・復元対象,110962,f18c8e0f0061da80a1149b2c30bf87d0c5077c0b8478dbbaf2c9673bfcbfa219,0462_default,,,picasso-sleep-v281,現在表示から参照なし。受領ZIPから再生成される,,False
assets/sleep/picasso-v281/0703.webp,未使用・復元対象,107970,657093f3a63ebd14ea49c863340deac7eecaeceaa0c50a63364648c862747e62,0462_default,,,picasso-sleep-v281,現在表示から参照なし。受領ZIPから再生成される,,False
assets/sleep/picasso-v281/0704.webp,未使用・復元対象,97624,1b61595278899c7c31b02894784aa3352f9f97bf806768d6e8798714a6ca6a2b,,,,picasso-sleep-v281,現在表示から参照なし。受領ZIPから再生成される,,False
assets/sleep/picasso-v281/0705.webp,未使用・復元対象,96178,65752d548f4cc2c7bbb9227534c7ba942e7adbe467bc3e6d08c68ad97b75801f,0468_default,,,picasso-sleep-v281,現在表示から参照なし。受領ZIPから再生成される,,False
assets/sleep/picasso-v281/0706.webp,未使用・復元対象,97730,d227f7718dd331527b685a955ad5ae3973f5d0a8c9bc8ec73d96b300ef245e15,0468_default,,,picasso-sleep-v281,現在表示から参照なし。受領ZIPから再生成される,,False
assets/sleep/picasso-v281/0707.webp,未使用・復元対象,105432,b7d30e66d9ea73bdcb93edd161bcb44ed1fce4347ce498cb75470f78d6ca4130,0470_default,,,picasso-sleep-v281,現在表示から参照なし。受領ZIPから再生成される,,False
assets/sleep/picasso-v281/0708.webp,未使用・復元対象,109376,251882c1dab2c0b6453581ad5b66ce5f3fedaeffd959036070a54d332dd86fdd,0470_default,,,picasso-sleep-v281,現在表示から参照なし。受領ZIPから再生成される,,False
assets/sleep/picasso-v281/0709.webp,未使用・復元対象,102906,a2c2ede47c93861132040d49e458884897de4acd17ac6cd68c32845977ddbc4b,0470_default,,,picasso-sleep-v281,現在表示から参照なし。受領ZIPから再生成される,,False
assets/sleep/picasso-v281/0710.webp,未使用・復元対象,104032,91718f47580a260f9a0c9598a2e2d8f7217572ae59d683142f725c6aadd7e987,0471_default,,,picasso-sleep-v281,現在表示から参照なし。受領ZIPから再生成される,,False
assets/sleep/picasso-v281/0711.webp,未使用・復元対象,106824,c8d0843f1d7923db4d4a1c3f67d29ad323c1f2a7e4e0d24a7557df462d417150,0471_default,,,picasso-sleep-v281,現在表示から参照なし。受領ZIPから再生成される,,False
assets/sleep/picasso-v281/0712.webp,未使用・復元対象,97080,cb5ef7432c476d623337201229ef26c8828fbe4957bbee9e5345391fa67ace40,0471_default,,,picasso-sleep-v281,現在表示から参照なし。受領ZIPから再生成される,,False
assets/sleep/picasso-v281/0713.webp,未使用・復元対象,116320,e36b6eb280293fe52a9812f623ffbc9a84f7fa929072d6af7c9492578d33f0ab,0471_default,,,picasso-sleep-v281,現在表示から参照なし。受領ZIPから再生成される,,False
assets/sleep/picasso-v281/0714.webp,未使用・復元対象,102988,2bf8df98dfc8e61845fbc63889274b753df26832489504d888cf6a30271fd7d6,0475_default,,,picasso-sleep-v281,現在表示から参照なし。受領ZIPから再生成される,,False
assets/sleep/picasso-v281/0715.webp,未使用・復元対象,101048,ca2f5efe20dba54cd2db81921c22bde8f449974891454248d3654073490b6290,0475_default,,,picasso-sleep-v281,現在表示から参照なし。受領ZIPから再生成される,,False
assets/sleep/picasso-v281/0716.webp,未使用・復元対象,107668,c46cea0c8316c59cd7c37e361d37b089d500e0e124ff224e3b80f0b6942a716b,0475_default,,,picasso-sleep-v281,現在表示から参照なし。受領ZIPから再生成される,,False
assets/sleep/picasso-v281/0717.webp,未使用・復元対象,100500,38207157a1e4e74f5652c060be6cd04293a1f55c6f947d42ddf1b37db9c8b3c3,0475_default,,,picasso-sleep-v281,現在表示から参照なし。受領ZIPから再生成される,,False
assets/sleep/picasso-v281/0718.webp,未使用・復元対象,110394,b53c705854ca7da9a0678ba393132e10b9770a3811b722b56c355f46aa5dfec7,0488_default,,,picasso-sleep-v281,現在表示から参照なし。受領ZIPから再生成される,,False
assets/sleep/picasso-v281/0719.webp,未使用・復元対象,109060,78221c7f8170ab88117bd4da729a048b24951bca2e6a0ac7f5abeb8f3ef8d021,0488_default,,,picasso-sleep-v281,現在表示から参照なし。受領ZIPから再生成される,,False
assets/sleep/picasso-v281/0720.webp,未使用・復元対象,112330,94be282f9f6fed245b7a0eb1be6bee098826f3dba454798d83ecf1fb2d06f558,0488_default,,,picasso-sleep-v281,現在表示から参照なし。受領ZIPから再生成される,,False
assets/sleep/picasso-v281/0721.webp,未使用・復元対象,117816,708115941e370e7d1869f433153298e403f9334b35bb1ea0f96bef60dddf7c45,0491_default,,,picasso-sleep-v281,現在表示から参照なし。受領ZIPから再生成される,,False
assets/sleep/picasso-v281/0722.webp,未使用・復元対象,109890,a17e178109ff8feff95cfafee31f6727b989a430dbbf4cbdff7d4fb1072ef94b,0491_default,,,picasso-sleep-v281,現在表示から参照なし。受領ZIPから再生成される,,False
assets/sleep/picasso-v281/0723.webp,未使用・復元対象,104476,2ec3d161f5544e32579286b37fa9863d0fa60ee5706d400985c99d8bc13fb2fb,0491_default,,,picasso-sleep-v281,現在表示から参照なし。受領ZIPから再生成される,,False
assets/sleep/picasso-v281/0724.webp,未使用・復元対象,98952,f17cf5062300a94a3d9b5c8c370f0b9ffa634de4c716eca585fc617b01659807,0517_default,,,picasso-sleep-v281,現在表示から参照なし。受領ZIPから再生成される,,False
assets/sleep/picasso-v281/0725.webp,未使用・復元対象,94324,320e6f0fc99a9c9739aba30f4de82b9baeca9a34d36e675d13554fda23c9f902,0517_default,,,picasso-sleep-v281,現在表示から参照なし。受領ZIPから再生成される,,False
assets/sleep/picasso-v281/0726.webp,未使用・復元対象,97264,593f11f7e6f0a217dcbc5523153ad0af0478bde5573052637ff693431fd7eb19,0517_default,,,picasso-sleep-v281,現在表示から参照なし。受領ZIPから再生成される,,False
assets/sleep/picasso-v281/0727.webp,未使用・復元対象,94456,c64acb0a1ec16f317c556467f6db4dc0c36fce40cffb38121797f13a9bc07f78,0518_default,,,picasso-sleep-v281,現在表示から参照なし。受領ZIPから再生成される,,False
assets/sleep/picasso-v281/0728.webp,未使用・復元対象,88372,8473212f8f7354bab5a6ca72e873c6a3ff1f17ab8c335ba0980af53be25240f3,0518_default,,,picasso-sleep-v281,現在表示から参照なし。受領ZIPから再生成される,,False
assets/sleep/picasso-v281/0729.webp,未使用・復元対象,95288,1d83b5c71a7c8320b7cc9a4cc95e22dd5e413d8783784ff5db2ba9665bd1c8f1,0518_default,,,picasso-sleep-v281,現在表示から参照なし。受領ZIPから再生成される,,False
assets/sleep/picasso-v281/0730.webp,未使用・復元対象,94960,ebed45ad6cecb341796e5194f7adbd44836c43c42db2e1b88c30819bbbe7fb27,0557_default,,,picasso-sleep-v281,現在表示から参照なし。受領ZIPから再生成される,,False
assets/sleep/picasso-v281/0731.webp,未使用・復元対象,100204,ce69ba41ba09e4e7efbcfef4ef2a76248baf8c9e08e685cfb956aceba2389951,0557_default,,,picasso-sleep-v281,現在表示から参照なし。受領ZIPから再生成される,,False
assets/sleep/picasso-v281/0732.webp,未使用・復元対象,101736,f694d6e714b5c90364f8d577c27d00e4286336c485116cb799b50cbf277f94ae,0557_default,,,picasso-sleep-v281,現在表示から参照なし。受領ZIPから再生成される,,False
assets/sleep/picasso-v281/0733.webp,未使用・復元対象,92722,4124fcd9676fb888c04dc53454f1d29957b1668889b47742e82e448fecc6ccf3,0557_default,,,picasso-sleep-v281,現在表示から参照なし。受領ZIPから再生成される,,False
assets/sleep/picasso-v281/0734.webp,未使用・復元対象,98170,3598a087c59f9b4d87bd264a79305fa00d52a43ab7407bf0a561304ae034c6a0,0558_default,,,picasso-sleep-v281,現在表示から参照なし。受領ZIPから再生成される,,False
assets/sleep/picasso-v281/0735.webp,未使用・復元対象,108584,68e8685348f39258e68b693273c04ebb6d9d86ccd846768774b7389c1f343d33,0558_default,,,picasso-sleep-v281,現在表示から参照なし。受領ZIPから再生成される,,False
assets/sleep/picasso-v281/0736.webp,未使用・復元対象,115028,30f21dd5b841ea823cb81c299fd2aee56cb553a56e347e8ed91ca7d8d5537478,0558_default,,,picasso-sleep-v281,現在表示から参照なし。受領ZIPから再生成される,,False
assets/sleep/picasso-v281/0737.webp,未使用・復元対象,103128,5fa2bdde31653a3eb7cf4f1b75f2df2f2726bc654c553aeef315084e98c76786,0627_default,,,picasso-sleep-v281,現在表示から参照なし。受領ZIPから再生成される,,False
assets/sleep/picasso-v281/0738.webp,未使用・復元対象,106194,c95258ea5a4490f6027aa3e73e48f1eeda462234c040ba1af753806c9647104f,0627_default,,,picasso-sleep-v281,現在表示から参照なし。受領ZIPから再生成される,,False
assets/sleep/picasso-v281/0739.webp,未使用・復元対象,111602,db3fc1ce6339cd6c28f1719c6da9c723b27bb1b48619153297774d9a609e92a4,0627_default,,,picasso-sleep-v281,現在表示から参照なし。受領ZIPから再生成される,,False
assets/sleep/picasso-v281/0740.webp,未使用・復元対象,104624,51f9b14e7bd4a21245c9a2d8a4d013653dc462ad415c2e51a9d4799207d1afd7,0627_default,,,picasso-sleep-v281,現在表示から参照なし。受領ZIPから再生成される,,False
assets/sleep/picasso-v281/0741.webp,未使用・復元対象,111862,2836b515764a55cf29989c241ed82b74f9dedc0c275e7602fb17714016b96bf4,0628_default,,,picasso-sleep-v281,現在表示から参照なし。受領ZIPから再生成される,,False
assets/sleep/picasso-v281/0742.webp,未使用・復元対象,118212,f1bd3c6ffd66c0ba1b6dbcd9b72e2c33377bd1fdd06c39c35bfdf9d12809a7a2,0628_default,,,picasso-sleep-v281,現在表示から参照なし。受領ZIPから再生成される,,False
assets/sleep/picasso-v281/0743.webp,未使用・復元対象,111692,aff2038028cdd6ed5501a866d446295e194a4cf43fe8139c98f02fe401bc0990,0628_default,,,picasso-sleep-v281,現在表示から参照なし。受領ZIPから再生成される,,False
assets/sleep/picasso-v281/0744.webp,未使用・復元対象,114618,2c4d187e72ec8400d58f5628051e05542fe27a0eebf611e19f36bc9c5e2706b4,0628_default,,,picasso-sleep-v281,現在表示から参照なし。受領ZIPから再生成される,,False
assets/sleep/picasso-v281/0745.webp,未使用・復元対象,107026,a11930a13f7dc08ca621b23f661173f47b88e7f580cd65d6d40a00e3db63f705,0696_default,,,picasso-sleep-v281,現在表示から参照なし。受領ZIPから再生成される,,False
assets/sleep/picasso-v281/0746.webp,未使用・復元対象,105322,c7474754a653f4523d182dbbe63749e772df3d1b3710c8043ff98791e787f2b8,0696_default,,,picasso-sleep-v281,現在表示から参照なし。受領ZIPから再生成される,,False
assets/sleep/picasso-v281/0747.webp,未使用・復元対象,108632,54b8188e7d25925560acd090046966492983fda8c50a1f9f34468d3d7ae5f991,0696_default,,,picasso-sleep-v281,現在表示から参照なし。受領ZIPから再生成される,,False
assets/sleep/picasso-v281/0748.webp,未使用・復元対象,103442,bae3c603c74a2809fa7a7fc41406a179422d11f7e543ef972c95759cde32b37a,0696_default,,,picasso-sleep-v281,現在表示から参照なし。受領ZIPから再生成される,,False
assets/sleep/picasso-v281/0749.webp,未使用・復元対象,120866,f3a44a5af99495dc7fdf3e46e8aa1111c6fe7f3d9b1c8fc910f3efa9a3c9e284,0697_default,,,picasso-sleep-v281,現在表示から参照なし。受領ZIPから再生成される,,False
assets/sleep/picasso-v281/0750.webp,未使用・復元対象,124466,dd6ff8e221ac04126dd8378284750096534280fa43feb2b301ddb62dea168029,0697_default,,,picasso-sleep-v281,現在表示から参照なし。受領ZIPから再生成される,,False
assets/sleep/picasso-v281/0751.webp,未使用・復元対象,117686,e1af88f8019dc684125a726b7d93aefe6d617be4ef51f366281687b508b5b087,0697_default,,,picasso-sleep-v281,現在表示から参照なし。受領ZIPから再生成される,,False
assets/sleep/picasso-v281/0752.webp,未使用・復元対象,100800,c46300496002f9c711370e990763349d31b3fbd61cff9648466501c8261ffb0c,0700_default,,,picasso-sleep-v281,現在表示から参照なし。受領ZIPから再生成される,,False
assets/sleep/picasso-v281/0753.webp,未使用・復元対象,111006,9eea65a2360c4b6c6467cae08ea94a409ec70fae56a71701480c4a459e7a4f0b,0700_default,,,picasso-sleep-v281,現在表示から参照なし。受領ZIPから再生成される,,False
assets/sleep/picasso-v281/0754.webp,未使用・復元対象,110182,60d9e0f06cbabdfd8e86639347e68b81c2dca0c4aa5b8279bc053f030f07f729,0700_default,,,picasso-sleep-v281,現在表示から参照なし。受領ZIPから再生成される,,False
assets/sleep/picasso-v281/0755.webp,未使用・復元対象,121486,c603fd7be265b88fdcaeb91a427811d8792bd1acfb0c3239f5d1fe53bdbcd26c,0700_default,,,picasso-sleep-v281,現在表示から参照なし。受領ZIPから再生成される,,False
assets/sleep/picasso-v281/0756.webp,未使用・復元対象,108750,38f1869a8c27492c08d757626282864b3513f9560b1a01c9e5271b9c551a2cd1,0701_default,,,picasso-sleep-v281,現在表示から参照なし。受領ZIPから再生成される,,False
assets/sleep/picasso-v281/0757.webp,未使用・復元対象,107930,d3e939ff0975b8b1b7cdd590e595df9e31179dacd927b2b920ca66ab8dbaeded,0701_default,,,picasso-sleep-v281,現在表示から参照なし。受領ZIPから再生成される,,False
assets/sleep/picasso-v281/0758.webp,未使用・復元対象,123172,86ad3199c4ed7d47dc47fda1ba9e147ccc76fbb98dc1063c1101acc6923623e3,0701_default,,,picasso-sleep-v281,現在表示から参照なし。受領ZIPから再生成される,,False
assets/sleep/picasso-v281/0759.webp,未使用・復元対象,113646,fe951cece425cdc66e16e04525be1b0ae5b51ef493faba42131befd311f7075a,0702_default,,,picasso-sleep-v281,現在表示から参照なし。受領ZIPから再生成される,,False
assets/sleep/picasso-v281/0760.webp,未使用・復元対象,117116,82b99f138a198bef3fc6ff975649fc47959764dc36d38101ba7d363322108fc6,0702_default,,,picasso-sleep-v281,現在表示から参照なし。受領ZIPから再生成される,,False
assets/sleep/picasso-v281/0761.webp,未使用・復元対象,114602,f8971d9366b25b8a82fb7e9b7b0f0bc2af5669186707c16299437732f5445932,0702_default,,,picasso-sleep-v281,現在表示から参照なし。受領ZIPから再生成される,,False
assets/sleep/picasso-v281/0762.webp,未使用・復元対象,105220,a62a2c4319d13413c0e056ee4d5415c201557ae523bb494941f0c617259c4089,0702_default,,,picasso-sleep-v281,現在表示から参照なし。受領ZIPから再生成される,,False
assets/sleep/picasso-v281/0763.webp,未使用・復元対象,99210,8a27dda25fed3b60449b20adcb9ed09e2f115f4a0aae2835301548c75b88a8cc,,,,picasso-sleep-v281,現在表示から参照なし。受領ZIPから再生成される,,False
assets/sleep/picasso-v281/0764.webp,未使用・復元対象,100528,c553bb4dadbcf144be09acad3a5a14ce1934373d5230d468a458dd9f7d12c107,,,,picasso-sleep-v281,現在表示から参照なし。受領ZIPから再生成される,,False
assets/sleep/picasso-v281/0765.webp,未使用・復元対象,106802,4051fc03106fe91b79c713a824009215c9322ee3b3f8c8dc053a21e1b8a67f04,,,,picasso-sleep-v281,現在表示から参照なし。受領ZIPから再生成される,,False
assets/sleep/picasso-v281/0766.webp,未使用・復元対象,86894,807a23dbdd062902d44cc22dab1b7dfc7da4250adb8855c31523aee9aa00aec6,,,,picasso-sleep-v281,現在表示から参照なし。受領ZIPから再生成される,,False
assets/sleep/picasso-v281/0767.webp,未使用・復元対象,106928,b582da49a0665e5269d8c5019652e3fbfb70609b1e649e7671b3a3d693b24532,,,,picasso-sleep-v281,現在表示から参照なし。受領ZIPから再生成される,,False
assets/sleep/picasso-v281/0768.webp,未使用・復元対象,103180,b949826ed34b7dddd42c76d362bccfedc4520b9f1e23e44cfd8e6476339d5182,,,,picasso-sleep-v281,現在表示から参照なし。受領ZIPから再生成される,,False
assets/sleep/picasso-v281/0769.webp,未使用・復元対象,103640,340876f439ccf55f9e59fbb09c50d04719ac4d83fd0392d05f32266a43c71c94,,,,picasso-sleep-v281,現在表示から参照なし。受領ZIPから再生成される,,False
assets/sleep/picasso-v281/0770.webp,未使用・復元対象,105952,1d9df327b75936865f46063fbfd07fa31e24dbfe647a7899b173d3a4ebb792c5,0714_default,,,picasso-sleep-v281,現在表示から参照なし。受領ZIPから再生成される,,False
assets/sleep/picasso-v281/0771.webp,未使用・復元対象,111192,420ca9924e7c25b0b4bb8a2fffd21b863e3a347b3337abcf0fdc6aa28aa4a936,0714_default,,,picasso-sleep-v281,現在表示から参照なし。受領ZIPから再生成される,,False
assets/sleep/picasso-v281/0772.webp,未使用・復元対象,115912,6f27e439165d7204984d5d864dc769c1eb3fbd983c3cd7a3f2a3f89bc6cd2f21,0714_default,,,picasso-sleep-v281,現在表示から参照なし。受領ZIPから再生成される,,False
assets/sleep/picasso-v281/0773.webp,未使用・復元対象,116540,12741273db496433c3f6ad2e38df7b4e020d9518fb689e7eec7f4688237210f3,0714_default,,,picasso-sleep-v281,現在表示から参照なし。受領ZIPから再生成される,,False
assets/sleep/picasso-v281/0774.webp,未使用・復元対象,115066,f173f18b4d36d918b3d9e904acf6f705d1557cfc468f026a8d937eda3b5466a8,0715_default,,,picasso-sleep-v281,現在表示から参照なし。受領ZIPから再生成される,,False
assets/sleep/picasso-v281/0775.webp,未使用・復元対象,120934,06c2ce540430c23f8beac8e5b76ed836ac478ab4057fd885866108aebdd6c4ce,0715_default,,,picasso-sleep-v281,現在表示から参照なし。受領ZIPから再生成される,,False
assets/sleep/picasso-v281/0776.webp,未使用・復元対象,111476,00bc9562229e4c5fe70153673569c0c5e0fee39088e95dd30fc4f2969cfcb53e,0715_default,,,picasso-sleep-v281,現在表示から参照なし。受領ZIPから再生成される,,False
assets/sleep/picasso-v281/0777.webp,未使用・復元対象,123186,e5e011c5eb8af803ced5f96837e7ca47caff75d51daab98c15f6f40f054d5539,0715_default,,,picasso-sleep-v281,現在表示から参照なし。受領ZIPから再生成される,,False
assets/sleep/picasso-v281/0778.webp,未使用・復元対象,100128,cfcf2c1a7bc5a13ead6355a6a6a7109b6b29a5fd2ffc857065a82f6a6ed0acda,0736_default,,,picasso-sleep-v281,現在表示から参照なし。受領ZIPから再生成される,,False
assets/sleep/picasso-v281/0779.webp,未使用・復元対象,79932,93646e76ac1aa75dd9c8c4cd0c057dfee9d1cab0e46118abea7f210528e78404,0736_default,,,picasso-sleep-v281,現在表示から参照なし。受領ZIPから再生成される,,False
assets/sleep/picasso-v281/0780.webp,未使用・復元対象,106446,53117fef8721bce8cae2ac0b97d9b4ffa2bea5d0eecc24d8e59dee209ceb1881,0736_default,,,picasso-sleep-v281,現在表示から参照なし。受領ZIPから再生成される,,False
assets/sleep/picasso-v281/0781.webp,未使用・復元対象,93986,9826d0d52d40322b4e6fd38f0db96aca353d3e6ee1bc88369feb537ec1dea068,0736_default,,,picasso-sleep-v281,現在表示から参照なし。受領ZIPから再生成される,,False
assets/sleep/picasso-v281/0782.webp,未使用・復元対象,91086,2da3a294b0217a867b6a89de68621067befba0118ad9271ef6b9fc3f3198cbfd,0737_default,,,picasso-sleep-v281,現在表示から参照なし。受領ZIPから再生成される,,False
assets/sleep/picasso-v281/0783.webp,未使用・復元対象,96344,78b015ab8bd8609cadaa089c20ff40e55865da65bb3574a590a4b98cf3702fba,0737_default,,,picasso-sleep-v281,現在表示から参照なし。受領ZIPから再生成される,,False
assets/sleep/picasso-v281/0784.webp,未使用・復元対象,119912,908354c57d35316350c172e60b7c0864fc176eb636e5d22fe1d0d1a3d06d23c6,0737_default,,,picasso-sleep-v281,現在表示から参照なし。受領ZIPから再生成される,,False
assets/sleep/picasso-v281/0785.webp,未使用・復元対象,102732,debc1bc905d757d7fcbc40704f7339d27e972c8f8d4d6cbba7a159078dcfc77f,0737_default,,,picasso-sleep-v281,現在表示から参照なし。受領ZIPから再生成される,,False
assets/sleep/picasso-v281/0786.webp,未使用・復元対象,111040,cdebbccdb8076be702135fea96aa203eaa7f77a6944fc916ddcd14cbd65ef9e6,0738_default,,,picasso-sleep-v281,現在表示から参照なし。受領ZIPから再生成される,,False
assets/sleep/picasso-v281/0787.webp,未使用・復元対象,117728,dffeb976baa68100a857a410f06fe100da747386d86a0baea49cea0fe9ee0c68,0738_default,,,picasso-sleep-v281,現在表示から参照なし。受領ZIPから再生成される,,False
assets/sleep/picasso-v281/0788.webp,未使用・復元対象,118620,3a5f61f2d6a0a80046d4f97d8719eee8f654937e0b6acb846a768b7af055b660,0738_default,,,picasso-sleep-v281,現在表示から参照なし。受領ZIPから再生成される,,False
assets/sleep/picasso-v281/0789.webp,未使用・復元対象,114650,e4e7876e81e7cf3f873025a86b474941c71de08fa1b9170140953cc28c47f677,0738_default,,,picasso-sleep-v281,現在表示から参照なし。受領ZIPから再生成される,,False
assets/sleep/picasso-v281/0790.webp,未使用・復元対象,102188,2e86d008cd2d49225703fb46aef5e2aaf0c717977e120bf71a439a4c44aa3834,0742_default,,,picasso-sleep-v281,現在表示から参照なし。受領ZIPから再生成される,,False
assets/sleep/picasso-v281/0791.webp,未使用・復元対象,99526,035af282947b22e8175afa8cceae2baca320f115b0ad8d4cfe02272e8b83eae6,0742_default,,,picasso-sleep-v281,現在表示から参照なし。受領ZIPから再生成される,,False
assets/sleep/picasso-v281/0792.webp,未使用・復元対象,107994,6cc8c4dc0bc4375a1e5a48f9f9e97b4927a77b47fbaa2ea873f4f1f68bf68aba,0742_default,,,picasso-sleep-v281,現在表示から参照なし。受領ZIPから再生成される,,False
assets/sleep/picasso-v281/0793.webp,未使用・復元対象,85342,0e772a33ea9baa522f2b0a10d4aa7ccee065d64058bdaf801bb2db37a87016cb,0742_default,,,picasso-sleep-v281,現在表示から参照なし。受領ZIPから再生成される,,False
assets/sleep/picasso-v281/0794.webp,未使用・復元対象,108180,c2dfb8390f719b1f87aae4c0b345940772504ebbc9c19f3afe3587b6ff40586b,0743_default,,,picasso-sleep-v281,現在表示から参照なし。受領ZIPから再生成される,,False
assets/sleep/picasso-v281/0795.webp,未使用・復元対象,109418,5b3f63ad9fe8be8ec321a8c80d8d3de6ffe21cc45ee4f64f818cf7ada8c7529a,0743_default,,,picasso-sleep-v281,現在表示から参照なし。受領ZIPから再生成される,,False
assets/sleep/picasso-v281/0796.webp,未使用・復元対象,105498,a2793cb09866a78c21f0b399b8e8963fb039b8dc8b8465a6a805775f37a4028f,0743_default,,,picasso-sleep-v281,現在表示から参照なし。受領ZIPから再生成される,,False
assets/sleep/picasso-v281/0797.webp,未使用・復元対象,112328,479d7d8e66b8e495a8f2c53fbcd2c6675b85c44a5fbf64484d345ea761fb3b1b,0743_default,,,picasso-sleep-v281,現在表示から参照なし。受領ZIPから再生成される,,False
assets/sleep/picasso-v281/0798.webp,未使用・復元対象,103674,bf44ec048e193c843504c8a62d061fa190936d42c5a8f24b64d6a8bf0c6c18a7,0759_default,,,picasso-sleep-v281,現在表示から参照なし。受領ZIPから再生成される,,False
assets/sleep/picasso-v281/0799.webp,未使用・復元対象,104152,3223cca8a801dae428d3cc94f6d3fd40a1b4fcca1fc0a102db5e4b742a450e52,0759_default,,,picasso-sleep-v281,現在表示から参照なし。受領ZIPから再生成される,,False
assets/sleep/picasso-v281/0800.webp,未使用・復元対象,100338,e82f2716b16f2b67a292a02420997791c115fd627180936abfdf369e8ef22d03,0759_default,,,picasso-sleep-v281,現在表示から参照なし。受領ZIPから再生成される,,False
assets/sleep/picasso-v281/0801.webp,未使用・復元対象,111968,0fa0cae5dad54f9cc05e0d020607e7ef80bd0d97673240e976feb7f1b16ed92a,0759_default,,,picasso-sleep-v281,現在表示から参照なし。受領ZIPから再生成される,,False
assets/sleep/picasso-v281/0802.webp,未使用・復元対象,96426,791a0250aff29cdde4d512147ded16fd721cd36e2f4702988d66a929138f560a,0760_default,,,picasso-sleep-v281,現在表示から参照なし。受領ZIPから再生成される,,False
assets/sleep/picasso-v281/0803.webp,未使用・復元対象,93064,ae769c35002114c5de2f01b2722f48553c9ba6929f28e37174d89732737f5aa5,0760_default,,,picasso-sleep-v281,現在表示から参照なし。受領ZIPから再生成される,,False
assets/sleep/picasso-v281/0804.webp,未使用・復元対象,109592,8599e851a8dd011ab042a9e581599e8f7234119ab620852b207147a6da28550d,0760_default,,,picasso-sleep-v281,現在表示から参照なし。受領ZIPから再生成される,,False
assets/sleep/picasso-v281/0805.webp,未使用・復元対象,111238,0a37e1d7c4504fadce8495ebd2c904394972ffb3d90845516fa4fc7adcfadc31,0760_default,,,picasso-sleep-v281,現在表示から参照なし。受領ZIPから再生成される,,False
assets/sleep/picasso-v281/0806.webp,未使用・復元対象,107410,eb31fd87a9c636110a79fcc698408206e9cedfe5a9fb9d5540d3fc1a9a41ffed,0764_default,,,picasso-sleep-v281,現在表示から参照なし。受領ZIPから再生成される,,False
assets/sleep/picasso-v281/0807.webp,未使用・復元対象,111342,6f345ab873b2075f79b646b78740bd221a7c318f46ffb40ab98d3fee1df0b1b7,0764_default,,,picasso-sleep-v281,現在表示から参照なし。受領ZIPから再生成される,,False
assets/sleep/picasso-v281/0808.webp,未使用・復元対象,113760,8acf46b3b06fbf72d8dad1725d662f7c016a81844f2cce49693afa8eaef4e003,0764_default,,,picasso-sleep-v281,現在表示から参照なし。受領ZIPから再生成される,,False
assets/sleep/picasso-v281/0809.webp,未使用・復元対象,103086,069f31f1d3736e41f88b120c13542f57d8bbd11befa601b5617390179a0f8719,0764_default,,,picasso-sleep-v281,現在表示から参照なし。受領ZIPから再生成される,,False
assets/sleep/picasso-v281/0810.webp,未使用・復元対象,85528,0f7a7f9f58b9fb4d7a65d52486bae7aeae6f3e8dd71cb5e497d6e031041a49a3,0777_default,,,picasso-sleep-v281,現在表示から参照なし。受領ZIPから再生成される,,False
assets/sleep/picasso-v281/0811.webp,未使用・復元対象,86198,8de0b2ae28e9c5043a2ff1c98f0561b39a0d13996d73b4f7eb90d838a86b7799,0777_default,,,picasso-sleep-v281,現在表示から参照なし。受領ZIPから再生成される,,False
assets/sleep/picasso-v281/0812.webp,未使用・復元対象,86866,e49d9f5932b64082e33c8a18943ef4d8e275fb3bc11bc3aacd6ebd3d2f433099,0777_default,,,picasso-sleep-v281,現在表示から参照なし。受領ZIPから再生成される,,False
assets/sleep/picasso-v281/0813.webp,未使用・復元対象,85732,d4a2f1ef7bf1bf47d381e89e634dbaa51403f5107ac333f16a3d31b61c85fa0a,0778_default,,,picasso-sleep-v281,現在表示から参照なし。受領ZIPから再生成される,,False
assets/sleep/picasso-v281/0814.webp,未使用・復元対象,126962,27ca95d547d2abcd792b6c07c3ddfecfdc6c21a65972d327bcb89116dcb44bb3,0778_default,,,picasso-sleep-v281,現在表示から参照なし。受領ZIPから再生成される,,False
assets/sleep/picasso-v281/0815.webp,未使用・復元対象,128728,4112cfeb2d9ce7d03c9db4eb8873d5bf3ed5ead835d9885527cfe05149f58ed0,0778_default,,,picasso-sleep-v281,現在表示から参照なし。受領ZIPから再生成される,,False
assets/sleep/picasso-v281/0816.webp,未使用・復元対象,133458,5fd3be234e298bfd957cf2010d5bc9e2d042bdc25683c203002949e04e4693c8,0778_default,,,picasso-sleep-v281,現在表示から参照なし。受領ZIPから再生成される,,False
assets/sleep/picasso-v281/0817.webp,未使用・復元対象,100676,510327ff2817167aabfb8a8da154a1adc3989c5bf382dcd2ac7ea69a77cae476,0780_default,,,picasso-sleep-v281,現在表示から参照なし。受領ZIPから再生成される,,False
assets/sleep/picasso-v281/0818.webp,未使用・復元対象,103060,6d7e3f66b147efd7f2dab237207d7047308bb74915f18dfb4195a7e8665d6b1f,0780_default,,,picasso-sleep-v281,現在表示から参照なし。受領ZIPから再生成される,,False
assets/sleep/picasso-v281/0819.webp,未使用・復元対象,112928,5a5ae48a866cc17bc3074d64741954127c454f4cf1e7394f1b4416df106362a3,0780_default,,,picasso-sleep-v281,現在表示から参照なし。受領ZIPから再生成される,,False
assets/sleep/picasso-v281/0820.webp,未使用・復元対象,104594,08330115432aa92a2bb35d4b1c09852be2afd0161298a695062d3f3952743507,0780_default,,,picasso-sleep-v281,現在表示から参照なし。受領ZIPから再生成される,,False
assets/sleep/picasso-v281/0821.webp,未使用・復元対象,117242,1f058b0f4feec2d3f023aeb00471146084988cbb0e4f683fac388f093d48aaa3,0845_default,,,picasso-sleep-v281,現在表示から参照なし。受領ZIPから再生成される,,False
assets/sleep/picasso-v281/0822.webp,未使用・復元対象,105202,2c639ff9416156d58aaa755aad49e503dc342ba055b21e9f588e915b7f47a825,0845_default,,,picasso-sleep-v281,現在表示から参照なし。受領ZIPから再生成される,,False
assets/sleep/picasso-v281/0823.webp,未使用・復元対象,118728,d95622e2060ad4590157e175396f2df3ce030d06e3793f3a8dd843201a0b8768,0845_default,,,picasso-sleep-v281,現在表示から参照なし。受領ZIPから再生成される,,False
assets/sleep/picasso-v281/0824.webp,未使用・復元対象,110412,d5dcf758b1c37155d97b8d54845b2d9180375f96c51efedfd2df0ae9d32a3101,0845_default,,,picasso-sleep-v281,現在表示から参照なし。受領ZIPから再生成される,,False
assets/sleep/picasso-v281/0825.webp,未使用・復元対象,92954,9d5450ea4819be4df903e3390e672aec0b53768bfe38e915c07700c2471e0a5c,0447_default,,,picasso-sleep-v281,現在表示から参照なし。受領ZIPから再生成される,,False
assets/sleep/picasso-v281/0826.webp,未使用・復元対象,106170,57b086d6fcc0f11cb252d9c55c495fd6c42882d233a459016eeb9dc41b2f653f,0447_default,,,picasso-sleep-v281,現在表示から参照なし。受領ZIPから再生成される,,False
assets/sleep/picasso-v281/0827.webp,未使用・復元対象,104870,a60885f82634c97a3a3ef4b8a437f66d20ed4008c87fd81dbe300b07f827d7c4,0447_default,,,picasso-sleep-v281,現在表示から参照なし。受領ZIPから再生成される,,False
assets/sleep/picasso-v281/0828.webp,未使用・復元対象,106088,1cda4216fdf63e1e3722cd40a22a77df89e97b340a29a85ed9ab0941c9e8ecbe,0447_default,,,picasso-sleep-v281,現在表示から参照なし。受領ZIPから再生成される,,False
assets/sleep/picasso-v281/0829.webp,未使用・復元対象,109984,e4373b6bcb273f360ac1ef8923628a3879cfcec9f20e8b2d522bdbd17826127f,0848_default,,,picasso-sleep-v281,現在表示から参照なし。受領ZIPから再生成される,,False
assets/sleep/picasso-v281/0830.webp,未使用・復元対象,106166,665cd748fc02ded1597c0c37311a0f0aab18523daff0137998101c05de49651d,0848_default,,,picasso-sleep-v281,現在表示から参照なし。受領ZIPから再生成される,,False
assets/sleep/picasso-v281/0831.webp,未使用・復元対象,113230,2d8012b49076ba1e6247eb1b52399f2a8ce7cff9e0a566e8c30780d1bd8f734c,0848_default,,,picasso-sleep-v281,現在表示から参照なし。受領ZIPから再生成される,,False
assets/sleep/picasso-v281/0832.webp,未使用・復元対象,103640,6af9e72a243b09dc15694a2301175300e66d40ab48eb8a4b5ac4d835bcfe73a5,0848_default,,,picasso-sleep-v281,現在表示から参照なし。受領ZIPから再生成される,,False
assets/sleep/picasso-v281/0833.webp,未使用・復元対象,119380,be64520e52c417e600bf1add76266bdf4d9c6903d32562a7f15bd0821f315654,0849_amped,,,picasso-sleep-v281,現在表示から参照なし。受領ZIPから再生成される,,False
assets/sleep/picasso-v281/0834.webp,未使用・復元対象,118174,e86fb2b4e8e95c7c5857c30a89b6719c69bf74a04a3067dd61907c004868a08a,0849_amped,,,picasso-sleep-v281,現在表示から参照なし。受領ZIPから再生成される,,False
assets/sleep/picasso-v281/0835.webp,未使用・復元対象,119224,d76f848190965a018b6fd3b9b84e793311450f75d32ca88d700f550012017ac1,0849_amped,,,picasso-sleep-v281,現在表示から参照なし。受領ZIPから再生成される,,False
assets/sleep/picasso-v281/0836.webp,未使用・復元対象,116828,ec5ace051e8890e585312b98ffc851dc0d575263fa47819f1567d65b5ab26de5,0849_amped,,,picasso-sleep-v281,現在表示から参照なし。受領ZIPから再生成される,,False
assets/sleep/picasso-v281/0837.webp,未使用・復元対象,117064,9ef45a38a4304a6fbb714ae331004279afed7aff238213ad7abf88e05974ac00,0849_low_key,,,picasso-sleep-v281,現在表示から参照なし。受領ZIPから再生成される,,False
assets/sleep/picasso-v281/0838.webp,未使用・復元対象,115448,60625725c94705992c79192267912cb841f5116739e0835a057f1e089686508e,0849_low_key,,,picasso-sleep-v281,現在表示から参照なし。受領ZIPから再生成される,,False
assets/sleep/picasso-v281/0839.webp,未使用・復元対象,110980,9a0c4022ea93a6cf00355068169cc5eaf2956ceeb30a5adffed4658f200ec835,0849_low_key,,,picasso-sleep-v281,現在表示から参照なし。受領ZIPから再生成される,,False
assets/sleep/picasso-v281/0840.webp,未使用・復元対象,102816,16a5640bfe508cba1bf538448b174695375a440b38395f6086c430dbaf838310,,,,picasso-sleep-v281,現在表示から参照なし。受領ZIPから再生成される,,False
assets/sleep/picasso-v281/0841.webp,未使用・復元対象,100318,69ae615ceb0e39860170d51e5f3c1b947f659082c2340dcb862ecbd26fd1b169,0906_default,,,picasso-sleep-v281,現在表示から参照なし。受領ZIPから再生成される,,False
assets/sleep/picasso-v281/0842.webp,未使用・復元対象,96168,57e00e7061d7a93ae733a7cabed65b7a4c392d932ff3c70ef68f1e9d13b5d9fa,0906_default,,,picasso-sleep-v281,現在表示から参照なし。受領ZIPから再生成される,,False
assets/sleep/picasso-v281/0843.webp,未使用・復元対象,99698,bd8fede30b680ff4c0ee38d0d91f89e8ccb3ecebcc0d10f1dcc732a6601fbe0b,0906_default,,,picasso-sleep-v281,現在表示から参照なし。受領ZIPから再生成される,,False
assets/sleep/picasso-v281/0844.webp,未使用・復元対象,106918,23883f658e565c1a8ab186f1bcf90ef511fa133e07cdcea42f7e05c5dc497074,0907_default,,,picasso-sleep-v281,現在表示から参照なし。受領ZIPから再生成される,,False
assets/sleep/picasso-v281/0845.webp,未使用・復元対象,109344,24f7e356121c946d3ea47d6448876ad38e18a941d1bbc8e4b145bf10e4edea72,0907_default,,,picasso-sleep-v281,現在表示から参照なし。受領ZIPから再生成される,,False
assets/sleep/picasso-v281/0846.webp,未使用・復元対象,122866,f04f45497818b93aff18e97d013acc776f1b1cf4c672066d7bdf115f7cff97f0,0907_default,,,picasso-sleep-v281,現在表示から参照なし。受領ZIPから再生成される,,False
assets/sleep/picasso-v281/0847.webp,未使用・復元対象,99744,82c034a4c7c8a7af713f26c6e93ec093583b914c16b2f9901c5c9baa222bff42,0907_default,,,picasso-sleep-v281,現在表示から参照なし。受領ZIPから再生成される,,False
assets/sleep/picasso-v281/0848.webp,未使用・復元対象,115932,3d69b357736be2877d452115d8078f21932c4167d6485ecac6448e00e3611a6e,0908_default,,,picasso-sleep-v281,現在表示から参照なし。受領ZIPから再生成される,,False
assets/sleep/picasso-v281/0849.webp,未使用・復元対象,115746,f1cc111e6811d42fe481d513516b36b1311d1f038f3385f5eca2be98092599e1,0908_default,,,picasso-sleep-v281,現在表示から参照なし。受領ZIPから再生成される,,False
assets/sleep/picasso-v281/0850.webp,未使用・復元対象,123658,bea6ed3a7e3bacf7515dc508006e5beb8ed6328e53f41076ecd75a6b9d10a9ec,0908_default,,,picasso-sleep-v281,現在表示から参照なし。受領ZIPから再生成される,,False
assets/sleep/picasso-v281/0851.webp,未使用・復元対象,102126,3ea969b5dfa43285e3553a0d995bf4e1d81279804a86e85a37f1e8a978993b3d,0908_default,,,picasso-sleep-v281,現在表示から参照なし。受領ZIPから再生成される,,False
assets/sleep/picasso-v281/0852.webp,未使用・復元対象,100172,b727ffd10de0cc11a3b4819d311b53573d4d2af3662a54c95a35d85844c73d45,0909_default,,,picasso-sleep-v281,現在表示から参照なし。受領ZIPから再生成される,,False
assets/sleep/picasso-v281/0853.webp,未使用・復元対象,101454,b34e5c0300a1577fe1c85dc7c3685f789d8ea82978c05895de00629f6d832885,0909_default,,,picasso-sleep-v281,現在表示から参照なし。受領ZIPから再生成される,,False
assets/sleep/picasso-v281/0854.webp,未使用・復元対象,106680,4718e19d02caf073bd1721a1bead80ade91be8117078f4add253d5357a50c999,0909_default,,,picasso-sleep-v281,現在表示から参照なし。受領ZIPから再生成される,,False
assets/sleep/picasso-v281/0855.webp,未使用・復元対象,110788,e097f524c5ee4deb429e517e78b5d8c6e4840fe1f2451801c55f2ed77218787c,0909_default,,,picasso-sleep-v281,現在表示から参照なし。受領ZIPから再生成される,,False
assets/sleep/picasso-v281/0856.webp,未使用・復元対象,112544,f796e30a014171055da17b3623e037a07becb458dfb01a58f2275e303995bd1b,0910_default,,,picasso-sleep-v281,現在表示から参照なし。受領ZIPから再生成される,,False
assets/sleep/picasso-v281/0857.webp,未使用・復元対象,105842,c70f97ea0381e732d49fcea4ebc81d2d4acbdc1d56ceb3236396d459ce4081d2,0910_default,,,picasso-sleep-v281,現在表示から参照なし。受領ZIPから再生成される,,False
assets/sleep/picasso-v281/0858.webp,未使用・復元対象,102254,3bd29e9985e329918687bf9633309867b465c5bc44c49dafa8753ec50a103eeb,0910_default,,,picasso-sleep-v281,現在表示から参照なし。受領ZIPから再生成される,,False
assets/sleep/picasso-v281/0859.webp,未使用・復元対象,107810,ef757f7590046532bdaf7ae0cc72344cacd5bd88108ca349d7ca68aa8530db45,0910_default,,,picasso-sleep-v281,現在表示から参照なし。受領ZIPから再生成される,,False
assets/sleep/picasso-v281/0860.webp,未使用・復元対象,122256,807ddf396057d4515fb19c135555f732495b79da3a09c4c7cc7ecd0a9073dee1,0911_default,,,picasso-sleep-v281,現在表示から参照なし。受領ZIPから再生成される,,False
assets/sleep/picasso-v281/0861.webp,未使用・復元対象,119860,e2dc13eaa1a646d30b47c57eff3302d52d1b79213b7d14c4aade5c18ee2bb82d,0911_default,,,picasso-sleep-v281,現在表示から参照なし。受領ZIPから再生成される,,False
assets/sleep/picasso-v281/0862.webp,未使用・復元対象,126680,2a7a9511135b5a5ab2d8252d8917a1a4fa776b8699643803f4d25aad66e9ccd6,0911_default,,,picasso-sleep-v281,現在表示から参照なし。受領ZIPから再生成される,,False
assets/sleep/picasso-v281/0863.webp,未使用・復元対象,122360,1d19ad6768535077699195b026e8b1ecad36e95004e06172c2d751664705241f,0911_default,,,picasso-sleep-v281,現在表示から参照なし。受領ZIPから再生成される,,False
assets/sleep/picasso-v281/0864.webp,未使用・復元対象,98778,6831dbca603755cbfc36d88494df970aeff65cbad0fade00a8b8a2d5bea924af,0912_default,,,picasso-sleep-v281,現在表示から参照なし。受領ZIPから再生成される,,False
assets/sleep/picasso-v281/0865.webp,未使用・復元対象,99870,f1b38efe8ec6cbd0023f23d5fb7794e59f466be47bfb1316a490f0ac6d874ed5,0912_default,,,picasso-sleep-v281,現在表示から参照なし。受領ZIPから再生成される,,False
assets/sleep/picasso-v281/0866.webp,未使用・復元対象,105744,116606d4c5e3711fcca625d23d68c160d5fc4a70395326c8630a1249e7767889,0912_default,,,picasso-sleep-v281,現在表示から参照なし。受領ZIPから再生成される,,False
assets/sleep/picasso-v281/0867.webp,未使用・復元対象,104840,cd1469ac38661af865aa97d9408e59a5ae6b5ef358e4aea7a0231108d169a736,0912_default,,,picasso-sleep-v281,現在表示から参照なし。受領ZIPから再生成される,,False
assets/sleep/picasso-v281/0868.webp,未使用・復元対象,104724,ca9f09bdf2bb1cdf7fd1e00b65bed5d14c4447c6759b6ee731a49e86a19328e0,0913_default,,,picasso-sleep-v281,現在表示から参照なし。受領ZIPから再生成される,,False
assets/sleep/picasso-v281/0869.webp,未使用・復元対象,106206,c2dc764328ad9927e14a15d08e5b33cbc8715d53e6b3d8a739dfd35d8fca17e1,0913_default,,,picasso-sleep-v281,現在表示から参照なし。受領ZIPから再生成される,,False
assets/sleep/picasso-v281/0870.webp,未使用・復元対象,104606,1d87d2b821eda34a57e43a81e80deef1623819e70e6d9daf0f6e63e7e9e313bb,0913_default,,,picasso-sleep-v281,現在表示から参照なし。受領ZIPから再生成される,,False
assets/sleep/picasso-v281/0871.webp,未使用・復元対象,100644,21ead1628a4cfef04a655dbd715668c9df699c7965215c451625768438ce843a,0913_default,,,picasso-sleep-v281,現在表示から参照なし。受領ZIPから再生成される,,False
assets/sleep/picasso-v281/0872.webp,未使用・復元対象,84998,1e84f09a3ec42052eb995ccb029e9d3f726e75cf8c52ad482f98620cbeda1848,0914_default,,,picasso-sleep-v281,現在表示から参照なし。受領ZIPから再生成される,,False
assets/sleep/picasso-v281/0873.webp,未使用・復元対象,98340,d25aa7ed5253edf2051231f214a553e7e4957e147858c14e96f9806ba617cce1,0914_default,,,picasso-sleep-v281,現在表示から参照なし。受領ZIPから再生成される,,False
assets/sleep/picasso-v281/0874.webp,未使用・復元対象,144356,2391aa0435a460b80690809ca92678bade1903ff2ab6e46696263f3d853dac82,0914_default,,,picasso-sleep-v281,現在表示から参照なし。受領ZIPから再生成される,,False
assets/sleep/picasso-v281/0875.webp,未使用・復元対象,99470,49e80c362d647ae81c8fb33c7d1e279eae5d88b0b8272f63f45d943c2bbb3d51,0914_default,,,picasso-sleep-v281,現在表示から参照なし。受領ZIPから再生成される,,False
assets/sleep/picasso-v281/0876.webp,未使用・復元対象,103468,ae57b62d2f8ded0099e0123833efd3b199ab36de6d3b37b9c093b9af1e2611ee,0921_default,,,picasso-sleep-v281,現在表示から参照なし。受領ZIPから再生成される,,False
assets/sleep/picasso-v281/0877.webp,未使用・復元対象,103270,e35ceab51ed75d371c66add1ff77cffefd8ee149f735e741f679a13f97b07f64,0921_default,,,picasso-sleep-v281,現在表示から参照なし。受領ZIPから再生成される,,False
assets/sleep/picasso-v281/0878.webp,未使用・復元対象,96776,32bffc1285248e9c4ba312e4471dfaf567e8dd7317ba2c8a82c5a489f5e5f743,0921_default,,,picasso-sleep-v281,現在表示から参照なし。受領ZIPから再生成される,,False
assets/sleep/picasso-v281/0879.webp,未使用・復元対象,97378,41a424a4a6b00ecb4f38eaeb25733a391b86dd4d0b25bc2328fd85be3d3facb1,0922_default,,,picasso-sleep-v281,現在表示から参照なし。受領ZIPから再生成される,,False
assets/sleep/picasso-v281/0880.webp,未使用・復元対象,102398,5e86abaae826ef1844e070bae029044c99b94784732f4c5ef07293ba156afadb,0922_default,,,picasso-sleep-v281,現在表示から参照なし。受領ZIPから再生成される,,False
assets/sleep/picasso-v281/0881.webp,未使用・復元対象,99554,720e4c6a09722ed154466c89fe96dac261b8192d10d075a4f9c0d958ff33183c,0922_default,,,picasso-sleep-v281,現在表示から参照なし。受領ZIPから再生成される,,False
assets/sleep/picasso-v281/0882.webp,未使用・復元対象,96062,fd8f266d312818b1d948c62980c8415535e2b1de616ab57a613b57b0f4d88c3a,0922_default,,,picasso-sleep-v281,現在表示から参照なし。受領ZIPから再生成される,,False
assets/sleep/picasso-v281/0883.webp,未使用・復元対象,108702,ee904d38b48d6f65001a9e26918e87f2aae48475f1491052df46de067167986e,0923_default,,,picasso-sleep-v281,現在表示から参照なし。受領ZIPから再生成される,,False
assets/sleep/picasso-v281/0884.webp,未使用・復元対象,109450,4486a078339394b6d8d3e22f13b804740f6b7514387da93ad3efc4b5175f1ddf,0923_default,,,picasso-sleep-v281,現在表示から参照なし。受領ZIPから再生成される,,False
assets/sleep/picasso-v281/0885.webp,未使用・復元対象,113526,dc15c09ed0df16fb99b1034b446e223c4a387e73e8c3ff689e7c4536dd41d044,0923_default,,,picasso-sleep-v281,現在表示から参照なし。受領ZIPから再生成される,,False
assets/sleep/picasso-v281/0886.webp,未使用・復元対象,94884,0cc1ddc8e3343269e262f7d3418326bf5816db21723ccb2c1aa2d4d35a97772b,0923_default,,,picasso-sleep-v281,現在表示から参照なし。受領ZIPから再生成される,,False
assets/sleep/picasso-v281/0887.webp,未使用・復元対象,105434,91ccd70da8a35bc868c2103d2c37a41372d7d6bb47886c5673545247691d61c4,0957_default,,,picasso-sleep-v281,現在表示から参照なし。受領ZIPから再生成される,,False
assets/sleep/picasso-v281/0888.webp,未使用・復元対象,104364,21b24a89a5cfcf276135fa7be31b11da3e770f26fd1177d47ae0ad791659eee0,0957_default,,,picasso-sleep-v281,現在表示から参照なし。受領ZIPから再生成される,,False
assets/sleep/picasso-v281/0889.webp,未使用・復元対象,108842,612ee7d03e8981a8221f3a74f36b3362a011efcc87a06711b013a7ce4b59e53c,0957_default,,,picasso-sleep-v281,現在表示から参照なし。受領ZIPから再生成される,,False
assets/sleep/picasso-v281/0890.webp,未使用・復元対象,113120,290c70020dfa9ab687bdeb5ca3857f159a9c22b8eb4716c5dc0415829b57f8e9,0957_default,,,picasso-sleep-v281,現在表示から参照なし。受領ZIPから再生成される,,False
assets/sleep/picasso-v281/0891.webp,未使用・復元対象,110000,1627e0ec746da0cec2957b3ff0f34159a6d73f69d7cddea9633abc00e00b40eb,0958_default,,,picasso-sleep-v281,現在表示から参照なし。受領ZIPから再生成される,,False
assets/sleep/picasso-v281/0892.webp,未使用・復元対象,109434,6aa9f2ce710a0a94baec79a550e2f5615210d18d7700c8eae824991b12f5223b,0958_default,,,picasso-sleep-v281,現在表示から参照なし。受領ZIPから再生成される,,False
assets/sleep/picasso-v281/0893.webp,未使用・復元対象,121226,58aa36cf852f616ea816ca6b664e6c225e980ac9d1e2e5391d20da35a6ccb360,0958_default,,,picasso-sleep-v281,現在表示から参照なし。受領ZIPから再生成される,,False
assets/sleep/picasso-v281/0894.webp,未使用・復元対象,73012,f22af872f40052b627c9fc8de9cd0b54db1bc087ab293eef20ab54f06efd702c,0958_default,,,picasso-sleep-v281,現在表示から参照なし。受領ZIPから再生成される,,False
assets/sleep/picasso-v281/0895.webp,未使用・復元対象,127992,9f7b10269b1bb48af693ed773e325bec0e4ab44ceb70300e05d815d4f2a5c9fc,0959_default,,,picasso-sleep-v281,現在表示から参照なし。受領ZIPから再生成される,,False
assets/sleep/picasso-v281/0896.webp,未使用・復元対象,104158,1d916b03a5c5d6b87936cafd4c8be289f9d867027606cb6ce9bf95157349199a,0959_default,,,picasso-sleep-v281,現在表示から参照なし。受領ZIPから再生成される,,False
assets/sleep/picasso-v281/0897.webp,未使用・復元対象,121048,503d7838cd762cb9f8a5cee1520be806fd8929f41cee78da118d92deb55116ae,0959_default,,,picasso-sleep-v281,現在表示から参照なし。受領ZIPから再生成される,,False
assets/sleep/picasso-v281/0898.webp,未使用・復元対象,100206,561a03aa70ee249475e2a8395af8595036d09e7948d367ca2f8a15cbf4546938,0974_default,,,picasso-sleep-v281,現在表示から参照なし。受領ZIPから再生成される,,False
assets/sleep/picasso-v281/0899.webp,未使用・復元対象,102368,a25836f5b3ee5a10f72622c8b394a2ca59e8480202ccc90fbdf5d85cf4faf41b,0974_default,,,picasso-sleep-v281,現在表示から参照なし。受領ZIPから再生成される,,False
assets/sleep/picasso-v281/0900.webp,未使用・復元対象,95878,bf136e1914d8ddf5e7925ae98ba193399e11104f72651edcf90dad1824f44a6c,0974_default,,,picasso-sleep-v281,現在表示から参照なし。受領ZIPから再生成される,,False
assets/sleep/picasso-v281/0901.webp,未使用・復元対象,108872,652d0cbfdb8163201594b72021ea2517f31f86e6a159771941b7dc37c7c88363,0975_default,,,picasso-sleep-v281,現在表示から参照なし。受領ZIPから再生成される,,False
assets/sleep/picasso-v281/0902.webp,未使用・復元対象,99942,3e44bb8134a1e50d60bf629710057d9fdd7a2e40775f9992b0f86426585b672e,0975_default,,,picasso-sleep-v281,現在表示から参照なし。受領ZIPから再生成される,,False
assets/sleep/picasso-v281/0903.webp,未使用・復元対象,101826,e13d52694750baf6381f42d2a77b16c20aba248a2b20f77eb92e17aaf549173b,0980_default,,,picasso-sleep-v281,現在表示から参照なし。受領ZIPから再生成される,,False
assets/sleep/picasso-v281/0904.webp,未使用・復元対象,93548,d5e34381f29c5a6fca872beacfd8f7ee9804299eaa8b656b18103d6af60d2312,0980_default,,,picasso-sleep-v281,現在表示から参照なし。受領ZIPから再生成される,,False
assets/sleep/picasso-v281/0905.webp,未使用・復元対象,105630,0f3ed7f58c49b054cae21c7ede2a19b5431d35051ef8b2531534570cbebb8dec,0980_default,,,picasso-sleep-v281,現在表示から参照なし。受領ZIPから再生成される,,False
assets/sleep/picasso-v281/0906.webp,未使用・復元対象,101546,cabd5a4b6f9eb584212671acbe18a852629b697216955316ae5078c09ced022d,0980_default,,,picasso-sleep-v281,現在表示から参照なし。受領ZIPから再生成される,,False
assets/sleep/picasso-v303/0133_halloween_01.webp,未使用・ビルド検証用,47354,8a0770acf63d15d0c649d48cc60e9d5162e8ad5d7226d28ae68b0a77afbcab0a,0133_halloween,0133_イーブイ_魔女帽子_寝顔1_まるまり寝.webp,,,新画像へ差し替え済みだが、PSG_sleep_images.pyが元ファイルのハッシュを検証。単独削除でビルド失敗,,False
assets/sleep/picasso-v303/0133_halloween_02.webp,未使用・ビルド検証用,46872,45812249e14140cbffc7ca267f0877ccce5fe016bbab566362ef9c7c5534cbf5,0133_halloween,0133_イーブイ_魔女帽子_寝顔2_たれみみ寝.webp,,,新画像へ差し替え済みだが、PSG_sleep_images.pyが元ファイルのハッシュを検証。単独削除でビルド失敗,,False
assets/sleep/picasso-v303/0133_holiday_01.webp,未使用・ビルド検証用,61282,ddb5d7155939ed9b0f78fd1ca35262daccd4e22802f5625d7da1a978227d0a57,0133_holiday,0133_イーブイ_赤いサンタ帽子_寝顔1_まるまり寝.webp,,,新画像へ差し替え済みだが、PSG_sleep_images.pyが元ファイルのハッシュを検証。単独削除でビルド失敗,,False
assets/sleep/picasso-v303/0133_holiday_02.webp,未使用・ビルド検証用,42384,e8ee86a73a4b10f0e2640125c98979a42e2ebfc4a2fe6c07c60c9382d5d5f61d,0133_holiday,0133_イーブイ_赤いサンタ帽子_寝顔2_プレゼント寝.webp,,,新画像へ差し替え済みだが、PSG_sleep_images.pyが元ファイルのハッシュを検証。単独削除でビルド失敗,,False
assets/sleep/picasso-v303/0363_holiday_01.webp,未使用・ビルド検証用,60010,c523a8fb229161e0350e2a90d7f5347fc343dce47743e1562b82c3154249bfe7,0363_holiday,0363_タマザラシ_リース付き_寝顔1_こてん寝.webp,,,新画像へ差し替え済みだが、PSG_sleep_images.pyが元ファイルのハッシュを検証。単独削除でビルド失敗,,False
assets/sleep/picasso-v303/0363_holiday_02.webp,未使用・ビルド検証用,56398,112ae30fa4f3018742c23b701d994d45d7694fd14b58d372617c97c10792e783,0363_holiday,0363_タマザラシ_リース付き_寝顔2_プレゼント寝.webp,,,新画像へ差し替え済みだが、PSG_sleep_images.pyが元ファイルのハッシュを検証。単独削除でビルド失敗,,False
master/forms/artwork/0025_captain/face.webp,未使用・復元対象,19048,d9abe558d0d939b3217b935140f42f6f522f2b2bb41f8dabce9f5da39b37b7f2,,,,picasso-trim-v305,現在表示から参照なし。受領ZIPから再生成される,,False
master/forms/artwork/0025_halloween_23/face.webp,未使用・復元対象,19296,b9b3f26b48767313e525e6489fbd8e340484ebbf0caf9b45db6319066bfba1e8,,,,picasso-trim-v305,現在表示から参照なし。受領ZIPから再生成される,,False
master/forms/artwork/0025_halloween_24/face.webp,未使用・復元対象,19362,ab2ed7c33c2fab01a41a5f2b45599ad660daf5a3fcdd54b98fc13807e08b61bb,,,,picasso-trim-v305,現在表示から参照なし。受領ZIPから再生成される,,False
master/forms/artwork/0025_holiday/face.webp,未使用・復元対象,18974,c33134be5211055bde9fa5d95b1f22d3cf18373ee19b7674d70f7763e612dfc4,,,,picasso-trim-v305,現在表示から参照なし。受領ZIPから再生成される,,False
master/forms/artwork/0037_alola/face.webp,未使用・復元対象,12090,f0bb1fcb90e73c62dd2097e020e06b39c95e42c0c5488af3428348753e419532,,,,picasso-trim-v305,現在表示から参照なし。受領ZIPから再生成される,,False
master/forms/artwork/0038_alola/face.webp,未使用・復元対象,14428,97cc7beefc58af1c3d06bdfbe0e3bd88f5cf0959fae648a8573e017aba8812df,,,,picasso-trim-v305,現在表示から参照なし。受領ZIPから再生成される,,False
master/forms/artwork/0133_halloween/face.webp,未使用・復元対象,21112,e90d6004b4242e8c2978c3fcbb2ce21b0c9adef190dd4e293e9f3552eeef8af4,,,,picasso-trim-v305,現在表示から参照なし。受領ZIPから再生成される,,False
master/forms/artwork/0133_holiday/face.webp,未使用・復元対象,20626,511f5c6b16777ec150208ff7f956892ee620e33735b1675ab7c4d1e9a7617024,,,,picasso-trim-v305,現在表示から参照なし。受領ZIPから再生成される,,False
master/forms/artwork/0150_default/face.webp,未使用・復元対象,11734,69aca6bd610d94bcb716e9d021c8ff1f7651d1a4821b20dcd699e86d42a59916,,,,picasso-trim-v305,現在表示から参照なし。受領ZIPから再生成される,,False
master/forms/artwork/0151_default/face.webp,未使用・復元対象,12608,980394139893b7c08087c1cd523f398bfff2c1989870bfa258c75f8f384989ab,,,,picasso-trim-v305,現在表示から参照なし。受領ZIPから再生成される,,False
master/forms/artwork/0194_paldea/face.webp,未使用・復元対象,13302,85397d9c5af45d1cb40b531deb9a695ad019c06d49fc8de47199f7e67595c4f5,,,,picasso-trim-v305,現在表示から参照なし。受領ZIPから再生成される,,False
master/forms/artwork/0311_default/face.webp,未使用・復元対象,16338,4902c855b4e198d739789b260afc282e81033880f04c7c92b22fcad020f66946,,,,picasso-trim-v305,現在表示から参照なし。受領ZIPから再生成される,,False
master/forms/artwork/0312_default/face.webp,未使用・復元対象,16262,6260d4d51a2d8ad51c5eaafbc41fd5c014c2c4c753ffba7a27dc186cef5395c1,,,,picasso-trim-v305,現在表示から参照なし。受領ZIPから再生成される,,False
master/forms/artwork/0363_holiday/face.webp,未使用・復元対象,21926,d4bd61308aaa1be90f01db044f6bf9b50d92bd6956305cb63063a6b28d02941a,,,,picasso-trim-v305,現在表示から参照なし。受領ZIPから再生成される,,False
master/forms/artwork/0380_default/face.webp,未使用・復元対象,15784,0030f81b2ddd1319cd0568e704adb2121e61878a666947777738f31b298c299b,,,,picasso-trim-v305,現在表示から参照なし。受領ZIPから再生成される,,False
master/forms/artwork/0381_default/face.webp,未使用・復元対象,16304,1e2cb28cff0e0fd75fb76a8948a1a976a6baf5e22e1579b34923187763612956,,,,picasso-trim-v305,現在表示から参照なし。受領ZIPから再生成される,,False
master/forms/artwork/0425_default/face.webp,未使用・復元対象,12308,59858947ef28b49f68de15bc984e1733161f6fab26e4f6d97b7b73c492954aed,,,,picasso-trim-v305,現在表示から参照なし。受領ZIPから再生成される,,False
master/forms/artwork/0426_default/face.webp,未使用・復元対象,14080,375cb95891187e4bcd198e7d69dd33e71b59d6688cbe464047cafe13b130f77a,,,,picasso-trim-v305,現在表示から参照なし。受領ZIPから再生成される,,False
master/forms/artwork/0488_default/face.webp,未使用・復元対象,14358,68f5171399ba0eb700b711c2f3801ac2c3a0b7f6169fb14148fdd13b44d1e932,,,,picasso-trim-v305,現在表示から参照なし。受領ZIPから再生成される,,False
master/forms/artwork/0491_default/face.webp,未使用・復元対象,15832,883de3f44bdd861bfc095bf6ddf829e3066ac4ef1a61442e119206a312123d79,,,,picasso-trim-v305,現在表示から参照なし。受領ZIPから再生成される,,False
master/forms/artwork/0710_jumbo/face.webp,未使用・復元対象,17070,25a5f792450cbe03a978231ace2e400c55c6a0f6304a690622f429a418f52b99,,,,picasso-trim-v305,現在表示から参照なし。受領ZIPから再生成される,1,False
master/forms/artwork/0710_large/face.webp,未使用・復元対象,17070,25a5f792450cbe03a978231ace2e400c55c6a0f6304a690622f429a418f52b99,,,,picasso-trim-v305,現在表示から参照なし。受領ZIPから再生成される,1,False
master/forms/artwork/0710_medium/face.webp,未使用・復元対象,17070,25a5f792450cbe03a978231ace2e400c55c6a0f6304a690622f429a418f52b99,,,,picasso-trim-v305,現在表示から参照なし。受領ZIPから再生成される,1,False
master/forms/artwork/0710_small/face.webp,未使用・復元対象,17070,25a5f792450cbe03a978231ace2e400c55c6a0f6304a690622f429a418f52b99,,,,picasso-trim-v305,現在表示から参照なし。受領ZIPから再生成される,1,False
master/forms/artwork/0711_jumbo/face.webp,未使用・復元対象,14154,92d9355020e0c1a6bff62dfbe87007e048f42f8b1480a50285a903a1e8af9b5a,,,,picasso-trim-v305,現在表示から参照なし。受領ZIPから再生成される,2,False
master/forms/artwork/0711_large/face.webp,未使用・復元対象,14154,92d9355020e0c1a6bff62dfbe87007e048f42f8b1480a50285a903a1e8af9b5a,,,,picasso-trim-v305,現在表示から参照なし。受領ZIPから再生成される,2,False
master/forms/artwork/0711_medium/face.webp,未使用・復元対象,14154,92d9355020e0c1a6bff62dfbe87007e048f42f8b1480a50285a903a1e8af9b5a,,,,picasso-trim-v305,現在表示から参照なし。受領ZIPから再生成される,2,False
master/forms/artwork/0711_small/face.webp,未使用・復元対象,14154,92d9355020e0c1a6bff62dfbe87007e048f42f8b1480a50285a903a1e8af9b5a,,,,picasso-trim-v305,現在表示から参照なし。受領ZIPから再生成される,2,False
master/forms/artwork/0777_default/face.webp,未使用・復元対象,8580,2a7d482a79a0b7a72d09f82e735eb18ae0ca7fecf02457f8ebf27b86c4e17cc6,,,,picasso-trim-v305,現在表示から参照なし。受領ZIPから再生成される,,False
master/forms/artwork/0778_default/face.webp,未使用・復元対象,11684,5ecf628c56789bc7e68a7698d0fcd99e6701ebcf48b87437be890052d030a127,,,,picasso-trim-v305,現在表示から参照なし。受領ZIPから再生成される,,False
master/forms/artwork/0849_amped/face.webp,未使用・復元対象,11716,cfb0e55a88a6e1e894cf1086cd5f8aafe8dab646f7e7c0b6922b8498e44f493e,,,,picasso-trim-v305,現在表示から参照なし。受領ZIPから再生成される,,False
master/forms/artwork/0849_low_key/face.webp,未使用・復元対象,11580,5b5bc0841a4b2f621c75b43f9a756b599327546bd5e8308c1250250d0b913a12,,,,picasso-trim-v305,現在表示から参照なし。受領ZIPから再生成される,,False
master/pokemon/0001/face.webp,未使用・復元対象,19224,a0347bb0dc45cb646b213a3a5dcee12aacd9975333e5a6151429e18436d9f9ec,,,,picasso-trim-v305,現在表示から参照なし。受領ZIPから再生成される,,False
master/pokemon/0002/face.webp,未使用・復元対象,21990,daef28ce479d957c06ead16d92335a3d921c0593025386a7ab74986c4637e4ca,,,,picasso-trim-v305,現在表示から参照なし。受領ZIPから再生成される,,False
master/pokemon/0003/face.webp,未使用・復元対象,26446,f8539c07a0db1a0ac2dd5cbb78c83fdad2deb21237f021e962818b10389ad70a,,,,picasso-trim-v305,現在表示から参照なし。受領ZIPから再生成される,,False
master/pokemon/0004/face.webp,未使用・復元対象,16184,bf1452f5858b3e69e96a4527b55292d72b322ea954414498886fe41df309befd,,,,picasso-trim-v305,現在表示から参照なし。受領ZIPから再生成される,,False
master/pokemon/0005/face.webp,未使用・復元対象,15334,c9cc2d0ce642490342f9696ced42b1c739016e62b04c1e3931aeaeec0bdb5971,,,,picasso-trim-v305,現在表示から参照なし。受領ZIPから再生成される,,False
master/pokemon/0006/face.webp,未使用・復元対象,18696,e92724940c0f1fb249e082fa8881d9fcfabda27e7481bab0cb9baf3143d4407d,,,,picasso-trim-v305,現在表示から参照なし。受領ZIPから再生成される,,False
master/pokemon/0007/face.webp,未使用・復元対象,17270,cdfc897b0af5ed94dd813563a37abd41356e6323c1fac8a39a7225d0eb2b8511,,,,picasso-trim-v305,現在表示から参照なし。受領ZIPから再生成される,,False
master/pokemon/0008/face.webp,未使用・復元対象,17778,fd55942f8bcaba429fa4775445579431fdcd1799c90ec0e8bf2b83c5d4281f3e,,,,picasso-trim-v305,現在表示から参照なし。受領ZIPから再生成される,,False
master/pokemon/0009/face.webp,未使用・復元対象,21432,6e201a18dc4019c0bb9324bbaf7f44048568aba1eb3135fa335731368da8b87a,,,,picasso-trim-v305,現在表示から参照なし。受領ZIPから再生成される,,False
master/pokemon/0010/face.webp,未使用・復元対象,17636,f7a15afb7a46228a0f03571f76234f4ab421f711b47d8ff4731fd8e5cf001f50,,,,picasso-trim-v305,現在表示から参照なし。受領ZIPから再生成される,,False
master/pokemon/0011/face.webp,未使用・復元対象,15596,9cb1a2590df7df28721920a16b04f9db1db85d81c536645e4778068ae63a7607,,,,picasso-trim-v305,現在表示から参照なし。受領ZIPから再生成される,,False
master/pokemon/0012/face.webp,未使用・復元対象,19000,868e6a0ad10db64731a7c01e9f6b94413cde29a5f882c8f12bcb4125f59b57dd,,,,picasso-trim-v305,現在表示から参照なし。受領ZIPから再生成される,,False
master/pokemon/0019/face.webp,未使用・復元対象,19696,77c274f9959e639096ecba8d9f3a9b12eb52d3207830d816424937adc8c95057,,,,picasso-trim-v305,現在表示から参照なし。受領ZIPから再生成される,,False
master/pokemon/0020/face.webp,未使用・復元対象,19878,221125590bff2dba1ae032e4de53aee73bad4f929df2a68dee1d44b286bddbc6,,,,picasso-trim-v305,現在表示から参照なし。受領ZIPから再生成される,,False
master/pokemon/0023/face.webp,未使用・復元対象,16556,cea99cffd0cfeca36d22667c5b523f7315579990b85032aa15fa931839c556d2,,,,picasso-trim-v305,現在表示から参照なし。受領ZIPから再生成される,,False
master/pokemon/0024/face.webp,未使用・復元対象,20026,579f574053ebc18e834bd36772bd6645c17481223e1efcc8fa290192725471af,,,,picasso-trim-v305,現在表示から参照なし。受領ZIPから再生成される,,False
master/pokemon/0025/face.webp,未使用・復元対象,16586,8732f3b2002ac6f0e072ca5b1679c40f04c3372fc6e4139259c9e4cfe423fd9f,,,,picasso-trim-v305,現在表示から参照なし。受領ZIPから再生成される,,False
master/pokemon/0026/face.webp,未使用・復元対象,16410,7db92e2e193f92b06935c0fb7cec600a1c51845967bfc09546b7361476b48753,,,,picasso-trim-v305,現在表示から参照なし。受領ZIPから再生成される,,False
master/pokemon/0027/face.webp,未使用・復元対象,20448,c2e2f7a986aa4ec5cd272ee5bb778f1979aa4c0a881d041618236381b9ef13c8,,,,picasso-trim-v305,現在表示から参照なし。受領ZIPから再生成される,,False
master/pokemon/0028/face.webp,未使用・復元対象,21572,2bab9b076e1a8f7aaa2155cc432b839fad03c738d4dfc7be7cdb31664f20b175,,,,picasso-trim-v305,現在表示から参照なし。受領ZIPから再生成される,,False
master/pokemon/0035/face.webp,未使用・復元対象,14412,64e2e34f78035d84121270a75c626c13a3d3b3c2f195f0fa9a58babcb6c6ed55,,,,picasso-trim-v305,現在表示から参照なし。受領ZIPから再生成される,,False
master/pokemon/0036/face.webp,未使用・復元対象,13992,c84811d15395fa24dbc21690bf72c546a994d866f4952e00915fb6b34735ea6e,,,,picasso-trim-v305,現在表示から参照なし。受領ZIPから再生成される,,False
master/pokemon/0037/face.webp,未使用・復元対象,18426,33bd7017daf1ed98aff40598d44ee59c9b0ecf5e9a6151923e6196e39d8ba235,,,,picasso-trim-v305,現在表示から参照なし。受領ZIPから再生成される,,False
master/pokemon/0038/face.webp,未使用・復元対象,14566,f1af06347c8038ea0c58f4f0a4ca91511f0c5de5e1ad5c9d496fdc50ceece0db,,,,picasso-trim-v305,現在表示から参照なし。受領ZIPから再生成される,,False
master/pokemon/0039/face.webp,未使用・復元対象,10672,2c2073afb98209dc9086654fe5eb9e246340fb893f849fe1925f57a8bd4ccac6,,,,picasso-trim-v305,現在表示から参照なし。受領ZIPから再生成される,,False
master/pokemon/0040/face.webp,未使用・復元対象,8194,065d71c329ca01c446b57c8ea604075da0cd47669bab0b5b4af144ce6c2526de,,,,picasso-trim-v305,現在表示から参照なし。受領ZIPから再生成される,,False
master/pokemon/0050/face.webp,未使用・復元対象,10680,40acfb97273d0bffda39dac8502fc29186e5d647e282fbb5bf58dc0d028d7346,,,,picasso-trim-v305,現在表示から参照なし。受領ZIPから再生成される,,False
master/pokemon/0051/face.webp,未使用・復元対象,12196,81a440cd0a4bf67168489f0e6260a1cf860242cce96c0a27c22a772c55fa55f5,,,,picasso-trim-v305,現在表示から参照なし。受領ZIPから再生成される,,False
master/pokemon/0052/face.webp,未使用・復元対象,12054,0dc82f3f1da84097d61f7e0ac5ee49938e2f5c7188ce9dd89168e614b31a5e66,,,,picasso-trim-v305,現在表示から参照なし。受領ZIPから再生成される,,False
master/pokemon/0053/face.webp,未使用・復元対象,11438,ffbb519336049bb7ee8fc63ac84d40d7e8fa35c72b3075445015b65f92b44ee1,,,,picasso-trim-v305,現在表示から参照なし。受領ZIPから再生成される,,False
master/pokemon/0054/face.webp,未使用・復元対象,7274,a98ab2f57efff6a9dadc9e5795d9bd36bcfdce4f952577ef28d203e53980460e,,,,picasso-trim-v305,現在表示から参照なし。受領ZIPから再生成される,,False
master/pokemon/0055/face.webp,未使用・復元対象,8586,0b1c2da4cd8c742a5262e2373712480a402afc1e73dae4db565737c810495c65,,,,picasso-trim-v305,現在表示から参照なし。受領ZIPから再生成される,,False
master/pokemon/0056/face.webp,未使用・復元対象,8428,34ec06c5598fd29f0b11840e1787d1034c4837e8441ef2fa08288a43329fd5a6,,,,picasso-trim-v305,現在表示から参照なし。受領ZIPから再生成される,,False
master/pokemon/0057/face.webp,未使用・復元対象,8666,862c59da75794e7f713dce292c4320299f9452722ebb10c23c9c09135842c14c,,,,picasso-trim-v305,現在表示から参照なし。受領ZIPから再生成される,,False
master/pokemon/0058/face.webp,未使用・復元対象,11962,9be60507ccf7668a6c841ab409d9654f441706a06e9b3bc4ce64e57cdf50c5eb,,,,picasso-trim-v305,現在表示から参照なし。受領ZIPから再生成される,,False
master/pokemon/0059/face.webp,未使用・復元対象,13096,73cf8caa3bb1714b96668e44645565fcf30fbe2ee610cb71f34e130e9cef901d,,,,picasso-trim-v305,現在表示から参照なし。受領ZIPから再生成される,,False
master/pokemon/0069/face.webp,未使用・復元対象,9384,5bfd61798420ae10e8c5f3f8df50bb5e812056683db67d70837ca356b029fb3d,,,,picasso-trim-v305,現在表示から参照なし。受領ZIPから再生成される,,False
master/pokemon/0070/face.webp,未使用・復元対象,9624,a7646f89510ac49dc2d7af43c3181276054bcdc2b873a1f8ddc420b26352d4fa,,,,picasso-trim-v305,現在表示から参照なし。受領ZIPから再生成される,,False
master/pokemon/0071/face.webp,未使用・復元対象,10330,60b204b1c9117c23f1b1bc500483d469e37e0523a73d6286fa6a95b6b27d26fa,,,,picasso-trim-v305,現在表示から参照なし。受領ZIPから再生成される,,False
master/pokemon/0074/face.webp,未使用・復元対象,7000,a4a72204cf21eee2342fa7949169bd8f99b2ba3037f4206aaeea33e1310a6238,,,,picasso-trim-v305,現在表示から参照なし。受領ZIPから再生成される,,False
master/pokemon/0075/face.webp,未使用・復元対象,9336,428d2421877524eabdd81861d56e0fabf0bd69a590399e2e5d8d403be5f21f19,,,,picasso-trim-v305,現在表示から参照なし。受領ZIPから再生成される,,False
master/pokemon/0076/face.webp,未使用・復元対象,11992,74426d1b044987e775f4855effa41b59561cc53a1949527f9b4fd3d2581e1feb,,,,picasso-trim-v305,現在表示から参照なし。受領ZIPから再生成される,,False
master/pokemon/0079/face.webp,未使用・復元対象,7500,31cf1910bb17ba69991a76d0e3f30b0b9064ab7079deb2ef2f257638add171b8,,,,picasso-trim-v305,現在表示から参照なし。受領ZIPから再生成される,,False
master/pokemon/0080/face.webp,未使用・復元対象,7804,3f5d7442d68747a9564dc5f11f32c9a6bf4e3c01974239801fbb3c4c43acff77,,,,picasso-trim-v305,現在表示から参照なし。受領ZIPから再生成される,,False
master/pokemon/0081/face.webp,未使用・復元対象,8256,1fb8bb0091173ff6590791b76b2b1988693c2902d66d96e847cff02437f2a014,,,,picasso-trim-v305,現在表示から参照なし。受領ZIPから再生成される,,False
master/pokemon/0082/face.webp,未使用・復元対象,11062,b74004b73f37fd9d0a2d8267598f47ae51f6178a6fb2f5138859b2e5f56c10a1,,,,picasso-trim-v305,現在表示から参照なし。受領ZIPから再生成される,,False
master/pokemon/0083/face.webp,未使用・復元対象,10154,10c4dd0af72142e7d783479f10f8258bb19df845a8ba46dcc04ed550b550aa20,,,,picasso-trim-v305,現在表示から参照なし。受領ZIPから再生成される,,False
master/pokemon/0084/face.webp,未使用・復元対象,8662,122fc1474547cd830d3bdbf6fa42e90d77a2b13153c4f9fdd258e148677e0f68,,,,picasso-trim-v305,現在表示から参照なし。受領ZIPから再生成される,,False
master/pokemon/0085/face.webp,未使用・復元対象,12730,5bb84542d1223e0804f5e763ca11258cac5f9a8d1690049096b1d9f0bbebc3d0,,,,picasso-trim-v305,現在表示から参照なし。受領ZIPから再生成される,,False
master/pokemon/0092/face.webp,未使用・復元対象,9660,2c667335da9558f7966ce69616bc3f257eca58a5b15dc4becd8f7807ae15c8b8,,,,picasso-trim-v305,現在表示から参照なし。受領ZIPから再生成される,,False
master/pokemon/0093/face.webp,未使用・復元対象,7690,d410407113d4bdbc95a8018cf21ea5c5eb9de1d971b2061bb6cd92121e110922,,,,picasso-trim-v305,現在表示から参照なし。受領ZIPから再生成される,,False
master/pokemon/0094/face.webp,未使用・復元対象,8070,07a6f9544ba20acf4158c6c428be0477a0c342f8244c9a2795750dd114f1fcda,,,,picasso-trim-v305,現在表示から参照なし。受領ZIPから再生成される,,False
master/pokemon/0095/face.webp,未使用・復元対象,7880,2d219e49db908ca6f882b6e588a3a6a138a3f762a9eef9b1392cf57e6d9890c9,,,,picasso-trim-v305,現在表示から参照なし。受領ZIPから再生成される,,False
master/pokemon/0104/face.webp,未使用・復元対象,8732,94a2b36c43d1cc73af41d960b5ace7ba0d3b5ab0e28426eccea12b6ad650d3ca,,,,picasso-trim-v305,現在表示から参照なし。受領ZIPから再生成される,,False
master/pokemon/0105/face.webp,未使用・復元対象,10748,c59ca2701d9e8b10319ba9cbf84c5649910b461e7557dfae57dfe1f605c0084d,,,,picasso-trim-v305,現在表示から参照なし。受領ZIPから再生成される,,False
master/pokemon/0113/face.webp,未使用・復元対象,15374,5b4595a12601d985cb6b62c3b2298d778663b4bcb1584596d50aeaf2c12e6d53,,,,picasso-trim-v305,現在表示から参照なし。受領ZIPから再生成される,,False
master/pokemon/0115/face.webp,未使用・復元対象,18348,abf6a4f0eb867414cee80c0c431e43c56fa84b4870777febebc91d5787faa73a,,,,picasso-trim-v305,現在表示から参照なし。受領ZIPから再生成される,,False
master/pokemon/0122/face.webp,未使用・復元対象,20116,8deaa5a803798b08ef9d4a25fa5e03d284d64396b4b338bcf6f43b5059669ad6,,,,picasso-trim-v305,現在表示から参照なし。受領ZIPから再生成される,,False
master/pokemon/0127/face.webp,未使用・復元対象,17030,b9f3ae5a6f8ed90bf730290aff329fb0c6ba8af3bbadd5fda306b356f90a036a,,,,picasso-trim-v305,現在表示から参照なし。受領ZIPから再生成される,,False
master/pokemon/0132/face.webp,未使用・復元対象,11248,bc092c708d92d0614160dd36e8055e4d466b063a5da421295dc7373bdadbe32a,,,,picasso-trim-v305,現在表示から参照なし。受領ZIPから再生成される,,False
master/pokemon/0133/face.webp,未使用・復元対象,18444,6d96d64f800cc0e5d4d18bc8e6cd0fd0d99d66b3dc3f8556f29532305f7e9375,,,,picasso-trim-v305,現在表示から参照なし。受領ZIPから再生成される,,False
master/pokemon/0134/face.webp,未使用・復元対象,19288,bc46ae3af7ed5526f9962cfb2a92223a266a83c9618aab247f0cf68166b44062,,,,picasso-trim-v305,現在表示から参照なし。受領ZIPから再生成される,,False
master/pokemon/0135/face.webp,未使用・復元対象,18516,bfff193caca7c0aa33e7bfcd40e7e09c41d23cbd384f444f1fcebc4a20ab3cd9,,,,picasso-trim-v305,現在表示から参照なし。受領ZIPから再生成される,,False
master/pokemon/0136/face.webp,未使用・復元対象,21274,1b1f4064f449fb7740553a0ec16db47709c99b51cad27c806f792f2dbf2fdaa7,,,,picasso-trim-v305,現在表示から参照なし。受領ZIPから再生成される,,False
master/pokemon/0147/face.webp,未使用・復元対象,13894,427093d1e44a0dc37adeced40e805c8252fbc7bfc7aedeb8904e7761ccd9ca5a,,,,picasso-trim-v305,現在表示から参照なし。受領ZIPから再生成される,,False
master/pokemon/0148/face.webp,未使用・復元対象,12818,225e323c3fd58477e45424caef5355706fcb56b6cec7d2e89ba43ccc75c48af5,,,,picasso-trim-v305,現在表示から参照なし。受領ZIPから再生成される,,False
master/pokemon/0149/face.webp,未使用・復元対象,21514,802a82ecf454f2b8214d268b801fe5d3bf1f80fa23c626f5ec7a807a76298ed9,,,,picasso-trim-v305,現在表示から参照なし。受領ZIPから再生成される,,False
master/pokemon/0152/face.webp,未使用・復元対象,11686,d95d3911e9c3e137e6244100c672b8824fba7c9235baddd03f0be201eae90258,,,,picasso-trim-v305,現在表示から参照なし。受領ZIPから再生成される,,False
master/pokemon/0153/face.webp,未使用・復元対象,16502,a80a31dce54bb9d4e00f5e43888142f0e676a70762e308acf96b8a9dbb59ae09,,,,picasso-trim-v305,現在表示から参照なし。受領ZIPから再生成される,,False
master/pokemon/0154/face.webp,未使用・復元対象,17316,ede4d809233b563cceb2bac7b684b03bde5e0f23aaae4d1dbacfd38acd932ad9,,,,picasso-trim-v305,現在表示から参照なし。受領ZIPから再生成される,,False
master/pokemon/0155/face.webp,未使用・復元対象,17178,7b1056190e7000fb8858fe247978dc512f17bde59eae18631584d32fee989bfb,,,,picasso-trim-v305,現在表示から参照なし。受領ZIPから再生成される,,False
master/pokemon/0156/face.webp,未使用・復元対象,19636,c8248a3117e2182c893a692c9629cc339bdea5d5e644f93628f957a29a782da5,,,,picasso-trim-v305,現在表示から参照なし。受領ZIPから再生成される,,False
master/pokemon/0157/face.webp,未使用・復元対象,16936,d0d4caa4cbf359ec41f512b87ad002feb2402b0dd6eba4b8b6a4c7e4a2b62c75,,,,picasso-trim-v305,現在表示から参照なし。受領ZIPから再生成される,,False
master/pokemon/0158/face.webp,未使用・復元対象,19322,0d52ed43d91560b82f88d81efffefd9cb1603c472e5ffdd267c98b34c17a94ce,,,,picasso-trim-v305,現在表示から参照なし。受領ZIPから再生成される,,False
master/pokemon/0159/face.webp,未使用・復元対象,19288,1f47367e582ad08ddc8cadabaebd0fd987b09b1c7b9e87316dd7c03d55548666,,,,picasso-trim-v305,現在表示から参照なし。受領ZIPから再生成される,,False
master/pokemon/0160/face.webp,未使用・復元対象,22752,43010d609b61c04de65cef2826ec419124523b99695433a8d2da3102e961698f,,,,picasso-trim-v305,現在表示から参照なし。受領ZIPから再生成される,,False
master/pokemon/0172/face.webp,未使用・復元対象,17342,c4d605ff880383fb5f27e07c0ac446bf52e019bf662a696ff64e0f75c2a32eb2,,,,picasso-trim-v305,現在表示から参照なし。受領ZIPから再生成される,,False
master/pokemon/0173/face.webp,未使用・復元対象,14234,be9dc54704a711949227b232a6129ae827f73c7f764f04109fb377b371394b4b,,,,picasso-trim-v305,現在表示から参照なし。受領ZIPから再生成される,,False
master/pokemon/0174/face.webp,未使用・復元対象,10016,53b2349b3ef9dce4b41e69f331c4891be3d0774ee515464ebd3bf1658340a809,,,,picasso-trim-v305,現在表示から参照なし。受領ZIPから再生成される,,False
master/pokemon/0175/face.webp,未使用・復元対象,13786,47d2717056d82aa0b5d3b6d32ace3fe0360c202d3dac0075693c5e5baeccbcc1,,,,picasso-trim-v305,現在表示から参照なし。受領ZIPから再生成される,,False
master/pokemon/0176/face.webp,未使用・復元対象,13978,cff295d9b02004a79b0eab7c251f79df44d10431bf1aed3f85c110aa81da07bd,,,,picasso-trim-v305,現在表示から参照なし。受領ZIPから再生成される,,False
master/pokemon/0177/face.webp,未使用・復元対象,17812,6fe041b2b617b9394b357736064e4591ae7471980b0f83ed4dc6491b9807edf8,,,,picasso-trim-v305,現在表示から参照なし。受領ZIPから再生成される,,False
master/pokemon/0178/face.webp,未使用・復元対象,17214,92afb5cd4603051d26728c84dc8c1544364ced7a90d15770c33070b2445f4f80,,,,picasso-trim-v305,現在表示から参照なし。受領ZIPから再生成される,,False
master/pokemon/0179/face.webp,未使用・復元対象,19516,d15bcb88111b74c9c20158c3ec61f529687ffe90bb5a6b3c86805f25c3a127c0,,,,picasso-trim-v305,現在表示から参照なし。受領ZIPから再生成される,,False
master/pokemon/0180/face.webp,未使用・復元対象,13598,ea7ea8740d6abcfe8cb91b4388b41a597ce0bbb7d3f9f4d672b879c08de15de9,,,,picasso-trim-v305,現在表示から参照なし。受領ZIPから再生成される,,False
master/pokemon/0181/face.webp,未使用・復元対象,13624,76b13dafd0ca9843c64953fe86f9b8927341254f5b1a3917fc2e546e78562935,,,,picasso-trim-v305,現在表示から参照なし。受領ZIPから再生成される,,False
master/pokemon/0185/face.webp,未使用・復元対象,14788,c59555a49a9fd96b09c3e5f3525e8e62dd631d243bf08179c8a75a0e6acbd0e4,,,,picasso-trim-v305,現在表示から参照なし。受領ZIPから再生成される,,False
master/pokemon/0194/face.webp,未使用・復元対象,16448,177212fb3452c42ebe5dd052fed512dcc6b0233e6257cd737718e1d04033efe5,,,,picasso-trim-v305,現在表示から参照なし。受領ZIPから再生成される,,False
master/pokemon/0195/face.webp,未使用・復元対象,13808,fc5ccf19791c2f783aef198c780db3dfe6a2bc8132a7184ac5a924d5d766e490,,,,picasso-trim-v305,現在表示から参照なし。受領ZIPから再生成される,,False
master/pokemon/0196/face.webp,未使用・復元対象,15592,ce694538a76e9e9cea87fa3b59e64dfa6bfdd3c63cc94e552b44bb78fb506775,,,,picasso-trim-v305,現在表示から参照なし。受領ZIPから再生成される,,False
master/pokemon/0197/face.webp,未使用・復元対象,14104,ed08236bd5a8d2b50f21545734dac81c5eb7d444d87c6c239f34f68f6baa01c1,,,,picasso-trim-v305,現在表示から参照なし。受領ZIPから再生成される,,False
master/pokemon/0198/face.webp,未使用・復元対象,17288,b6ea6935f524767f07d8af9bda8557421504c6732298ab2470c50e8b8d3ac680,,,,picasso-trim-v305,現在表示から参照なし。受領ZIPから再生成される,,False
master/pokemon/0199/face.webp,未使用・復元対象,15904,9a1c235d3dc2484058f765fb5fc78296342b774c97598b730f7386f6420010ce,,,,picasso-trim-v305,現在表示から参照なし。受領ZIPから再生成される,,False
master/pokemon/0202/face.webp,未使用・復元対象,13916,f65e3a0775973d6a5dc5d5462ad09e8141a570f754067516ca35b4fc33a4c491,,,,picasso-trim-v305,現在表示から参照なし。受領ZIPから再生成される,,False
master/pokemon/0208/face.webp,未使用・復元対象,17156,de26a796555d412fc2a272a9c97c9414a6c1fdabcc07b965226afc986f2e1c5a,,,,picasso-trim-v305,現在表示から参照なし。受領ZIPから再生成される,,False
master/pokemon/0213/face.webp,未使用・復元対象,15622,7a56c486fd157d3ecaf080c569c6cb31e66b0258a875ed0f7a13bc3e473df3b5,,,,picasso-trim-v305,現在表示から参照なし。受領ZIPから再生成される,,False
master/pokemon/0214/face.webp,未使用・復元対象,16376,e6197c1f08083eaec812bbd7f02a3666c4fad7a1589c9614c52405fc0ca6b556,,,,picasso-trim-v305,現在表示から参照なし。受領ZIPから再生成される,,False
master/pokemon/0215/face.webp,未使用・復元対象,15392,71b57c0b82c4fa757af325c6d6614f39179fedba791561bcd457260bb39bc659,,,,picasso-trim-v305,現在表示から参照なし。受領ZIPから再生成される,,False
master/pokemon/0225/face.webp,未使用・復元対象,13918,5f10c0104565d5853dcad0aea5ace89aa1a7a28548422e6bde6f3ba3fd48b76b,,,,picasso-trim-v305,現在表示から参照なし。受領ZIPから再生成される,,False
master/pokemon/0228/face.webp,未使用・復元対象,15100,5b3e6717c49c445d9dfe2a1d48a3d402d097b120d6319455b64565ea094719f3,,,,picasso-trim-v305,現在表示から参照なし。受領ZIPから再生成される,,False
master/pokemon/0229/face.webp,未使用・復元対象,14018,490aae2ebf961ff7bcdb853905a62b40a211360913dd347e396523b0689da7f8,,,,picasso-trim-v305,現在表示から参照なし。受領ZIPから再生成される,,False
master/pokemon/0242/face.webp,未使用・復元対象,12152,a194cc580e1b5cc8aad7d5bdfb19d81c253cf776c10682a2feadf2bdb904fc28,,,,picasso-trim-v305,現在表示から参照なし。受領ZIPから再生成される,,False
master/pokemon/0243/face.webp,未使用・復元対象,20598,da20f46f5b223d702bf3332dced91bb6153fc5e665ce1229259673e7b01e9537,,,,picasso-trim-v305,現在表示から参照なし。受領ZIPから再生成される,,False
master/pokemon/0244/face.webp,未使用・復元対象,23396,608ec9154273483fc31c1b6940e20bcdd7f17339007a379d5b70abe258826fe8,,,,picasso-trim-v305,現在表示から参照なし。受領ZIPから再生成される,,False
master/pokemon/0245/face.webp,未使用・復元対象,19788,69766e85b537837ab68b4bcafce6e682cca28e1e008f8a7b7fe76948366ec542,,,,picasso-trim-v305,現在表示から参照なし。受領ZIPから再生成される,,False
master/pokemon/0246/face.webp,未使用・復元対象,14854,c296ddbe8d54ee8d94beea80c2b4025c5046b8932ceabe8a75475df64c6401e4,,,,picasso-trim-v305,現在表示から参照なし。受領ZIPから再生成される,,False
master/pokemon/0247/face.webp,未使用・復元対象,19122,aa271b72706dac63bd8b4946cc3e77b3a6eaad3933d67a6fa4ec341d45365c83,,,,picasso-trim-v305,現在表示から参照なし。受領ZIPから再生成される,,False
master/pokemon/0248/face.webp,未使用・復元対象,17184,e088ac8e131950ae3dc756bc748bb3818429970f138c604f481c50b7ce8bde89,,,,picasso-trim-v305,現在表示から参照なし。受領ZIPから再生成される,,False
master/pokemon/0252/face.webp,未使用・復元対象,15616,27646290938ed80feeec0f1b8fdfdfc095e9256317f4ac15d5c076825449710c,,,,picasso-trim-v305,現在表示から参照なし。受領ZIPから再生成される,,False
master/pokemon/0253/face.webp,未使用・復元対象,15132,16ff8e08330db211d8dfdd2dcc58fbbd16fcbcb6df20430831d2e199a148be24,,,,picasso-trim-v305,現在表示から参照なし。受領ZIPから再生成される,,False
master/pokemon/0254/face.webp,未使用・復元対象,16186,d528ec5e663a50060cb20362b5f7ed742aece87414df32aa6de0a1cf1c7ba0bd,,,,picasso-trim-v305,現在表示から参照なし。受領ZIPから再生成される,,False
master/pokemon/0255/face.webp,未使用・復元対象,17258,228ee52a64d6f7732adaa338f84dfca82e18443f93b7006c3c617815814c04c6,,,,picasso-trim-v305,現在表示から参照なし。受領ZIPから再生成される,,False
master/pokemon/0256/face.webp,未使用・復元対象,14334,ddb3ae3ccb730184b694314cfc57635af61ad879c6602519f5e8ee9bb60b3e4a,,,,picasso-trim-v305,現在表示から参照なし。受領ZIPから再生成される,,False
master/pokemon/0257/face.webp,未使用・復元対象,19428,7b03fef6a2f36606f249a029ae5a3774c4dd8178e0c3bf524f954489cdf929d3,,,,picasso-trim-v305,現在表示から参照なし。受領ZIPから再生成される,,False
master/pokemon/0258/face.webp,未使用・復元対象,18590,114019a26f086d3a0852c22de0e7c18b21adbad1da49b88c0e2754d8ff89cb95,,,,picasso-trim-v305,現在表示から参照なし。受領ZIPから再生成される,,False
master/pokemon/0259/face.webp,未使用・復元対象,19672,d579ed0db7224967a63fac5a972b283baf122e0e8f92f3bfe59f14930cc84edd,,,,picasso-trim-v305,現在表示から参照なし。受領ZIPから再生成される,,False
master/pokemon/0260/face.webp,未使用・復元対象,20968,c7bb3190eaad9c5d29832736aad67dcdc11229663c7988e28b6dfb707781b301,,,,picasso-trim-v305,現在表示から参照なし。受領ZIPから再生成される,,False
master/pokemon/0280/face.webp,未使用・復元対象,12098,44a8863047041811b11fbae5a8a76e43fe0b4fda22d02a507f6f9c3064fd882e,,,,picasso-trim-v305,現在表示から参照なし。受領ZIPから再生成される,,False
master/pokemon/0281/face.webp,未使用・復元対象,14858,68660d28f62d887eeb141fbccfcf779249eba48f812598e2a29e788690db1cca,,,,picasso-trim-v305,現在表示から参照なし。受領ZIPから再生成される,,False
master/pokemon/0282/face.webp,未使用・復元対象,15152,eee92c9aff790eb3635f61bff9f24a324dbba740a3702c1395b0748a742bcc46,,,,picasso-trim-v305,現在表示から参照なし。受領ZIPから再生成される,,False
master/pokemon/0287/face.webp,未使用・復元対象,17342,542367638c04e12c0185c11c5e57232c085d83ae271c804f44df5bd34034f3f5,,,,picasso-trim-v305,現在表示から参照なし。受領ZIPから再生成される,,False
master/pokemon/0288/face.webp,未使用・復元対象,12958,c01caa4448a4e9c4e6c4b01d40ca0a27860cf01a37b26efecdc2acd2f103028f,,,,picasso-trim-v305,現在表示から参照なし。受領ZIPから再生成される,,False
master/pokemon/0289/face.webp,未使用・復元対象,18160,e294abec21ddb2aa7eff5dad6e6886c5a1d9b605d3af1d602adafe79476554a4,,,,picasso-trim-v305,現在表示から参照なし。受領ZIPから再生成される,,False
master/pokemon/0302/face.webp,未使用・復元対象,18178,e460ccf6d624de0489116379e8e6f29a286e0465d401e19cbd0f3d935e6c8cf7,,,,picasso-trim-v305,現在表示から参照なし。受領ZIPから再生成される,,False
master/pokemon/0303/face.webp,未使用・復元対象,18238,dce3856b1ff2862d45c9b9268549b859b7424721aa9f13949ad6902befd8473d,,,,picasso-trim-v305,現在表示から参照なし。受領ZIPから再生成される,,False
master/pokemon/0304/face.webp,未使用・復元対象,15922,2c7a835ee7a86904281566b486aa57102a83a603445c002b6e200e771f70b073,,,,picasso-trim-v305,現在表示から参照なし。受領ZIPから再生成される,,False
master/pokemon/0305/face.webp,未使用・復元対象,16576,59637094686bb717ff2c97506f473f2df0d550ecd96ce0134695469d1e6ed8ce,,,,picasso-trim-v305,現在表示から参照なし。受領ZIPから再生成される,,False
master/pokemon/0306/face.webp,未使用・復元対象,12350,a487ab75c86c0730965f33d4fd70609fe4a1ece509e7c83b833c0c187909b4d4,,,,picasso-trim-v305,現在表示から参照なし。受領ZIPから再生成される,,False
master/pokemon/0316/face.webp,未使用・復元対象,12566,bc39128e9fd38ec6fa5ebb879d669ebf7f448f99b3b7d5aa9a1b55de908866f2,,,,picasso-trim-v305,現在表示から参照なし。受領ZIPから再生成される,,False
master/pokemon/0317/face.webp,未使用・復元対象,16578,dfa4ed75b163bb27d549d4f235d6dbcf3d30a8567c60e56af68dba8ffa70b5af,,,,picasso-trim-v305,現在表示から参照なし。受領ZIPから再生成される,,False
master/pokemon/0328/face.webp,未使用・復元対象,14380,a246eff9abde9bb1c3c61aa125c9feeb0fef6bb634dfdd0d6021090f2f986d96,,,,picasso-trim-v305,現在表示から参照なし。受領ZIPから再生成される,,False
master/pokemon/0329/face.webp,未使用・復元対象,23070,abb7cba791254aa3ef49d0af55a61395f9e11128a7efb3bbd5a5033f0c0f7e9a,,,,picasso-trim-v305,現在表示から参照なし。受領ZIPから再生成される,,False
master/pokemon/0330/face.webp,未使用・復元対象,19338,ff29519eb48ea00a682f0d7fc80a3c9721c47b856033b1b65370675beaea242e,,,,picasso-trim-v305,現在表示から参照なし。受領ZIPから再生成される,,False
master/pokemon/0333/face.webp,未使用・復元対象,17470,5bf53449ead8f2ed6713dd045dc7234d0e68ed3864a92dde84f5ef4672b9d221,,,,picasso-trim-v305,現在表示から参照なし。受領ZIPから再生成される,,False
master/pokemon/0334/face.webp,未使用・復元対象,12656,4f10739d04d0f0939de360eacb7a7b2d62b863e824e69a86be4db37e62fde95e,,,,picasso-trim-v305,現在表示から参照なし。受領ZIPから再生成される,,False
master/pokemon/0353/face.webp,未使用・復元対象,13574,876b9b8c3943688b2191ac1fe0823ef48b2295fef748c656b92f4dd1ae482ade,,,,picasso-trim-v305,現在表示から参照なし。受領ZIPから再生成される,,False
master/pokemon/0354/face.webp,未使用・復元対象,13670,1ef9cf0163672187244fba7d160c9bb0aa7cc30c92187382c7ea871331f0bafa,,,,picasso-trim-v305,現在表示から参照なし。受領ZIPから再生成される,,False
master/pokemon/0359/face.webp,未使用・復元対象,11218,eb4f1643ffa0c0f3a68816385a3ed658a953a701048e9a586c473cc8ece883d5,,,,picasso-trim-v305,現在表示から参照なし。受領ZIPから再生成される,,False
master/pokemon/0360/face.webp,未使用・復元対象,18636,c427e59c411748ec2e70f85b8648554f22b9cd80223b5112992c0035164587f5,,,,picasso-trim-v305,現在表示から参照なし。受領ZIPから再生成される,,False
master/pokemon/0363/face.webp,未使用・復元対象,14566,f11d408160a3370e72cbc6296de5b914a98390e038903721b2f18d914d612b04,,,,picasso-trim-v305,現在表示から参照なし。受領ZIPから再生成される,,False
master/pokemon/0364/face.webp,未使用・復元対象,13742,d2a1864ced6352f2f523f451b58bfb5fc1e1037b5003f25ee98a10042d3f5d83,,,,picasso-trim-v305,現在表示から参照なし。受領ZIPから再生成される,,False
master/pokemon/0365/face.webp,未使用・復元対象,16088,509627836de1858137f4ec3d6853ca1f9d784e8e13a03255a1d0ba02d74226b1,,,,picasso-trim-v305,現在表示から参照なし。受領ZIPから再生成される,,False
master/pokemon/0371/face.webp,未使用・復元対象,14246,b4ae67266015b6739cb46093d22ab9bd359f0fafb2d66f22f48557fcaff63f29,,,,picasso-trim-v305,現在表示から参照なし。受領ZIPから再生成される,,False
master/pokemon/0372/face.webp,未使用・復元対象,14168,d9252a3271e94aaf9a601bcbbfb817fd6beafdf58c2be3f56a7c26fe9da67e7f,,,,picasso-trim-v305,現在表示から参照なし。受領ZIPから再生成される,,False
master/pokemon/0373/face.webp,未使用・復元対象,23624,0b58e8acfdffe6e24941b89937e800abdc5364bdff011d831e729e10cf58f359,,,,picasso-trim-v305,現在表示から参照なし。受領ZIPから再生成される,,False
master/pokemon/0387/face.webp,未使用・復元対象,17386,35c4c49db1d89f26b1a51e011069dc8ebe6e7d22ac5fda5f05639b2ff02979e8,,,,picasso-trim-v305,現在表示から参照なし。受領ZIPから再生成される,,False
master/pokemon/0388/face.webp,未使用・復元対象,24270,7bca69762f7ebfef37e461b37ff5b584032bda20a167e1ee9eb76d6bd3167758,,,,picasso-trim-v305,現在表示から参照なし。受領ZIPから再生成される,,False
master/pokemon/0389/face.webp,未使用・復元対象,20796,7001bd6f8b6454ffa67d4fbd593403b371b1f00ba8ac9b818fa935e78d0dbc49,,,,picasso-trim-v305,現在表示から参照なし。受領ZIPから再生成される,,False
master/pokemon/0390/face.webp,未使用・復元対象,21170,075cd82dde3a698c0cab99d48aa8e120880aba3594cbc7c60536841f4414fe2e,,,,picasso-trim-v305,現在表示から参照なし。受領ZIPから再生成される,,False
master/pokemon/0391/face.webp,未使用・復元対象,24228,f83323ea2813988da853fa7e764900c3b13d10e3745bb7717620b83295a485a0,,,,picasso-trim-v305,現在表示から参照なし。受領ZIPから再生成される,,False
master/pokemon/0392/face.webp,未使用・復元対象,18292,1f621a436ebf0e54109b0b2f5e4ceaba3fd1f5582d6a5f0e056a4f5fcca2c6e7,,,,picasso-trim-v305,現在表示から参照なし。受領ZIPから再生成される,,False
master/pokemon/0393/face.webp,未使用・復元対象,18198,53a9b49c2f254c886b0b5e4bd5c8b7b9e5cd5d752094d010706806c4656fec7e,,,,picasso-trim-v305,現在表示から参照なし。受領ZIPから再生成される,,False
master/pokemon/0394/face.webp,未使用・復元対象,19216,369149c487ac9f6ed113869d92a647576551330acba1f4e9d1bcd78b7044dc59,,,,picasso-trim-v305,現在表示から参照なし。受領ZIPから再生成される,,False
master/pokemon/0395/face.webp,未使用・復元対象,21074,d44719b0548e22cbba5a7d02766fd308a3164891270b34f70843b8d8493ba9e1,,,,picasso-trim-v305,現在表示から参照なし。受領ZIPから再生成される,,False
master/pokemon/0403/face.webp,未使用・復元対象,20580,197c9c13f9ceb9ff644c814965c47ac837d4c487cb5ca935b39bf387ee01b2e8,,,,picasso-trim-v305,現在表示から参照なし。受領ZIPから再生成される,,False
master/pokemon/0404/face.webp,未使用・復元対象,22080,2a3a65af611da93374ae80265e94a9b00a68f7b7cb83e731444fe8b077d5fc94,,,,picasso-trim-v305,現在表示から参照なし。受領ZIPから再生成される,,False
master/pokemon/0405/face.webp,未使用・復元対象,17532,1d9cb7d7ac36c5e056048e3301fd48cfec0bf7265a2333e22af3b3fe78d98089,,,,picasso-trim-v305,現在表示から参照なし。受領ZIPから再生成される,,False
master/pokemon/0430/face.webp,未使用・復元対象,13426,72de81bcc6a1cecfd4992211306bec55b29f2e59a95f74d804f722feddd84901,,,,picasso-trim-v305,現在表示から参照なし。受領ZIPから再生成される,,False
master/pokemon/0438/face.webp,未使用・復元対象,17808,49a6bf4fae43c2808d810255e20fb0347fc9a0684e987d42c7661e78288e7292,,,,picasso-trim-v305,現在表示から参照なし。受領ZIPから再生成される,,False
master/pokemon/0439/face.webp,未使用・復元対象,16886,7d10d0e4f917a9242377be75a841eeec15818b854c75374a982118c3f1c6005e,,,,picasso-trim-v305,現在表示から参照なし。受領ZIPから再生成される,,False
master/pokemon/0440/face.webp,未使用・復元対象,14544,4a448552f027d29ff6002611a08bd24087415eab56fd682fb4e4f02e74becea0,,,,picasso-trim-v305,現在表示から参照なし。受領ZIPから再生成される,,False
master/pokemon/0442/face.webp,未使用・復元対象,25994,10e8e542fb745fc20cfd3e25002185b0dbef763d2af52870dba11bacba7e6372,,,,picasso-trim-v305,現在表示から参照なし。受領ZIPから再生成される,,False
master/pokemon/0447/face.webp,未使用・復元対象,18468,736a5a817ae14751a10dae4c4e639ae99f757654b7f97c3fab90a209684567d1,,,,picasso-trim-v305,現在表示から参照なし。受領ZIPから再生成される,,False
master/pokemon/0448/face.webp,未使用・復元対象,16260,2810f0f66b8739bcc320efda91165c0f38fc7c9694496abdcefb131277607f4a,,,,picasso-trim-v305,現在表示から参照なし。受領ZIPから再生成される,,False
master/pokemon/0453/face.webp,未使用・復元対象,20658,11496b63dc1eaab2184454cc6f4fa43a0fc4244097cd30c9b4c2a6e843080766,,,,picasso-trim-v305,現在表示から参照なし。受領ZIPから再生成される,,False
master/pokemon/0454/face.webp,未使用・復元対象,19304,9f33b4ad7af05f523619dc5fc7c3dad9138468ddeeb65a5610fff1ff951b9092,,,,picasso-trim-v305,現在表示から参照なし。受領ZIPから再生成される,,False
master/pokemon/0459/face.webp,未使用・復元対象,11284,7fd2476110e071162938841653879ef1f2202dff13070c5b189738ed161ad3d2,,,,picasso-trim-v305,現在表示から参照なし。受領ZIPから再生成される,,False
master/pokemon/0460/face.webp,未使用・復元対象,5428,7aa6e9aa3d0c3ff7890a173970121fdd8c2d06646094669067803a272297242c,,,,picasso-trim-v305,現在表示から参照なし。受領ZIPから再生成される,,False
master/pokemon/0461/face.webp,未使用・復元対象,22036,f646cde1b80ed917ca23caef985e2e15af59b6ce38c6e946b6e626158380b51e,,,,picasso-trim-v305,現在表示から参照なし。受領ZIPから再生成される,,False
master/pokemon/0462/face.webp,未使用・復元対象,18208,c3fdce450dbe91f4f65f23af98a7d448e9c9e0bc352b5e2251825777af7d9270,,,,picasso-trim-v305,現在表示から参照なし。受領ZIPから再生成される,,False
master/pokemon/0468/face.webp,未使用・復元対象,14876,8ddc5af11312863b3c52b291e5ff5ff1857a8c7f756ee9c8d1c33f0343bc4bca,,,,picasso-trim-v305,現在表示から参照なし。受領ZIPから再生成される,,False
master/pokemon/0470/face.webp,未使用・復元対象,18566,db3a953cd96c3cf2d72d368d56039125585dfe769f22e538c6d0b1b1ccc1104b,,,,picasso-trim-v305,現在表示から参照なし。受領ZIPから再生成される,,False
master/pokemon/0471/face.webp,未使用・復元対象,17198,4641f92019eeee8b0402f6d342bc5603f13f5d93ebcb087cb991d6b232b0ac01,,,,picasso-trim-v305,現在表示から参照なし。受領ZIPから再生成される,,False
master/pokemon/0475/face.webp,未使用・復元対象,14692,5461f27de867d8f1e75b725aff6f4c06a168179de9128c85ffb5bc32beb1e47f,,,,picasso-trim-v305,現在表示から参照なし。受領ZIPから再生成される,,False
master/pokemon/0517/face.webp,未使用・復元対象,12434,9d82b20167e52820c60c4f6009b58233e903765aca582600253f62662323f264,,,,picasso-trim-v305,現在表示から参照なし。受領ZIPから再生成される,,False
master/pokemon/0518/face.webp,未使用・復元対象,12176,53fef76d67530b5df82680fd56a2651395141256c0f5f0d17a52abd29c13f62a,,,,picasso-trim-v305,現在表示から参照なし。受領ZIPから再生成される,,False
master/pokemon/0557/face.webp,未使用・復元対象,17296,182f966f0196d4b2797bf3135e84a888674283cf159f7ace8cf19504a79bacc8,,,,picasso-trim-v305,現在表示から参照なし。受領ZIPから再生成される,,False
master/pokemon/0558/face.webp,未使用・復元対象,20544,ce548a3d09fda0018b6e4ff8a4a0bd796900ad9b14ac2de5a3a55588ae963c6a,,,,picasso-trim-v305,現在表示から参照なし。受領ZIPから再生成される,,False
master/pokemon/0627/face.webp,未使用・復元対象,16630,0c2a3463f7b4f015a91659a53f725b456c7620b30f99bde8859f522b9bd8073d,,,,picasso-trim-v305,現在表示から参照なし。受領ZIPから再生成される,,False
master/pokemon/0628/face.webp,未使用・復元対象,17816,a1a15b64fea47b5c4963dd74ae3f6d48317be976e2b77de4919b2d790b3d11c7,,,,picasso-trim-v305,現在表示から参照なし。受領ZIPから再生成される,,False
master/pokemon/0696/face.webp,未使用・復元対象,17928,fd298554a75c6952f216312ba1fc0b8d21096554f6b40532aab037b8413a7b09,,,,picasso-trim-v305,現在表示から参照なし。受領ZIPから再生成される,,False
master/pokemon/0697/face.webp,未使用・復元対象,21228,880c297d5c20ddfdc56131489b55a8da655096034bd03377c7fd3366ddd22f36,,,,picasso-trim-v305,現在表示から参照なし。受領ZIPから再生成される,,False
master/pokemon/0700/face.webp,未使用・復元対象,14968,501060419355a6c7abf3b0313b77273673a754347410bd8fcd248716a59140a0,,,,picasso-trim-v305,現在表示から参照なし。受領ZIPから再生成される,,False
master/pokemon/0701/face.webp,未使用・復元対象,20744,dd0450774adf8fa27a7266b3f7a7241c74f0aed0239125c2af8e34a1bfeb3a8e,,,,picasso-trim-v305,現在表示から参照なし。受領ZIPから再生成される,,False
master/pokemon/0702/face.webp,未使用・復元対象,20618,6960e77cb1169faa1965258fcede532caad8ac5cc250867a2c90b59c9bdcc294,,,,picasso-trim-v305,現在表示から参照なし。受領ZIPから再生成される,,False
master/pokemon/0714/face.webp,未使用・復元対象,21442,bf594c5cb59055c0268501160d2d3e5a9014dd1c7ff9a449f21c279e8865ad4d,,,,picasso-trim-v305,現在表示から参照なし。受領ZIPから再生成される,,False
master/pokemon/0715/face.webp,未使用・復元対象,24016,7b48dc64dcfb76787ea79eb8d26f72ba0ba88a4f573a9299b00fec3327f64226,,,,picasso-trim-v305,現在表示から参照なし。受領ZIPから再生成される,,False
master/pokemon/0736/face.webp,未使用・復元対象,19318,2bfee2206cf7115e5e33098d02566902614b891f14921ac10d4adf94c91af422,,,,picasso-trim-v305,現在表示から参照なし。受領ZIPから再生成される,,False
master/pokemon/0737/face.webp,未使用・復元対象,11018,904f4648fc4868805ab1e9f137c9b77a3e3dec2282567ee07da175cde08e69ce,,,,picasso-trim-v305,現在表示から参照なし。受領ZIPから再生成される,,False
master/pokemon/0738/face.webp,未使用・復元対象,14958,987fdc80eee0a8894fc1946734ab62fa792da79c97affe74971ebc4c6f6769ca,,,,picasso-trim-v305,現在表示から参照なし。受領ZIPから再生成される,,False
master/pokemon/0742/face.webp,未使用・復元対象,14018,7682f88cd4ca361e0bacc23ae973d4a6e0e72aac2457eff7f5889d0e079375e0,,,,picasso-trim-v305,現在表示から参照なし。受領ZIPから再生成される,,False
master/pokemon/0743/face.webp,未使用・復元対象,15430,e8bd9a8861172aa3365d3f52c6123cd7cd37b7280328c83ab17a9923b8710984,,,,picasso-trim-v305,現在表示から参照なし。受領ZIPから再生成される,,False
master/pokemon/0759/face.webp,未使用・復元対象,9974,d9b1ca42197baeb821d2d03eda04b0a447b258f1e9bdb8d16a128cc6f08d499f,,,,picasso-trim-v305,現在表示から参照なし。受領ZIPから再生成される,,False
master/pokemon/0760/face.webp,未使用・復元対象,7142,8ef5fabcacac2ef5873f36bc72a8de29c6b8cb226ad5e4f896bcee72e2c9666f,,,,picasso-trim-v305,現在表示から参照なし。受領ZIPから再生成される,,False
master/pokemon/0764/face.webp,未使用・復元対象,12470,7667820cd392be02ee98e00c576a510bf0eaf0fd3b11361c005d91a4a46363c0,,,,picasso-trim-v305,現在表示から参照なし。受領ZIPから再生成される,,False
master/pokemon/0780/face.webp,未使用・復元対象,11140,97fbc0499cd5a7d143223686f6db9dff185d59cb96c2396a8cb21608393823de,,,,picasso-trim-v305,現在表示から参照なし。受領ZIPから再生成される,,False
master/pokemon/0845/face.webp,未使用・復元対象,10722,66f0404b1792bdaaf79bc4423b9d7163c80356c3fb6f8bcae89fa3299ec860f0,,,,picasso-trim-v305,現在表示から参照なし。受領ZIPから再生成される,,False
master/pokemon/0848/face.webp,未使用・復元対象,12498,0f07cf17a6a6fc6675788e958f8a674963333c5643a84ec67150371fa0709d9c,,,,picasso-trim-v305,現在表示から参照なし。受領ZIPから再生成される,,False
master/pokemon/0906/face.webp,未使用・復元対象,13686,0d5ff7b7bb4bbff98355ac57ae366554ddab306d22814778533157bb7570f0ab,,,,picasso-trim-v305,現在表示から参照なし。受領ZIPから再生成される,,False
master/pokemon/0907/face.webp,未使用・復元対象,12934,3d93d99e0d6ead0239797795e496bb4de8e179e203c6ffdd19589c81e74ea26f,,,,picasso-trim-v305,現在表示から参照なし。受領ZIPから再生成される,,False
master/pokemon/0908/face.webp,未使用・復元対象,12260,5609eb7adb9f321b1d625b735badd5ca500cdf0fa9d14b6eaeb6ea703cab0d85,,,,picasso-trim-v305,現在表示から参照なし。受領ZIPから再生成される,,False
master/pokemon/0909/face.webp,未使用・復元対象,9258,15f67b8b084254e8affa16696740c06af5263a879b005f469a3f24955b9601a5,,,,picasso-trim-v305,現在表示から参照なし。受領ZIPから再生成される,,False
master/pokemon/0910/face.webp,未使用・復元対象,12374,74a6c5c1f273ab62025cf6b4b40e6fb98c5ae298187e32c6d7652669e3cefa10,,,,picasso-trim-v305,現在表示から参照なし。受領ZIPから再生成される,,False
master/pokemon/0911/face.webp,未使用・復元対象,15420,67ceba6696fc47da64f88d57aaa77edb5977c1e8f540c23089883bba8012b294,,,,picasso-trim-v305,現在表示から参照なし。受領ZIPから再生成される,,False
master/pokemon/0912/face.webp,未使用・復元対象,8888,8a2aed250f16e4dac77e354021c33094c680001033d55052ffb989f55a81972c,,,,picasso-trim-v305,現在表示から参照なし。受領ZIPから再生成される,,False
master/pokemon/0913/face.webp,未使用・復元対象,11802,9da9c2ba24e87cb05c6e67d167ebd3bb614e7417deee2c9237f380c86d453283,,,,picasso-trim-v305,現在表示から参照なし。受領ZIPから再生成される,,False
master/pokemon/0914/face.webp,未使用・復元対象,13424,fe2eab2bc6b0099e6c9fe5dd1902a0d43f12b43ab59444e0660393051416f55a,,,,picasso-trim-v305,現在表示から参照なし。受領ZIPから再生成される,,False
master/pokemon/0921/face.webp,未使用・復元対象,12422,859721cb4d1ab9b15aaddd82aa2e95dd0bc22f02636441125b5275196bfe40cd,,,,picasso-trim-v305,現在表示から参照なし。受領ZIPから再生成される,,False
master/pokemon/0922/face.webp,未使用・復元対象,11018,3bef25b91da2240120e26063c44bc0b89382bc5bf983e49cd8e0947dd39c39d4,,,,picasso-trim-v305,現在表示から参照なし。受領ZIPから再生成される,,False
master/pokemon/0923/face.webp,未使用・復元対象,11972,353ad9104542f07b78fddac079f158741243d9eb0bf56926ca49c846471b002d,,,,picasso-trim-v305,現在表示から参照なし。受領ZIPから再生成される,,False
master/pokemon/0957/face.webp,未使用・復元対象,11104,ca53f464cb6b4cb0b516da903f5a8d80717e804a3d2c7048e458ab320af87db5,,,,picasso-trim-v305,現在表示から参照なし。受領ZIPから再生成される,,False
master/pokemon/0958/face.webp,未使用・復元対象,11868,809e0cc31c0f2ed6390f20c052483c9c41fe6d2a46b46264dc79df1a9533f4c0,,,,picasso-trim-v305,現在表示から参照なし。受領ZIPから再生成される,,False
master/pokemon/0959/face.webp,未使用・復元対象,12546,4e859b275e6defe00556181b99f06baa1e80db200f15df0bbbf397cea42d6d73,,,,picasso-trim-v305,現在表示から参照なし。受領ZIPから再生成される,,False
master/pokemon/0974/face.webp,未使用・復元対象,5806,323b4bd2678387128a88128856029b3a0720d4c93b12ad14f5689c419c6205e3,,,,picasso-trim-v305,現在表示から参照なし。受領ZIPから再生成される,,False
master/pokemon/0975/face.webp,未使用・復元対象,8286,7ee325a772182a358ee4ae74a4ff30e0aa48fbb62a366c3147f46ae391bc1f8c,,,,picasso-trim-v305,現在表示から参照なし。受領ZIPから再生成される,,False
master/pokemon/0980/face.webp,未使用・復元対象,8488,fdc5f3a2eb551ee67507f4a0c5bc8df0b66338670e498592b029e58863473a37,,,,picasso-trim-v305,現在表示から参照なし。受領ZIPから再生成される,,False
